rooftop_id,dealer_name,dealer_email,dealer_phone,dealer_address,dealer_city,dealer_region_code,dealer_postal_code,dealer_latitude,dealer_longitude,item_id,vin,stockNumber,condition,year,make,model,sub_model,trim,price,mileage,body_type,exterior_color,interior_color,number_of_doors,number_of_passengers,transmission,drivetrain,engine_displacement,cylinders,fuel_type,description,options,photos,created,certified
g5JXS7yzTf2T0qDda8dM5A,CHILLIWACK MITSUBISHI,,+1 672-784-5040,45510 Yale Rd,Chilliwack,BC,V2P 2M9,49.151131,-121.963743,0xPjJcBNTfm0kEioQMuMVQ,3VV1B7AX9KM169891,UU169891,USED,2019,Volkswagen,Tiguan,Trendline,Trendline,22700,89144,SUV,Blue,,4,,Automatic,FWD,2,4,Gasoline,,Air Conditioning|Alloy Wheels|Backup Camera|Bluetooth Connection|Brake Assist|Cruise Control|Keyless Entry|Power Windows|Smart Device Integration,"https://media.getedealer.com/w_1280,h_960,q_90,c_l,v1/inventory/RHW3SS3P7BHQTAVIE56EPBCUBM.jpg|https://media.getedealer.com/w_1280,h_960,q_90,c_l,v1/inventory/YJ7KNG3ASFARZHM22EQV227NYM.jpg|https://media.getedealer.com/w_1280,h_960,q_90,c_l,v1/inventory/KD5JX73T4ZAZDDIVWUVIMT2JTU.jpg|https://media.getedealer.com/w_1280,h_960,q_90,c_l,v1/inventory/OO7XH4Y6VJCH3I5PNNKPAMKXBA.jpg|https://media.getedealer.com/w_1280,h_960,q_90,c_l,v1/inventory/FNA72B4VPBBUBMICZHTEGMR2YE.jpg|https://media.getedealer.com/w_1280,h_960,q_90,c_l,v1/inventory/7HZAW6EJZZGIJIEYOE42GBUON4.jpg|https://media.getedealer.com/w_1280,h_960,q_90,c_l,v1/inventory/CQNGI2RGQZHILPI6PUN5KD32LY.jpg|https://media.getedealer.com/w_1280,h_960,q_90,c_l,v1/inventory/JMYT62GNVBCUDEPYKWJCEJXA2M.jpg|https://media.getedealer.com/w_1280,h_960,q_90,c_l,v1/inventory/7Y43EXCPTVHY3KVKXI6T4JXNSM.jpg|https://media.getedealer.com/w_1280,h_960,q_90,c_l,v1/inventory/XOUYSUFJNZGDJMGH2JTUGQHV74.jpg|https://media.getedealer.com/w_1280,h_960,q_90,c_l,v1/inventory/GYS6PKCZNFD6XFLHWYAW33C6LM.jpg|https://media.getedealer.com/w_1280,h_960,q_90,c_l,v1/inventory/7Y664V3FABHRHN6CZQYCFNZCTI.jpg|https://media.getedealer.com/w_1280,h_960,q_90,c_l,v1/inventory/DZCBD4WMOFE6NKHABCWC4MHE6M.jpg|https://media.getedealer.com/w_1280,h_960,q_90,c_l,v1/inventory/7M6NNU4KWFCEBEEELSBLIFE6I4.jpg|https://media.getedealer.com/w_1280,h_960,q_90,c_l,v1/inventory/ODZGIGBY3JH4VDY2552KLZNE5Y.jpg|https://media.getedealer.com/w_1280,h_960,q_90,c_l,v1/inventory/ITZXG45ATFH2BML3YV73PULNJ4.jpg|https://media.getedealer.com/w_1280,h_960,q_90,c_l,v1/inventory/ZHV6OC2K2RCOVHNYRIMZFQXN2U.jpg|https://media.getedealer.com/w_1280,h_960,q_90,c_l,v1/inventory/KHPTQBI625FNFCC7GBTJP73RHY.jpg|https://media.getedealer.com/w_1280,h_960,q_90,c_l,v1/inventory/EQZL6NG5HBFSZFRB3GE3XMC56Y.jpg|https://media.getedealer.com/w_1280,h_960,q_90,c_l,v1/inventory/QNAI7RFNE5ACLBSURLP5T4LRGU.jpg|https://media.getedealer.com/w_1280,h_960,q_90,c_l,v1/inventory/K6QBWWOYORCWJMUMHQ7BGCWCQE.jpg|https://media.getedealer.com/w_1280,h_960,q_90,c_l,v1/inventory/HXPQ2NHVNJBJRHEWTSEWMS5PJM.jpg|https://media.getedealer.com/w_1280,h_960,q_90,c_l,v1/inventory/6DL7SHZI2NC4XKH2U26ZN6ZY4U.jpg|https://media.getedealer.com/w_1280,h_960,q_90,c_l,v1/inventory/RKKVZE4SJBETDGYYFT2T73XQYY.jpg",10-02-2025 08:13,FALSE
g5JXS7yzTf2T0qDda8dM5A,CHILLIWACK MITSUBISHI,,+1 672-784-5040,45510 Yale Rd,Chilliwack,BC,V2P 2M9,49.151131,-121.963743,13I8bbxMTqKV2ogw2DPLCg,JA4T5UA92SZ616102,MI616102,NEW,2025,Mitsubishi,Outlander Plug-In Hybrid,ES,ES S-AWC,45498,30,SUV,Blue,,4,,Automatic,4Ã—4,2.4,4,Gasoline / Electric Hybrid,,Air Conditioning|Alloy Wheels|Backup Camera|Bluetooth Connection|Brake Assist|Cruise Control|Heated Seats|Keyless Entry|Lane Assist|Parking Sensors|Power Windows|Satellite Radio|Smart Device Integration,"https://media.getedealer.com/w_1280,h_960,q_90,c_l,v1/inventory/TINI6CC37FBLHNFT6Z5WVRD6XI.jpg|https://media.getedealer.com/w_1280,h_960,q_90,c_l,v1/inventory/3KM6EIUWSVHDRETJU35XIKVTWU.jpg|https://media.getedealer.com/w_1280,h_960,q_90,c_l,v1/inventory/ULHSMKOJFVBYHB6NYMUE7Y66KU.jpg|https://media.getedealer.com/w_1280,h_960,q_90,c_l,v1/inventory/CUWOUNCACZDWRJYACCBO5QOEFY.jpg|https://media.getedealer.com/w_1280,h_960,q_90,c_l,v1/inventory/YKETJLIH2ND5BNLLHGHMZG2KNU.jpg|https://media.getedealer.com/w_1280,h_960,q_90,c_l,v1/inventory/J2YBLCMYSVGV3FQLN2YGL7KQ5E.jpg|https://media.getedealer.com/w_1280,h_960,q_90,c_l,v1/inventory/2ITKXJDUXJB4PPPWBNTZUSU4SM.jpg|https://media.getedealer.com/w_1280,h_960,q_90,c_l,v1/inventory/ALMI6ASFJFHTHMLUY7JHEYPZRA.jpg|https://media.getedealer.com/w_1280,h_960,q_90,c_l,v1/inventory/QISJJDHM2FFWRHNEQOH2KSL254.jpg|https://media.getedealer.com/w_1280,h_960,q_90,c_l,v1/inventory/N5DIM7CHMNHWPJ7V2VGXOF3LWI.jpg|https://media.getedealer.com/w_1280,h_960,q_90,c_l,v1/inventory/LRHITDPAQ5GKZLCZPWLK2WLKCQ.jpg|https://media.getedealer.com/w_1280,h_960,q_90,c_l,v1/inventory/4ZFL2MZNN5GZHICXM2UVURZ7SM.jpg|https://media.getedealer.com/w_1280,h_960,q_90,c_l,v1/inventory/JFW4YOAIVFGMLIGPLPJFHTZ5PA.jpg|https://media.getedealer.com/w_1280,h_960,q_90,c_l,v1/inventory/F7E63WRB7FCOHESAA4PH4XTIEI.jpg|https://media.getedealer.com/w_1280,h_960,q_90,c_l,v1/inventory/XFN5A4G23RDHXM4ODT2OFUWX6E.jpg|https://media.getedealer.com/w_1280,h_960,q_90,c_l,v1/inventory/6NFG3B3HIVEV3PURBEUWQLNVN4.jpg|https://media.getedealer.com/w_1280,h_960,q_90,c_l,v1/inventory/BSG42YOV3VCXTF36XYPNARNRKE.jpg|https://media.getedealer.com/w_1280,h_960,q_90,c_l,v1/inventory/L7ECGUWCB5DHDKVOHGRBC7KUTY.jpg|https://media.getedealer.com/w_1280,h_960,q_90,c_l,v1/inventory/FT7ROKMX6NAC3L57PUZ6MTSBEM.jpg|https://media.getedealer.com/w_1280,h_960,q_90,c_l,v1/inventory/Q5JVRW44ORDNLFJ3NQY4KRJGNQ.jpg|https://media.getedealer.com/w_1280,h_960,q_90,c_l,v1/inventory/326TXV3RDVCITGWUFFTEB472XY.jpg|https://media.getedealer.com/w_1280,h_960,q_90,c_l,v1/inventory/AWU3V2WAMZE35CDIHZBSAELXDY.jpg|https://media.getedealer.com/w_1280,h_960,q_90,c_l,v1/inventory/6V5S763QORBCXIJJBRSLZF32MU.jpg|https://media.getedealer.com/w_1280,h_960,q_90,c_l,v1/inventory/5SS52MGHK5FA5FEWKNAGVCQLNY.jpg",10-02-2025 08:15,FALSE
g5JXS7yzTf2T0qDda8dM5A,CHILLIWACK MITSUBISHI,,+1 672-784-5040,45510 Yale Rd,Chilliwack,BC,V2P 2M9,49.151131,-121.963743,1LwDXZ4eTQ6MdNklx5PopA,JA4AHUAU6TU601698,MI601698,NEW,2026,Mitsubishi,RVR,ES,ES FWD,26873,24,SUV,White,,4,,Automatic,FWD,2,4,Gasoline,,Air Conditioning|Backup Camera|Bluetooth Connection|Brake Assist|Cruise Control|Heated Seats|Keyless Entry|Power Windows|Satellite Radio|Smart Device Integration,"https://media.getedealer.com/w_1280,h_960,q_90,c_l,v1/inventory/IQYFJTX5YVAS7GIBUTYSWN5F5Q.jpg|https://media.getedealer.com/w_1280,h_960,q_90,c_l,v1/inventory/SULAICB27NGOFIB3NDXPGVBIZI.jpg|https://media.getedealer.com/w_1280,h_960,q_90,c_l,v1/inventory/3RA2J7BZQFBATGYG6T73V7MTAI.jpg|https://media.getedealer.com/w_1280,h_960,q_90,c_l,v1/inventory/3BT7JXUZFZFZDMUFLGWLXXXT6A.jpg|https://media.getedealer.com/w_1280,h_960,q_90,c_l,v1/inventory/6WUN77HOYRBOZBS63SYGJDOOPM.jpg|https://media.getedealer.com/w_1280,h_960,q_90,c_l,v1/inventory/Q3BEFXQRPBERTCW2MWKXT75NZA.jpg|https://media.getedealer.com/w_1280,h_960,q_90,c_l,v1/inventory/SSUSIGOUCVHTNG5VBRUPA2RX4Y.jpg|https://media.getedealer.com/w_1280,h_960,q_90,c_l,v1/inventory/3PKASHCL35DQRCJFSFLOWJQCX4.jpg|https://media.getedealer.com/w_1280,h_960,q_90,c_l,v1/inventory/QMRU7GGTY5EV5AJAUX7FQEO3XM.jpg|https://media.getedealer.com/w_1280,h_960,q_90,c_l,v1/inventory/7MRBGVC7WNEPZOZ43TV327C654.jpg|https://media.getedealer.com/w_1280,h_960,q_90,c_l,v1/inventory/2VPV7KJRINESBKXHDN5W3D2YLM.jpg|https://media.getedealer.com/w_1280,h_960,q_90,c_l,v1/inventory/XDLV5JL2VZFZ5GU62RMWYGH6IA.jpg|https://media.getedealer.com/w_1280,h_960,q_90,c_l,v1/inventory/MH2T7R5WLNBTRCGZ42R7HJY3II.jpg|https://media.getedealer.com/w_1280,h_960,q_90,c_l,v1/inventory/QU56H42OVFFVNOEVIKHOBW65JA.jpg|https://media.getedealer.com/w_1280,h_960,q_90,c_l,v1/inventory/ULWK422ALZGF3AFRFOLLJ6RMJI.jpg|https://media.getedealer.com/w_1280,h_960,q_90,c_l,v1/inventory/TNIVYTTZZBBDTCSMXKGR26V3FE.jpg|https://media.getedealer.com/w_1280,h_960,q_90,c_l,v1/inventory/MM7T2KWILZAHBGKFOI7Q7I2C24.jpg|https://media.getedealer.com/w_1280,h_960,q_90,c_l,v1/inventory/G3WRLENLMJDYLBTMJHWFYQCEJQ.jpg|https://media.getedealer.com/w_1280,h_960,q_90,c_l,v1/inventory/VWMNJXAK25HMTIJM5VZZQHBT7Q.jpg|https://media.getedealer.com/w_1280,h_960,q_90,c_l,v1/inventory/GIS2S4NTENHXHHMYKUXUYXMPGI.jpg|https://media.getedealer.com/w_1280,h_960,q_90,c_l,v1/inventory/4ZUR65LWPFHDTB35CFZDXZQRUA.jpg|https://media.getedealer.com/w_1280,h_960,q_90,c_l,v1/inventory/2WL5LM6W2JBINFDKGY7HCPEO7Q.jpg|https://media.getedealer.com/w_1280,h_960,q_90,c_l,v1/inventory/ZP6X3J4HGZGDRG226M6VSAYOMM.jpg|https://media.getedealer.com/w_1280,h_960,q_90,c_l,v1/inventory/MY6MAFEXSRHS7BMNCUENBPNR6U.jpg|https://media.getedealer.com/w_1280,h_960,q_90,c_l,v1/inventory/C6S5OI64Q5EZ3AW7AX5BHXBLHE.jpg",12/19/2025 7:33:33,FALSE
g5JXS7yzTf2T0qDda8dM5A,CHILLIWACK MITSUBISHI,,+1 672-784-5040,45510 Yale Rd,Chilliwack,BC,V2P 2M9,49.151131,-121.963743,1lCALnRtR6qc80T47j5Myg,XLDAGL94D494,UU94D494,USED,2001,WELLCRAFT,EXCEL,NA,,10950,1,,,,,,,,,,,,,,12-06-2025 07:33,FALSE
g5JXS7yzTf2T0qDda8dM5A,CHILLIWACK MITSUBISHI,,+1 672-784-5040,45510 Yale Rd,Chilliwack,BC,V2P 2M9,49.151131,-121.963743,1rXcmwltQTaS1zYW8Ar1MA,5UXFG2C52DL786959,UU786959,USED,2013,BMW,X6,35i,AWD 4dr 35i,23750,174417,SUV,White,,4,,Automatic,AWD,3,6,Gasoline,,Air Conditioning|Alloy Wheels|Backup Camera|Bluetooth Connection|Brake Assist|Cruise Control|Heated Seats|Leather Seats|Parking Sensors|Power Seats|Power Windows|Sunroof / Moonroof,"https://media.getedealer.com/w_1280,h_960,q_90,c_l,v1/inventory/RG7BBPVLFFBWVK36W5IFDDDASY.jpg|https://media.getedealer.com/w_1280,h_960,q_90,c_l,v1/inventory/JDYLMJEYIVEFBNLHLU5ZEHSGOQ.jpg|https://media.getedealer.com/w_1280,h_960,q_90,c_l,v1/inventory/JTS57QRX4ZG2DGSFGKHT7X6YAU.jpg|https://media.getedealer.com/w_1280,h_960,q_90,c_l,v1/inventory/N275WPYCQNFJHPCQORNI34DEZY.jpg|https://media.getedealer.com/w_1280,h_960,q_90,c_l,v1/inventory/X47X7CYKCNGCDB7RYNQX6EH7ZA.jpg|https://media.getedealer.com/w_1280,h_960,q_90,c_l,v1/inventory/2NUFKVEZWVHKBI4H3YY665XZDY.jpg|https://media.getedealer.com/w_1280,h_960,q_90,c_l,v1/inventory/5754QQRDRBFEPEBZHVNXZ2C7ZM.jpg|https://media.getedealer.com/w_1280,h_960,q_90,c_l,v1/inventory/IW5IIKH3CBADZNMSSPWTP2PBJY.jpg|https://media.getedealer.com/w_1280,h_960,q_90,c_l,v1/inventory/3UUUIGWU5NAMPPILEOOIDZ6UWU.jpg|https://media.getedealer.com/w_1280,h_960,q_90,c_l,v1/inventory/7WXFTFOUVRGN5KGQAAP662OIKE.jpg|https://media.getedealer.com/w_1280,h_960,q_90,c_l,v1/inventory/GMVWQVCWVNGTVHAAUQFZQ7GKXA.jpg|https://media.getedealer.com/w_1280,h_960,q_90,c_l,v1/inventory/OHVNU3G7V5BFZHGKNJXMLISLPU.jpg|https://media.getedealer.com/w_1280,h_960,q_90,c_l,v1/inventory/PY3KFABW7RFIVI6GMVOSKXQKXI.jpg|https://media.getedealer.com/w_1280,h_960,q_90,c_l,v1/inventory/ZWBJYD7ZGBAEPKAUMPJF44YE3U.jpg|https://media.getedealer.com/w_1280,h_960,q_90,c_l,v1/inventory/53SZL5IVAVCATINAUKBOUGGNLE.jpg|https://media.getedealer.com/w_1280,h_960,q_90,c_l,v1/inventory/VCHBAJKGZZEBROFQQ7HKTKUBOM.jpg|https://media.getedealer.com/w_1280,h_960,q_90,c_l,v1/inventory/KAMLINHMJVBD7NK2AJLGLFYKQU.jpg|https://media.getedealer.com/w_1280,h_960,q_90,c_l,v1/inventory/RHRSAYUNAZBVDEVIKR426C7TXE.jpg|https://media.getedealer.com/w_1280,h_960,q_90,c_l,v1/inventory/4IVHKKTFGNETXBGCEPZDDIRM2M.jpg|https://media.getedealer.com/w_1280,h_960,q_90,c_l,v1/inventory/MXBG5JGWOJBULBL674EH52HTDE.jpg|https://media.getedealer.com/w_1280,h_960,q_90,c_l,v1/inventory/RJSGQIVWPZGANEVYHMAPNN72GM.jpg|https://media.getedealer.com/w_1280,h_960,q_90,c_l,v1/inventory/UQNAXDJHHNANZAD7SSF7F4JEOQ.jpg|https://media.getedealer.com/w_1280,h_960,q_90,c_l,v1/inventory/Y4MMSDQ7INBU7C24ML4MW3LX4I.jpg|https://media.getedealer.com/w_1280,h_960,q_90,c_l,v1/inventory/PFT3NBK4PVAV3ENYG7OKVWC7AI.jpg",10-02-2025 08:14,FALSE
g5JXS7yzTf2T0qDda8dM5A,CHILLIWACK MITSUBISHI,,+1 672-784-5040,45510 Yale Rd,Chilliwack,BC,V2P 2M9,49.151131,-121.963743,2GC0wZzmRe2vxccDP5XxfQ,JN8AS58V79W168440,UU168440,USED,2009,Nissan,Rogue,SL,AWD 4dr SL,4750,264552,SUV,Black,Black,4,,Automatic,AWD,2.5,4,Gasoline,,Air Conditioning|Alloy Wheels|Brake Assist|Cruise Control|Keyless Entry|Power Windows,"https://media.getedealer.com/w_1280,h_960,q_90,c_l,v1/inventory/BMQSOY3GNRHN5KPZWNKKADL7KI.jpg|https://media.getedealer.com/w_1280,h_960,q_90,c_l,v1/inventory/XWSNBVCSXNF7BJWYL77P37HKZY.jpg|https://media.getedealer.com/w_1280,h_960,q_90,c_l,v1/inventory/CHSFDMNVEJB5RJLBZ33N6JVN3U.jpg|https://media.getedealer.com/w_1280,h_960,q_90,c_l,v1/inventory/RGTQ3ZJZQBBFTNGG2JRAX522LI.jpg|https://media.getedealer.com/w_1280,h_960,q_90,c_l,v1/inventory/JUOZDSAWGNAQFPIWJQXAB2FRM4.jpg|https://media.getedealer.com/w_1280,h_960,q_90,c_l,v1/inventory/ZNLQVFX2MFBW3LMOTG5J5VNFXY.jpg|https://media.getedealer.com/w_1280,h_960,q_90,c_l,v1/inventory/WYUNDHN54VDHRL47ZXIWBWTBAI.jpg|https://media.getedealer.com/w_1280,h_960,q_90,c_l,v1/inventory/4MUNSJKH6NHYVC35BIWNSHAANU.jpg|https://media.getedealer.com/w_1280,h_960,q_90,c_l,v1/inventory/E3TC5GNUCZF7TN5T35VVRII5EQ.jpg|https://media.getedealer.com/w_1280,h_960,q_90,c_l,v1/inventory/ZL6SS5NJTZAWVM4WC2WF4HZP3U.jpg|https://media.getedealer.com/w_1280,h_960,q_90,c_l,v1/inventory/OJHI7OWNPBCMFPTJVISAC7R5PI.jpg|https://media.getedealer.com/w_1280,h_960,q_90,c_l,v1/inventory/JSR63WANABASHH6Z6RYM7X35CY.jpg|https://media.getedealer.com/w_1280,h_960,q_90,c_l,v1/inventory/7SRP3YDCNJEBNKZD3JMWLIDOGQ.jpg|https://media.getedealer.com/w_1280,h_960,q_90,c_l,v1/inventory/6AM5CA6OURH2XCWD7IRNUGUIHE.jpg|https://media.getedealer.com/w_1280,h_960,q_90,c_l,v1/inventory/AITHHN34ABBWTD3G2ZKOQTRF2U.jpg|https://media.getedealer.com/w_1280,h_960,q_90,c_l,v1/inventory/KENEBDCS35DFPNARUUZ7MYSLHA.jpg|https://media.getedealer.com/w_1280,h_960,q_90,c_l,v1/inventory/2TO4PLEYCJEAJBBASUEX5NNCOA.jpg|https://media.getedealer.com/w_1280,h_960,q_90,c_l,v1/inventory/PTDXK3RNT5GVLJ7LIAT6O2IFW4.jpg|https://media.getedealer.com/w_1280,h_960,q_90,c_l,v1/inventory/Z6XWE3Y7GZATNPBO7A5SGMCYS4.jpg|https://media.getedealer.com/w_1280,h_960,q_90,c_l,v1/inventory/GHQHES7ODNG5TAGMQ3CFZOY3UM.jpg|https://media.getedealer.com/w_1280,h_960,q_90,c_l,v1/inventory/CJ4DWZF7NRD3PFDQ3AOOOPGP7Q.jpg|https://media.getedealer.com/w_1280,h_960,q_90,c_l,v1/inventory/V4FGMDH66VBDJFALZ6V2EH5LBI.jpg|https://media.getedealer.com/w_1280,h_960,q_90,c_l,v1/inventory/OBBU7C3SDRFKLAQ3M5K5N7SQSE.jpg|https://media.getedealer.com/w_1280,h_960,q_90,c_l,v1/inventory/2WG5CI5AMZDYFESUW7USFXUIMQ.jpg",10-02-2025 08:15,FALSE
g5JXS7yzTf2T0qDda8dM5A,CHILLIWACK MITSUBISHI,,+1 672-784-5040,45510 Yale Rd,Chilliwack,BC,V2P 2M9,49.151131,-121.963743,2kuZuzveSwiGJLOpxoY8Ew,2FMPK4K93MBA41363,UUA41363,USED,2021,Ford,Edge,Titanium,Titanium AWD,30700,50876,SUV,Silver,,4,,Automatic,AWD,2,4,Gasoline,,Air Conditioning|Alloy Wheels|Backup Camera|Bluetooth Connection|Brake Assist|Cruise Control|Heated Seats|Keyless Entry|Lane Assist|Leather Seats|Parking Sensors|Power Seats|Power Windows|Remote Start|Satellite Radio|Smart Device Integration|Wi-Fi Hotspot,"https://media.getedealer.com/w_1280,h_960,q_90,c_l,v1/inventory/M2PL254RLRCXHC6ZRMSVZ2V5GI.jpg|https://media.getedealer.com/w_1280,h_960,q_90,c_l,v1/inventory/UOJO7JOXJZDE3DUVT4WFKYHD6Y.jpg|https://media.getedealer.com/w_1280,h_960,q_90,c_l,v1/inventory/UXZEAA6RPVGLFIW7WWPW4FQEKM.jpg|https://media.getedealer.com/w_1280,h_960,q_90,c_l,v1/inventory/2UULWJWSDZHRRFDRSOYMHREXBA.jpg|https://media.getedealer.com/w_1280,h_960,q_90,c_l,v1/inventory/IBWYSJGLAJB2NHHRD7TUOAEI6Q.jpg|https://media.getedealer.com/w_1280,h_960,q_90,c_l,v1/inventory/SX2P2QQMTFGS7LYKC3VPMHA27I.jpg|https://media.getedealer.com/w_1280,h_960,q_90,c_l,v1/inventory/ZMIDUXGYVFDIZHHMCU7NI3URCA.jpg|https://media.getedealer.com/w_1280,h_960,q_90,c_l,v1/inventory/7TC7EY6Q6NENPLBFWRXHQSRURU.jpg|https://media.getedealer.com/w_1280,h_960,q_90,c_l,v1/inventory/TVDSSXAT2RGBRKSI3YHT7DT5KQ.jpg|https://media.getedealer.com/w_1280,h_960,q_90,c_l,v1/inventory/I3UXPEIGEBACRHMTWCSU6LTRVQ.jpg|https://media.getedealer.com/w_1280,h_960,q_90,c_l,v1/inventory/D7RHEFO6UVDBDIXWGIGLYHZJHE.jpg|https://media.getedealer.com/w_1280,h_960,q_90,c_l,v1/inventory/V4LN7R4VHNGK5BETDWRY7ID43I.jpg|https://media.getedealer.com/w_1280,h_960,q_90,c_l,v1/inventory/2NDXAOPAZ5GFVCPFWPBSG6X5UY.jpg|https://media.getedealer.com/w_1280,h_960,q_90,c_l,v1/inventory/MRAF3RUZBBCT5LGS7XLMLHEVZM.jpg|https://media.getedealer.com/w_1280,h_960,q_90,c_l,v1/inventory/I6C7OVGNJNB3VCC4SCAIGPEQAY.jpg|https://media.getedealer.com/w_1280,h_960,q_90,c_l,v1/inventory/OGWCETLE5ZEK3AYVNZ5A2Y43KM.jpg|https://media.getedealer.com/w_1280,h_960,q_90,c_l,v1/inventory/ACWTDP2WNVEL5GHZDYQ7MQPDNE.jpg|https://media.getedealer.com/w_1280,h_960,q_90,c_l,v1/inventory/6GIVY4CGJBDO7FG5LU637XV34Q.jpg|https://media.getedealer.com/w_1280,h_960,q_90,c_l,v1/inventory/AOWLIBTPTRE4ZBABJ4UJ7RQFUA.jpg|https://media.getedealer.com/w_1280,h_960,q_90,c_l,v1/inventory/MYXBXR6VXRHSDFGR7NY4NND2VE.jpg|https://media.getedealer.com/w_1280,h_960,q_90,c_l,v1/inventory/7BQFLEELIZHZPM4I523FGDBZMI.jpg|https://media.getedealer.com/w_1280,h_960,q_90,c_l,v1/inventory/2ZQH6CSEGRENFL6N27UN5WSZLY.jpg|https://media.getedealer.com/w_1280,h_960,q_90,c_l,v1/inventory/TNWUGA7GLJEQJC3MAYUBV5H26M.jpg|https://media.getedealer.com/w_1280,h_960,q_90,c_l,v1/inventory/WOQUSYKR2RESFCND57VV4CHCKE.jpg|https://media.getedealer.com/w_1280,h_960,q_90,c_l,v1/inventory/SOUD4XCHDJGEBB4TOD62FXWDBY.jpg",11/28/2025 8:08:57,FALSE
g5JXS7yzTf2T0qDda8dM5A,CHILLIWACK MITSUBISHI,,+1 672-784-5040,45510 Yale Rd,Chilliwack,BC,V2P 2M9,49.151131,-121.963743,2s7HUz1gQGqmw6S9eKyvXA,2T1BR32E13C743351,UU743351,USED,2003,Toyota,Corolla,CE,4dr Sdn CE Auto,4950,267426,Sedan,Silver,,4,,,FWD,1.8,4,Gasoline,,,,01-07-2026 07:35,FALSE
g5JXS7yzTf2T0qDda8dM5A,CHILLIWACK MITSUBISHI,,+1 672-784-5040,45510 Yale Rd,Chilliwack,BC,V2P 2M9,49.151131,-121.963743,3JPqfqOnQh6iuu0NXwVutw,WAUC4CF59KA013670,UU013670,USED,2019,Audi,S5 Sportback,Technik,Technik 3.0 TFSI quattro,42650,98441,Sedan,White,,4,,Automatic,AWD,3,6,Gasoline,,Air Conditioning|Alloy Wheels|Backup Camera|Bluetooth Connection|Brake Assist|Cruise Control|Heated Seats|Keyless Entry|Lane Assist|Leather Seats|Navigation System|Parking Sensors|Power Seats|Power Windows|Satellite Radio|Smart Device Integration|Sunroof / Moonroof,"https://media.getedealer.com/w_1280,h_960,q_90,c_l,v1/inventory/LFCOZ6MLSVDS7NHV5SQAZHMRTU.jpg|https://media.getedealer.com/w_1280,h_960,q_90,c_l,v1/inventory/7AQY2FYHWZG5DD45NNUBDAIVLE.jpg|https://media.getedealer.com/w_1280,h_960,q_90,c_l,v1/inventory/QVPQKYAUNFFFHCQG7S6376AIEU.jpg|https://media.getedealer.com/w_1280,h_960,q_90,c_l,v1/inventory/66FKCAFUTNDUHEHQGGV7MXW3CQ.jpg|https://media.getedealer.com/w_1280,h_960,q_90,c_l,v1/inventory/NXQIE5JIEZAG3CPYXE4J6YERPM.jpg|https://media.getedealer.com/w_1280,h_960,q_90,c_l,v1/inventory/FHENCAYIDFA3VBVXWFUZGU4ZGE.jpg|https://media.getedealer.com/w_1280,h_960,q_90,c_l,v1/inventory/L7ONOBXQV5AFDI74Y7GW6ECN7A.jpg|https://media.getedealer.com/w_1280,h_960,q_90,c_l,v1/inventory/HC5CI6GIYVD4RFXDXCEYH7KHNU.jpg|https://media.getedealer.com/w_1280,h_960,q_90,c_l,v1/inventory/6XHDIAHELFGP3DEVAG5UJIV5UY.jpg|https://media.getedealer.com/w_1280,h_960,q_90,c_l,v1/inventory/XJXVTWLANJEI5JM7QDDEHEHHPA.jpg|https://media.getedealer.com/w_1280,h_960,q_90,c_l,v1/inventory/VO2F3VWJOZG7TAELAFRACT5L2U.jpg|https://media.getedealer.com/w_1280,h_960,q_90,c_l,v1/inventory/MRAKHJPTYBGDTFKAAIABTYGHYI.jpg|https://media.getedealer.com/w_1280,h_960,q_90,c_l,v1/inventory/F7DCOXQZSJAYHBXUCZCUD5MALY.jpg|https://media.getedealer.com/w_1280,h_960,q_90,c_l,v1/inventory/B5J67RKBQFBJRM7I75JPMG7EOA.jpg|https://media.getedealer.com/w_1280,h_960,q_90,c_l,v1/inventory/RB7GQGSU7BG27EXQE7ASK5RIYA.jpg|https://media.getedealer.com/w_1280,h_960,q_90,c_l,v1/inventory/FJ427AFJCNB3ZAROQHKVA6OMHQ.jpg|https://media.getedealer.com/w_1280,h_960,q_90,c_l,v1/inventory/6SMCJONDNNECFHFMYHIHAVYAWQ.jpg|https://media.getedealer.com/w_1280,h_960,q_90,c_l,v1/inventory/PHBE3ITTZZAA3MQ5J743D5NMNQ.jpg|https://media.getedealer.com/w_1280,h_960,q_90,c_l,v1/inventory/7N54NLNCA5CLLMA23QKNPIL6LM.jpg|https://media.getedealer.com/w_1280,h_960,q_90,c_l,v1/inventory/D4CM2Z67HZEVXIER22KSETRBYI.jpg|https://media.getedealer.com/w_1280,h_960,q_90,c_l,v1/inventory/7LLETLJO4ZF3RPCN2UPXCRHDVY.jpg|https://media.getedealer.com/w_1280,h_960,q_90,c_l,v1/inventory/PCYLYU4UPFGTNCO3D4BZHIXVMU.jpg|https://media.getedealer.com/w_1280,h_960,q_90,c_l,v1/inventory/L7R4IHXM2JEBRKUCVED2JR2I3M.jpg|https://media.getedealer.com/w_1280,h_960,q_90,c_l,v1/inventory/ADDPKI3FIFFBJGIWDPH6ZATMXU.jpg",10-07-2025 08:26,FALSE
g5JXS7yzTf2T0qDda8dM5A,CHILLIWACK MITSUBISHI,,+1 672-784-5040,45510 Yale Rd,Chilliwack,BC,V2P 2M9,49.151131,-121.963743,3U6zX8QgRuiLjpQDdltREw,JA4T5WA96SZ608242,MI608242,NEW,2025,Mitsubishi,Outlander Plug-In Hybrid,GT,GT S-AWC,54898,45,SUV,Black,,4,,Automatic,4Ã—4,2.4,4,Gasoline / Electric Hybrid,,Air Conditioning|Alloy Wheels|Backup Camera|Bluetooth Connection|Brake Assist|Cruise Control|Heads Up Display|Heated Seats|Keyless Entry|Lane Assist|Leather Seats|Navigation System|Parking Sensors|Power Seats|Power Windows|Satellite Radio|Smart Device Integration|Sunroof / Moonroof,"https://media.getedealer.com/w_1280,h_960,q_90,c_l,v1/inventory/ZOP4B4DS4RB67KDBMUWMQYVG2U.jpg|https://media.getedealer.com/w_1280,h_960,q_90,c_l,v1/inventory/4DUSXTGZ5BBH5F2ZKAIJFHUJQM.jpg|https://media.getedealer.com/w_1280,h_960,q_90,c_l,v1/inventory/WOK2NRT575GALIUB7C2WE42GSA.jpg|https://media.getedealer.com/w_1280,h_960,q_90,c_l,v1/inventory/TRI32HX7BZFETEEXKZ7XKPAXCA.jpg|https://media.getedealer.com/w_1280,h_960,q_90,c_l,v1/inventory/FHMNTZ45TVBFHGSHIBYEBC3YE4.jpg|https://media.getedealer.com/w_1280,h_960,q_90,c_l,v1/inventory/JTZ7L5U6KNCH5MGVKLUR4SQ2AA.jpg|https://media.getedealer.com/w_1280,h_960,q_90,c_l,v1/inventory/SQJ33ICZUVG7NDZLCSVP2G3QRM.jpg|https://media.getedealer.com/w_1280,h_960,q_90,c_l,v1/inventory/U7EBBTJ7IJDNZFXK7VD5OIDXCQ.jpg|https://media.getedealer.com/w_1280,h_960,q_90,c_l,v1/inventory/ZOYAIB3ZQRDM3C4BDAXK4APJ3U.jpg|https://media.getedealer.com/w_1280,h_960,q_90,c_l,v1/inventory/ZPB2TO6E7RH47KRDRNQ2Z6DATM.jpg|https://media.getedealer.com/w_1280,h_960,q_90,c_l,v1/inventory/SDEKE3M3DBEUHMJXOJS7KAMC7I.jpg|https://media.getedealer.com/w_1280,h_960,q_90,c_l,v1/inventory/XYXY5U6KJVAH5KN4LTQRU4DE3Q.jpg|https://media.getedealer.com/w_1280,h_960,q_90,c_l,v1/inventory/S53MVHW37BEGFKUMPH74PQLZEU.jpg|https://media.getedealer.com/w_1280,h_960,q_90,c_l,v1/inventory/6MKQFEYUBJGZDKGKY6WXFUYNQM.jpg|https://media.getedealer.com/w_1280,h_960,q_90,c_l,v1/inventory/DSKAVJQFUVCABJGTLZPDY7UGPU.jpg|https://media.getedealer.com/w_1280,h_960,q_90,c_l,v1/inventory/Z5YVGPVDLRHQBG43JJQNZHG7OE.jpg|https://media.getedealer.com/w_1280,h_960,q_90,c_l,v1/inventory/F6USFV2OBZCX5KGPHT3TFS2KYY.jpg|https://media.getedealer.com/w_1280,h_960,q_90,c_l,v1/inventory/OXE6ILNJABBJLMAIXDTR3WYCM4.jpg|https://media.getedealer.com/w_1280,h_960,q_90,c_l,v1/inventory/XLI7YHXHENE4REZBT7YZRW3YFQ.jpg|https://media.getedealer.com/w_1280,h_960,q_90,c_l,v1/inventory/DIPR6VL2RZFXHF6OUKWORE6IJQ.jpg|https://media.getedealer.com/w_1280,h_960,q_90,c_l,v1/inventory/CEUNNC7L75HHRML4TUNPEEYJKQ.jpg|https://media.getedealer.com/w_1280,h_960,q_90,c_l,v1/inventory/5XWK7VHUZJFH7KEC6KACLXMU64.jpg|https://media.getedealer.com/w_1280,h_960,q_90,c_l,v1/inventory/4ROYGYNL3ND7XEF6KMGAS2KEAY.jpg|https://media.getedealer.com/w_1280,h_960,q_90,c_l,v1/inventory/OOY4EL3C7FGY5K6W25I64FQWQY.jpg|https://media.getedealer.com/w_1280,h_960,q_90,c_l,v1/inventory/ZMYBJ6QMWZCTBHV6OVJZ2YPALU.jpg",10-02-2025 08:15,FALSE
g5JXS7yzTf2T0qDda8dM5A,CHILLIWACK MITSUBISHI,,+1 672-784-5040,45510 Yale Rd,Chilliwack,BC,V2P 2M9,49.151131,-121.963743,3YoZCHsHTT23mywulVWqgQ,5XYPGDA37LG650386,UU650386,USED,2020,Kia,Sorento,LX,LX AWD,23950,75883,SUV,Gray,,4,,Automatic,AWD,2.4,4,Gasoline,,Air Conditioning|Alloy Wheels|Backup Camera|Bluetooth Connection|Brake Assist|Cruise Control|Heated Seats|Keyless Entry|Power Windows|Smart Device Integration,"https://media.getedealer.com/w_1280,h_960,q_90,c_l,v1/inventory/F4FF3HOLDBGDBA5LZ4BSIXP4MA.jpg|https://media.getedealer.com/w_1280,h_960,q_90,c_l,v1/inventory/FNO7B4HKWJEVHGABCPCQMNMQ2E.jpg|https://media.getedealer.com/w_1280,h_960,q_90,c_l,v1/inventory/OFEX4NHBL5DYXGV4AHEQNWJA3M.jpg|https://media.getedealer.com/w_1280,h_960,q_90,c_l,v1/inventory/5MVS7AEEVNEE7F2MWUC5SKSO5Y.jpg|https://media.getedealer.com/w_1280,h_960,q_90,c_l,v1/inventory/AVWN4RDOGRGT3PSYUMCIN524ZU.jpg|https://media.getedealer.com/w_1280,h_960,q_90,c_l,v1/inventory/MJTDFZMFYFA2ZMKQ2DMYE2H7CE.jpg|https://media.getedealer.com/w_1280,h_960,q_90,c_l,v1/inventory/KR5ZZ2E7RBDW5IQWXAODI3XI5I.jpg|https://media.getedealer.com/w_1280,h_960,q_90,c_l,v1/inventory/SHB2EJE3QZAFNK4LTZPZ6V5UKE.jpg|https://media.getedealer.com/w_1280,h_960,q_90,c_l,v1/inventory/FVCB4XG4AZHKZC7NZGTQ54SMUQ.jpg|https://media.getedealer.com/w_1280,h_960,q_90,c_l,v1/inventory/4PEUUAXPYBGD7JIKBSTVTX4ANY.jpg|https://media.getedealer.com/w_1280,h_960,q_90,c_l,v1/inventory/QRIWRR4ICZGT3JN54HBZUUVWCQ.jpg|https://media.getedealer.com/w_1280,h_960,q_90,c_l,v1/inventory/U5HRSU7VCRFWLLVOPVJVFMOWDY.jpg|https://media.getedealer.com/w_1280,h_960,q_90,c_l,v1/inventory/CRTEUMDBARAJ5MQ77ONZQDZ3IY.jpg|https://media.getedealer.com/w_1280,h_960,q_90,c_l,v1/inventory/OAQFCTLKFBE7RCDVGFKUMXPPLY.jpg|https://media.getedealer.com/w_1280,h_960,q_90,c_l,v1/inventory/VLM772KJANA7DCUDC3XBCTQSTQ.jpg|https://media.getedealer.com/w_1280,h_960,q_90,c_l,v1/inventory/ZUNCO7EIPVH27NPXRQRZZODQZI.jpg|https://media.getedealer.com/w_1280,h_960,q_90,c_l,v1/inventory/HQCGJICRURC2NIQF7LVCIZENWI.jpg|https://media.getedealer.com/w_1280,h_960,q_90,c_l,v1/inventory/VJG2X2Q73ZD75P3HGTJQNWCHFI.jpg|https://media.getedealer.com/w_1280,h_960,q_90,c_l,v1/inventory/63GKVUU5LVGMJG6RZDLJEOBDNE.jpg|https://media.getedealer.com/w_1280,h_960,q_90,c_l,v1/inventory/N2XEETCDWBAKRF6PDYHEHZG22Q.jpg|https://media.getedealer.com/w_1280,h_960,q_90,c_l,v1/inventory/R3SWX5I6M5GFRP7X4ZCHEXIUXQ.jpg|https://media.getedealer.com/w_1280,h_960,q_90,c_l,v1/inventory/GUGSP6WA75CNFAZVPALHJQFQIU.jpg|https://media.getedealer.com/w_1280,h_960,q_90,c_l,v1/inventory/QL2FYJXQSRENHNULOBHZQJTSII.jpg|https://media.getedealer.com/w_1280,h_960,q_90,c_l,v1/inventory/B6QAVWPMGBAANAIRWJV5L7XW6M.jpg|https://media.getedealer.com/w_1280,h_960,q_90,c_l,v1/inventory/V3IL3SNKJRBZNMMGVOIJAXJDFQ.jpg",10-02-2025 08:14,FALSE
g5JXS7yzTf2T0qDda8dM5A,CHILLIWACK MITSUBISHI,,+1 672-784-5040,45510 Yale Rd,Chilliwack,BC,V2P 2M9,49.151131,-121.963743,3txWieFSTJWVOcWjHPvpAA,1G1BD5SMXG7258224,NA258224,USED,2016,Chevrolet,Cruze,LT,4dr Sdn LT,11250,162536,Sedan,Black,,4,,Manual,FWD,1.4,4,Gasoline,,Air Conditioning|Alloy Wheels|Backup Camera|Bluetooth Connection|Cruise Control|Heated Seats|Keyless Entry|Power Windows|Satellite Radio|Smart Device Integration|Wi-Fi Hotspot,"https://media.getedealer.com/w_1280,h_960,q_90,c_l,v1/inventory/4UZBTSPYA5FFDC6SC5BUSKHV7Q.jpg|https://media.getedealer.com/w_1280,h_960,q_90,c_l,v1/inventory/WQYHVOODVBBMJO2F5ZMCTZMVHA.jpg|https://media.getedealer.com/w_1280,h_960,q_90,c_l,v1/inventory/ZM4YKEVAGVDUZIPKZO7OPKL4QM.jpg|https://media.getedealer.com/w_1280,h_960,q_90,c_l,v1/inventory/MYHGT4DWYRHL3BNLQNXLCI4NSQ.jpg|https://media.getedealer.com/w_1280,h_960,q_90,c_l,v1/inventory/E6SOL6H4HBHBXMIEAFEPXYOBWA.jpg|https://media.getedealer.com/w_1280,h_960,q_90,c_l,v1/inventory/X4RAJXY3FBHZXCQU45P3YTWQE4.jpg|https://media.getedealer.com/w_1280,h_960,q_90,c_l,v1/inventory/HTBDERINRFCC5N2SB3L62T4KOM.jpg|https://media.getedealer.com/w_1280,h_960,q_90,c_l,v1/inventory/V6RRPXBUCJBNND4I2XKRRNCXYI.jpg|https://media.getedealer.com/w_1280,h_960,q_90,c_l,v1/inventory/T7LWRQB525HRRKAFIWGWLP3JAU.jpg|https://media.getedealer.com/w_1280,h_960,q_90,c_l,v1/inventory/PCTVHNXZ6RGFLFPNGBTFBIC2HI.jpg|https://media.getedealer.com/w_1280,h_960,q_90,c_l,v1/inventory/DQB5VCJAXBC45GSKS6LF3GU2GQ.jpg|https://media.getedealer.com/w_1280,h_960,q_90,c_l,v1/inventory/X5RED5PHOVFTRGVT2S7GQBKYCU.jpg|https://media.getedealer.com/w_1280,h_960,q_90,c_l,v1/inventory/KTT4PYDXG5AGDDACIZQFXJSDSM.jpg|https://media.getedealer.com/w_1280,h_960,q_90,c_l,v1/inventory/ENVQ5NR6JBCTTNQHLSDS5EQEHQ.jpg|https://media.getedealer.com/w_1280,h_960,q_90,c_l,v1/inventory/GDPJ7GYYVFBVLHXZ5BFL27WHV4.jpg|https://media.getedealer.com/w_1280,h_960,q_90,c_l,v1/inventory/EZXBL6CXARB3JDVBLVLSUW3ZOA.jpg|https://media.getedealer.com/w_1280,h_960,q_90,c_l,v1/inventory/I3CUYMIYOZDABJABKJT2KJO5DY.jpg|https://media.getedealer.com/w_1280,h_960,q_90,c_l,v1/inventory/XOHOGYSEPZH6TNDEAO6V3SDOQE.jpg|https://media.getedealer.com/w_1280,h_960,q_90,c_l,v1/inventory/BTYV67UKIVHWXP36KG4NPYF37M.jpg|https://media.getedealer.com/w_1280,h_960,q_90,c_l,v1/inventory/T4ZR7LHJORBOJB55O3HKS7KPXE.jpg|https://media.getedealer.com/w_1280,h_960,q_90,c_l,v1/inventory/HJL2NBNTB5BDPPQQR5RP5VJMKE.jpg|https://media.getedealer.com/w_1280,h_960,q_90,c_l,v1/inventory/LCOGL7M2HRALJD3PQLND6OGMCU.jpg",10-02-2025 08:12,FALSE
g5JXS7yzTf2T0qDda8dM5A,CHILLIWACK MITSUBISHI,,+1 672-784-5040,45510 Yale Rd,Chilliwack,BC,V2P 2M9,49.151131,-121.963743,4RoxRMosRPuw4L90yvtejQ,3C4NJDDN5PT550257,UU550257,USED,2023,Jeep,Compass,Trailhawk Elite,Trailhawk Elite 4x4,38750,17042,SUV,Black,,4,,Automatic,4Ã—4,2,4,Gasoline,,Air Conditioning|Alloy Wheels|Bluetooth Connection|Brake Assist|Cruise Control|Heated Seats|Keyless Entry|Lane Assist|Navigation System|Power Windows|Remote Start|Satellite Radio|Smart Device Integration,"https://media.getedealer.com/w_1280,h_960,q_90,c_l,v1/trim/MUMLYCLKYZGKRMKQSYK5VU47HI.jpg|https://media.getedealer.com/w_1280,h_960,q_90,c_l,v1/trim/YV6J7Q2MIRGRLPKEW2RYIXPYIY.jpg|https://media.getedealer.com/w_1280,h_960,q_90,c_l,v1/trim/UX4XLMMW6NFDJP5NDXVFLOMZDQ.jpg|https://media.getedealer.com/w_1280,h_960,q_90,c_l,v1/trim/P6GJJVNTK5FBBOJIZHEYU7SXGI.jpg|https://media.getedealer.com/w_1280,h_960,q_90,c_l,v1/trim/RZIYIVDO7RDJBKL5OFSDNEFOGA.jpg|https://media.getedealer.com/w_1280,h_960,q_90,c_l,v1/trim/346QDXO3ZRFATGJXV6IPYDTWMQ.jpg|https://media.getedealer.com/w_1280,h_960,q_90,c_l,v1/trim/EW4J5SQKVNFVJCFXFWSMX4PBOQ.jpg|https://media.getedealer.com/w_1280,h_960,q_90,c_l,v1/trim/GFM6IVUMHBAGRJG7NWYVC7AFO4.jpg|https://media.getedealer.com/w_1280,h_960,q_90,c_l,v1/trim/C7Y7RDVRXBCRTDVOORTCJI67QY.jpg|https://media.getedealer.com/w_1280,h_960,q_90,c_l,v1/trim/FHHDE5GYMZDW7ANJSHPVRRQBTI.jpg|https://media.getedealer.com/w_1280,h_960,q_90,c_l,v1/trim/3RI2O4CEJZBK5FUKOJRKWLGAWY.jpg|https://media.getedealer.com/w_1280,h_960,q_90,c_l,v1/trim/LUKQKAWEFJHTZGYPZV5SFPV55A.jpg",01-07-2026 07:35,FALSE
g5JXS7yzTf2T0qDda8dM5A,CHILLIWACK MITSUBISHI,,+1 672-784-5040,45510 Yale Rd,Chilliwack,BC,V2P 2M9,49.151131,-121.963743,4oWeMRbCRNaHVoipEQ9RJg,JA4ATVAA1TZ606188,MI606188,NEW,2026,Mitsubishi,Eclipse Cross,SE,SE S-AWC,34773,26,SUV,Gray,,4,,Automatic,4Ã—4,1.5,4,Gasoline,,Air Conditioning|Alloy Wheels|Backup Camera|Bluetooth Connection|Brake Assist|Cruise Control|Heated Seats|Keyless Entry|Lane Assist|Power Windows|Satellite Radio|Smart Device Integration,"https://media.getedealer.com/w_1280,h_960,q_90,c_l,v1/inventory/MMUQYN2KVBHZJISIDL6NAYOWRI.jpg|https://media.getedealer.com/w_1280,h_960,q_90,c_l,v1/inventory/FMIPASWHUBDV3DALFIUNKOXQHM.jpg|https://media.getedealer.com/w_1280,h_960,q_90,c_l,v1/inventory/CUNMM3TS6ZHJZCY7C63ZDR3PYE.jpg|https://media.getedealer.com/w_1280,h_960,q_90,c_l,v1/inventory/TJY6HHKAJRCR5I5UZ5MAQHMTBA.jpg|https://media.getedealer.com/w_1280,h_960,q_90,c_l,v1/inventory/DJYS7GGE7ZB4VAOWPN2VJKTRJI.jpg|https://media.getedealer.com/w_1280,h_960,q_90,c_l,v1/inventory/Y2R6A56VCVBYTCR7L3JBPFG5H4.jpg|https://media.getedealer.com/w_1280,h_960,q_90,c_l,v1/inventory/TLKPXL6JOBDTBDA2UHCOT6OGD4.jpg|https://media.getedealer.com/w_1280,h_960,q_90,c_l,v1/inventory/2OO5BSGDIBGZJOZ27WTQ6BRHMQ.jpg|https://media.getedealer.com/w_1280,h_960,q_90,c_l,v1/inventory/XJGQBB6N4FALTKSETXWTF342PU.jpg|https://media.getedealer.com/w_1280,h_960,q_90,c_l,v1/inventory/BVF5MFNJKNCM5AROPJJANR2YT4.jpg|https://media.getedealer.com/w_1280,h_960,q_90,c_l,v1/inventory/MJZL47IBJFBRXA33FB6E7GBZJU.jpg|https://media.getedealer.com/w_1280,h_960,q_90,c_l,v1/inventory/3HCEBK55QBD5LLKCIHCZIU76PQ.jpg|https://media.getedealer.com/w_1280,h_960,q_90,c_l,v1/inventory/O2BFV7FN35EDVCFH2WZZT3CFLU.jpg|https://media.getedealer.com/w_1280,h_960,q_90,c_l,v1/inventory/K4VKKLY5RVAF3I3RMJ6TUKKJC4.jpg|https://media.getedealer.com/w_1280,h_960,q_90,c_l,v1/inventory/ZOWWBKTNTZAKXJFAXTOXBJCMQM.jpg|https://media.getedealer.com/w_1280,h_960,q_90,c_l,v1/inventory/7JICCKDJ7FENFMLGLOQ5VWIS5Q.jpg|https://media.getedealer.com/w_1280,h_960,q_90,c_l,v1/inventory/WXRVLS4AFJF7JK2ABIH6FLNV2Q.jpg|https://media.getedealer.com/w_1280,h_960,q_90,c_l,v1/inventory/WGH4HFW46VACLDKGJPC7QQUCCI.jpg|https://media.getedealer.com/w_1280,h_960,q_90,c_l,v1/inventory/FOTTCDIZ3ZB77CKXNA36FCQPWE.jpg|https://media.getedealer.com/w_1280,h_960,q_90,c_l,v1/inventory/D7V7NW7PJJG77LHUHN3NSDVWOU.jpg|https://media.getedealer.com/w_1280,h_960,q_90,c_l,v1/inventory/OAKSC2BH5JF6PDMZHLFGIO3FRU.jpg|https://media.getedealer.com/w_1280,h_960,q_90,c_l,v1/inventory/FNXUWFX56RB4HGBVCWTRMK5VHU.jpg|https://media.getedealer.com/w_1280,h_960,q_90,c_l,v1/inventory/PRI7CH2J4RAQVDO24CSVZYVW3U.jpg|https://media.getedealer.com/w_1280,h_960,q_90,c_l,v1/inventory/EEGGN2DXOBAMXJW4MU2S4N7V4E.jpg|https://media.getedealer.com/w_1280,h_960,q_90,c_l,v1/inventory/IMFZH57OBRFN3D72VGXOPRC4DA.jpg",12/31/2025 7:30:54,FALSE
g5JXS7yzTf2T0qDda8dM5A,CHILLIWACK MITSUBISHI,,+1 672-784-5040,45510 Yale Rd,Chilliwack,BC,V2P 2M9,49.151131,-121.963743,4vL2lwdgQOqnd0Z3tzcWpA,2D4CN1AE5AR222526,UU222526,USED,2010,Dodge,Grand Caravan C/V,Other,"119"" WB",6950,191759,Van,Silver,,4,,Automatic,FWD,3.3,6,Gasoline,,Air Conditioning|Brake Assist|Cruise Control|Keyless Entry|Power Windows,"https://media.getedealer.com/w_1280,h_960,q_90,c_l,v1/inventory/J2BGGVKM2NCVDO6W6WLQJ6WUZY.jpg|https://media.getedealer.com/w_1280,h_960,q_90,c_l,v1/inventory/ZQPQU6X5VZFA5LBGZZH7B4RSGE.jpg|https://media.getedealer.com/w_1280,h_960,q_90,c_l,v1/inventory/JRBRVO45IVC6ZNYHLDIFALEKJI.jpg|https://media.getedealer.com/w_1280,h_960,q_90,c_l,v1/inventory/QIVN67MPVZFIBHMOHZJ4SJ7DKU.jpg|https://media.getedealer.com/w_1280,h_960,q_90,c_l,v1/inventory/XA2NJI4CKFFQ7FUO4ESSOVNMZI.jpg|https://media.getedealer.com/w_1280,h_960,q_90,c_l,v1/inventory/ED43XICHEBGAVGPAOH4C5ER6K4.jpg|https://media.getedealer.com/w_1280,h_960,q_90,c_l,v1/inventory/F4ZKHIYLX5BBZMHKE6265OA4DI.jpg|https://media.getedealer.com/w_1280,h_960,q_90,c_l,v1/inventory/N6C3DZBYBVB7PHEIMUN75UUQEM.jpg|https://media.getedealer.com/w_1280,h_960,q_90,c_l,v1/inventory/ZZB57RYG6FFCZEHGJEXAAREDLQ.jpg|https://media.getedealer.com/w_1280,h_960,q_90,c_l,v1/inventory/7NGOU5T62FB47CXSNFOCM2PUJE.jpg|https://media.getedealer.com/w_1280,h_960,q_90,c_l,v1/inventory/MYEFN3WTBZHXJNH4FHNXML7ORU.jpg|https://media.getedealer.com/w_1280,h_960,q_90,c_l,v1/inventory/42BPM6O3JJGO7OXYVTMDL3XG7I.jpg|https://media.getedealer.com/w_1280,h_960,q_90,c_l,v1/inventory/E326RPLBHBDH5J7NJ2G7WHNWII.jpg|https://media.getedealer.com/w_1280,h_960,q_90,c_l,v1/inventory/RCRWKZOVXRE3HJWPIKL6OJKMJM.jpg|https://media.getedealer.com/w_1280,h_960,q_90,c_l,v1/inventory/FBYO2ABEOFE4VFI3FYIO7XGETE.jpg|https://media.getedealer.com/w_1280,h_960,q_90,c_l,v1/inventory/DH73S2B6IBFQNDOMKAXRG57YIY.jpg|https://media.getedealer.com/w_1280,h_960,q_90,c_l,v1/inventory/52FRIHGA6NCI5FRET6BAYZHMUQ.jpg|https://media.getedealer.com/w_1280,h_960,q_90,c_l,v1/inventory/3KDTND7VW5ALDMWJ7VMLDDS7VM.jpg|https://media.getedealer.com/w_1280,h_960,q_90,c_l,v1/inventory/UPI4PMUNUBDJLE4QCTHTZKLLW4.jpg|https://media.getedealer.com/w_1280,h_960,q_90,c_l,v1/inventory/JRKEIJCBEVCXDNCTUBZKGQXQ5I.jpg|https://media.getedealer.com/w_1280,h_960,q_90,c_l,v1/inventory/TMC4EIBNZZGRRKA7PZRART76CI.jpg",10-02-2025 08:13,FALSE
g5JXS7yzTf2T0qDda8dM5A,CHILLIWACK MITSUBISHI,,+1 672-784-5040,45510 Yale Rd,Chilliwack,BC,V2P 2M9,49.151131,-121.963743,5gSJXC9kSwqwaUvR2Bz6PA,2C4RC3FG7NR200245,UU200245,USED,2022,Chrysler,Pacifica,Touring,Touring AWD,42800,43117,Van,Blue,,4,,Automatic,AWD,3.6,6,Gasoline,,Air Conditioning|Alloy Wheels|Bluetooth Connection|Brake Assist|Cruise Control|Heated Seats|Keyless Entry|Lane Assist|Power Seats|Power Windows|Remote Start|Satellite Radio|Smart Device Integration,"https://media.getedealer.com/w_1280,h_960,q_90,c_l,v1/trim/FL365D67HVDWRKTOB77ZT6DOLU.jpg|https://media.getedealer.com/w_1280,h_960,q_90,c_l,v1/trim/C2ITDZVMGVFJNLLOQBRMAJV4QQ.jpg|https://media.getedealer.com/w_1280,h_960,q_90,c_l,v1/trim/NHCIYGSOCJHZRKHTMGP2F3HNWQ.jpg|https://media.getedealer.com/w_1280,h_960,q_90,c_l,v1/trim/WRBKDS27CFCNRGA3R6TXTL5TTA.jpg|https://media.getedealer.com/w_1280,h_960,q_90,c_l,v1/trim/LKUYQ6LJVZFZTKHQX6GWRFN2Y4.jpg|https://media.getedealer.com/w_1280,h_960,q_90,c_l,v1/trim/VGRUKVQYL5EYJCOFX55NGWPMTQ.jpg|https://media.getedealer.com/w_1280,h_960,q_90,c_l,v1/trim/TTPGT7AXGFHSRFL3GODMO5VSTQ.jpg|https://media.getedealer.com/w_1280,h_960,q_90,c_l,v1/trim/LV2YUCLOI5BLFJZ6GTW6K4TNI4.jpg|https://media.getedealer.com/w_1280,h_960,q_90,c_l,v1/trim/AEAQZLAZVZERXJLMDHQSIH7R5A.jpg|https://media.getedealer.com/w_1280,h_960,q_90,c_l,v1/trim/R5V6QBCIJFHNJELCHK7RZQFVIE.jpg|https://media.getedealer.com/w_1280,h_960,q_90,c_l,v1/trim/WWABIVEMZVFR7CAPKXQMXYEMRM.jpg|https://media.getedealer.com/w_1280,h_960,q_90,c_l,v1/trim/BARCTCX54ZE43AK55W5CI4WZQM.jpg",11-07-2025 07:10,FALSE
g5JXS7yzTf2T0qDda8dM5A,CHILLIWACK MITSUBISHI,,+1 672-784-5040,45510 Yale Rd,Chilliwack,BC,V2P 2M9,49.151131,-121.963743,5orSpDYcSReQH9wRvBQQvw,2C4RC1BG1HR515377,UU515377,USED,2017,Chrysler,Pacifica,Touring-L,4dr Wgn Touring-L,22000,149952,Van,Gray,Gray,4,,Automatic,FWD,3.6,6,Gasoline,,Air Conditioning|Alloy Wheels|Backup Camera|Bluetooth Connection|Brake Assist|Cruise Control|Heated Seats|Keyless Entry|Leather Seats|Power Seats|Power Windows|Remote Start|Satellite Radio,"https://media.getedealer.com/w_1280,h_960,q_90,c_l,v1/inventory/EUHYURMTFBGZLIDFFDHMCT6NX4.jpg|https://media.getedealer.com/w_1280,h_960,q_90,c_l,v1/inventory/6HIOZ6OBN5DSNLKVBBVVOMJR6U.jpg|https://media.getedealer.com/w_1280,h_960,q_90,c_l,v1/inventory/LQLGQS3YMVGPXM7VXQG6DMSMFY.jpg|https://media.getedealer.com/w_1280,h_960,q_90,c_l,v1/inventory/7ASDXQ23YRE2XBSSC5WZJMFFPE.jpg|https://media.getedealer.com/w_1280,h_960,q_90,c_l,v1/inventory/CLE2Y2SKNRFMPOMMM5R5A5LMFA.jpg|https://media.getedealer.com/w_1280,h_960,q_90,c_l,v1/inventory/2JKWIRCO45G3ZAYATK4WV4L75Q.jpg|https://media.getedealer.com/w_1280,h_960,q_90,c_l,v1/inventory/AAIZDQ6GGVAM5J2PW3IRPJJ3LA.jpg|https://media.getedealer.com/w_1280,h_960,q_90,c_l,v1/inventory/UCU6WF6P2ZBGPKT7Z4TVBQJR6E.jpg|https://media.getedealer.com/w_1280,h_960,q_90,c_l,v1/inventory/TQVS3F3RSBCF5I6X2OZA5NB5HQ.jpg|https://media.getedealer.com/w_1280,h_960,q_90,c_l,v1/inventory/7ZLMKIQ3JFCS7MISQXXURMUMFE.jpg|https://media.getedealer.com/w_1280,h_960,q_90,c_l,v1/inventory/XCZ3QNRVTREYNMH3QWE4UG7R7E.jpg|https://media.getedealer.com/w_1280,h_960,q_90,c_l,v1/inventory/ISITGUX5CNAWJBN5ULVPMETXHM.jpg|https://media.getedealer.com/w_1280,h_960,q_90,c_l,v1/inventory/ZDG6O3TMSFC3HDHZZRWIKHONHM.jpg|https://media.getedealer.com/w_1280,h_960,q_90,c_l,v1/inventory/LIDSPGWQLFCZXCJ6DZSYFCVEJ4.jpg|https://media.getedealer.com/w_1280,h_960,q_90,c_l,v1/inventory/Q3BLU644ZBFW5PV3CH7XVMPALQ.jpg|https://media.getedealer.com/w_1280,h_960,q_90,c_l,v1/inventory/3XCXPPQR6RBGFOZ37GBYNJQJ54.jpg|https://media.getedealer.com/w_1280,h_960,q_90,c_l,v1/inventory/VDM5NXV6NBDLBDE3FL6CGYT7V4.jpg|https://media.getedealer.com/w_1280,h_960,q_90,c_l,v1/inventory/4H5YNWZ7WJFJRGODMSNKILLAJA.jpg|https://media.getedealer.com/w_1280,h_960,q_90,c_l,v1/inventory/FHXB2NFIBFFUHMLILPYP72KZWA.jpg|https://media.getedealer.com/w_1280,h_960,q_90,c_l,v1/inventory/WDT3X5EJXRDNTGXLEYDPXNID2U.jpg|https://media.getedealer.com/w_1280,h_960,q_90,c_l,v1/inventory/TW27SPC6VRDSNCZB2TYH575LOU.jpg|https://media.getedealer.com/w_1280,h_960,q_90,c_l,v1/inventory/FGMLK3T3NNGFFFND5MFEPQDOE4.jpg|https://media.getedealer.com/w_1280,h_960,q_90,c_l,v1/inventory/N6B7UY6AH5HFNHAY7AORKJTYFA.jpg|https://media.getedealer.com/w_1280,h_960,q_90,c_l,v1/inventory/QYZ2YV6CIRDH3LME4QNK5IHFYY.jpg",10-02-2025 08:13,FALSE
g5JXS7yzTf2T0qDda8dM5A,CHILLIWACK MITSUBISHI,,+1 672-784-5040,45510 Yale Rd,Chilliwack,BC,V2P 2M9,49.151131,-121.963743,6C1zb4YgR4ytTGhLeWlSDw,KM8JBCDEXRU321664,AA321664,USED,2024,Hyundai,Tucson,Preferred,Preferred AWD,33450,46588,SUV,Blue,Black,4,,Automatic,AWD,2.5,4,Gasoline,,Air Conditioning|Alloy Wheels|Backup Camera|Bluetooth Connection|Brake Assist|Cruise Control|Heated Seats|Keyless Entry|Lane Assist|Navigation System|Power Windows|Remote Start|Satellite Radio|Smart Device Integration,"https://media.getedealer.com/w_1280,h_960,q_90,c_l,v1/inventory/ZR6GPIRRZJFJNDC75UMLCLX6CE.jpg|https://media.getedealer.com/w_1280,h_960,q_90,c_l,v1/inventory/UOC4OZOSXBFJ5EGR4YRTQHQNVQ.jpg|https://media.getedealer.com/w_1280,h_960,q_90,c_l,v1/inventory/WL6RJMZAAJCVDGTYK267GI2QMI.jpg|https://media.getedealer.com/w_1280,h_960,q_90,c_l,v1/inventory/CVPZC4XMHRA6FJ3CVG6AEFQH3A.jpg|https://media.getedealer.com/w_1280,h_960,q_90,c_l,v1/inventory/D7MDWZHXEJBAPF5EJCKBR3T2YI.jpg|https://media.getedealer.com/w_1280,h_960,q_90,c_l,v1/inventory/SPH3HZRVJZEBBJCWUQ6VSKNNFI.jpg|https://media.getedealer.com/w_1280,h_960,q_90,c_l,v1/inventory/VXQ3LMASFZH4NIG4CPSD7GTPYM.jpg|https://media.getedealer.com/w_1280,h_960,q_90,c_l,v1/inventory/VV24LHB5YZHEXMJ6WPCYOCK434.jpg|https://media.getedealer.com/w_1280,h_960,q_90,c_l,v1/inventory/UVBUJKPGAVBKFGW6ZBBINM4J2I.jpg|https://media.getedealer.com/w_1280,h_960,q_90,c_l,v1/inventory/SPPCHRW72RGHRMGCTFXFRFTCA4.jpg|https://media.getedealer.com/w_1280,h_960,q_90,c_l,v1/inventory/DP7RP45AHRDEXLXW5W52EXN27I.jpg|https://media.getedealer.com/w_1280,h_960,q_90,c_l,v1/inventory/VCZYXT7LLBEVVHWRYST4WU4KHE.jpg|https://media.getedealer.com/w_1280,h_960,q_90,c_l,v1/inventory/6ITZOBGG2FA2XKGONR7XJLKQQM.jpg|https://media.getedealer.com/w_1280,h_960,q_90,c_l,v1/inventory/MUGGUETEEVDKNML4OXHDA4X344.jpg|https://media.getedealer.com/w_1280,h_960,q_90,c_l,v1/inventory/EQCIGXHQXFH57BJG44FMB62N4U.jpg|https://media.getedealer.com/w_1280,h_960,q_90,c_l,v1/inventory/FFVWG3H2WZAPHPAEYHRCPKGURM.jpg|https://media.getedealer.com/w_1280,h_960,q_90,c_l,v1/inventory/HIQQ2F7EDBBJXISG6RKJ6TCDSM.jpg|https://media.getedealer.com/w_1280,h_960,q_90,c_l,v1/inventory/H645J5JZSRAYHGN4M3QGLSMDTU.jpg|https://media.getedealer.com/w_1280,h_960,q_90,c_l,v1/inventory/SMIAJJQMYBGYVIBDO45HZ3BY7A.jpg|https://media.getedealer.com/w_1280,h_960,q_90,c_l,v1/inventory/NOJD5FNYBJGXZJ535423WKGE6E.jpg|https://media.getedealer.com/w_1280,h_960,q_90,c_l,v1/inventory/SDC25QUNBBC6DM5A2VKSLW4CDI.jpg|https://media.getedealer.com/w_1280,h_960,q_90,c_l,v1/inventory/GWK3XOUWBBAFFBZFQ5FY6BCW6M.jpg|https://media.getedealer.com/w_1280,h_960,q_90,c_l,v1/inventory/DJZ6FWB36ZAH7FSNBAMPW4R7FU.jpg|https://media.getedealer.com/w_1280,h_960,q_90,c_l,v1/inventory/AOZBJSK7QFG5PKSNFKJPQ2G5WA.jpg|https://media.getedealer.com/w_1280,h_960,q_90,c_l,v1/inventory/6Q2EEDC6DVEJLAYRQ3CMSNMHUE.jpg",10-02-2025 08:15,FALSE
g5JXS7yzTf2T0qDda8dM5A,CHILLIWACK MITSUBISHI,,+1 672-784-5040,45510 Yale Rd,Chilliwack,BC,V2P 2M9,49.151131,-121.963743,6D9Nm9uBTBuWolelfEnEjA,LYVL12RKXNB899194,NA899194,USED,2022,Volvo,XC60,Momentum,B5 AWD Momentum,36500,78573,SUV,Silver,,4,,Automatic,AWD,2,4,Flex Fuel,,Air Conditioning|Alloy Wheels|Backup Camera|Bluetooth Connection|Brake Assist|Cruise Control|Heated Seats|Keyless Entry|Lane Assist|Parking Sensors|Power Seats|Power Windows|Satellite Radio|Smart Device Integration|Sunroof / Moonroof,"https://media.getedealer.com/w_1280,h_960,q_90,c_l,v1/inventory/RLA5NAUVZNFIDOBJNLH4YAO254.jpg|https://media.getedealer.com/w_1280,h_960,q_90,c_l,v1/inventory/NNGHOMWUKBFMHHWEO24PHQFHRY.jpg|https://media.getedealer.com/w_1280,h_960,q_90,c_l,v1/inventory/ZSFFLA2WKNFHDMZPUMMCKJWNOY.jpg|https://media.getedealer.com/w_1280,h_960,q_90,c_l,v1/inventory/QA3ZFJILYZDLXOK7BDHCD7INAY.jpg|https://media.getedealer.com/w_1280,h_960,q_90,c_l,v1/inventory/MNYGKH6NRRA5LEVZXD4Y67IPMI.jpg|https://media.getedealer.com/w_1280,h_960,q_90,c_l,v1/inventory/YNLUCHSIUNH65FAWMJAG6YKNX4.jpg|https://media.getedealer.com/w_1280,h_960,q_90,c_l,v1/inventory/JVHPT73VKNFLNC3SZUQ6NC3QSM.jpg|https://media.getedealer.com/w_1280,h_960,q_90,c_l,v1/inventory/DIY66GDWBBDBHEXFWC5NA6QIK4.jpg|https://media.getedealer.com/w_1280,h_960,q_90,c_l,v1/inventory/DRTIWYWDN5BJVKRUQNQH6MHL6U.jpg|https://media.getedealer.com/w_1280,h_960,q_90,c_l,v1/inventory/AFGMTMT5LBCEVF5IVL4NQD4A5Y.jpg|https://media.getedealer.com/w_1280,h_960,q_90,c_l,v1/inventory/AUP2FNJR2RBUVFX4FVXMMRICYA.jpg|https://media.getedealer.com/w_1280,h_960,q_90,c_l,v1/inventory/JZF4PTBIUBCMTC4R55F4MXK5KA.jpg|https://media.getedealer.com/w_1280,h_960,q_90,c_l,v1/inventory/MD5CSXKK65EDJMDV542J4Y5L3E.jpg|https://media.getedealer.com/w_1280,h_960,q_90,c_l,v1/inventory/5P7HKPKTGJHEVMBHPAQYOP5FXI.jpg|https://media.getedealer.com/w_1280,h_960,q_90,c_l,v1/inventory/4FUTUK6KMZCSZLPHYUIDO2YXXI.jpg|https://media.getedealer.com/w_1280,h_960,q_90,c_l,v1/inventory/LXMHSQ22ARDOPJMKMLM2U5UFWQ.jpg|https://media.getedealer.com/w_1280,h_960,q_90,c_l,v1/inventory/WAZHWLHOENCXDAG5TXE2K3RROY.jpg|https://media.getedealer.com/w_1280,h_960,q_90,c_l,v1/inventory/767QXEVQZBEWBKIYDGRQYR4BV4.jpg|https://media.getedealer.com/w_1280,h_960,q_90,c_l,v1/inventory/SZ2L7N5GP5GYRNT2EPVNK67VFY.jpg|https://media.getedealer.com/w_1280,h_960,q_90,c_l,v1/inventory/VM73VXI3RRGL7AIYMFSMSZKJVM.jpg|https://media.getedealer.com/w_1280,h_960,q_90,c_l,v1/inventory/22GI2PJ2MRG4NISINLOQARJIDA.jpg|https://media.getedealer.com/w_1280,h_960,q_90,c_l,v1/inventory/DBNII3T7ZNHAZLVHR3C6FNLHA4.jpg|https://media.getedealer.com/w_1280,h_960,q_90,c_l,v1/inventory/GRPIMDFMIRDGVENBVQQTJK5HPU.jpg",10-02-2025 08:16,FALSE
g5JXS7yzTf2T0qDda8dM5A,CHILLIWACK MITSUBISHI,,+1 672-784-5040,45510 Yale Rd,Chilliwack,BC,V2P 2M9,49.151131,-121.963743,6dd4GQGrQO29jAZNrteslQ,JA4T5WA96SZ600903,MI600903,NEW,2025,Mitsubishi,Outlander Plug-In Hybrid,GT,GT S-AWC,54898,31,SUV,Blue,Black,4,,Automatic,4Ã—4,2.4,4,Gasoline / Electric Hybrid,,Air Conditioning|Alloy Wheels|Backup Camera|Bluetooth Connection|Brake Assist|Cruise Control|Heads Up Display|Heated Seats|Keyless Entry|Lane Assist|Leather Seats|Navigation System|Parking Sensors|Power Seats|Power Windows|Satellite Radio|Smart Device Integration|Sunroof / Moonroof,"https://media.getedealer.com/w_1280,h_960,q_90,c_l,v1/inventory/NTXD7SHFURA6DIB5MVIS2I4J4Q.jpg|https://media.getedealer.com/w_1280,h_960,q_90,c_l,v1/inventory/MTBE7RVOVZFVBCJ4DODOJU6PQM.jpg|https://media.getedealer.com/w_1280,h_960,q_90,c_l,v1/inventory/KFIJ723DLBCOXOVEGQJQPGFZD4.jpg|https://media.getedealer.com/w_1280,h_960,q_90,c_l,v1/inventory/JYSYAEQIGJHITK4OT6APW6IBQ4.jpg|https://media.getedealer.com/w_1280,h_960,q_90,c_l,v1/inventory/IYVJLAM3TRFWRBXXOMWNRPTZIE.jpg|https://media.getedealer.com/w_1280,h_960,q_90,c_l,v1/inventory/VE4UMHXSB5H4DHRGS22FCOINFI.jpg|https://media.getedealer.com/w_1280,h_960,q_90,c_l,v1/inventory/6SKJSYC6FNGJDERYK4UR6ZUG6I.jpg|https://media.getedealer.com/w_1280,h_960,q_90,c_l,v1/inventory/QTGDLTKWJFAVHI3YHOSMIXQ7AU.jpg|https://media.getedealer.com/w_1280,h_960,q_90,c_l,v1/inventory/7W7GBSKORRFP3I5MJB4IUAAC5E.jpg|https://media.getedealer.com/w_1280,h_960,q_90,c_l,v1/inventory/7MNX2V37PBBDNOCYWRMGET5ABY.jpg|https://media.getedealer.com/w_1280,h_960,q_90,c_l,v1/inventory/WATJRW227JHQ7AUDAXDFKD6Q7Y.jpg|https://media.getedealer.com/w_1280,h_960,q_90,c_l,v1/inventory/XCXU75JIT5AXVISUALEMBLTB5M.jpg|https://media.getedealer.com/w_1280,h_960,q_90,c_l,v1/inventory/7FTDXLOFWFEKTMYMUOSNDGJTWE.jpg|https://media.getedealer.com/w_1280,h_960,q_90,c_l,v1/inventory/3W57MLVFKZEGZB2XCCACCW2EM4.jpg|https://media.getedealer.com/w_1280,h_960,q_90,c_l,v1/inventory/JCVDJXEQORBPTKEXM7ZDU2BE6A.jpg|https://media.getedealer.com/w_1280,h_960,q_90,c_l,v1/inventory/4NG4UFEWFJAQTJJT7XRDX6GPRI.jpg|https://media.getedealer.com/w_1280,h_960,q_90,c_l,v1/inventory/PQKKU4MX2NCATCCKHHY64P5Y44.jpg|https://media.getedealer.com/w_1280,h_960,q_90,c_l,v1/inventory/2TMHZDOURVFWREUBH3MT4I7HBE.jpg|https://media.getedealer.com/w_1280,h_960,q_90,c_l,v1/inventory/WKZBN2QAAFBPHMNRO3PRHHZERU.jpg|https://media.getedealer.com/w_1280,h_960,q_90,c_l,v1/inventory/RYZTWIXVTBG4JORV5XEY3I6GRI.jpg|https://media.getedealer.com/w_1280,h_960,q_90,c_l,v1/inventory/SOGIWC6OBVBCHB5WU7SNVE4EB4.jpg|https://media.getedealer.com/w_1280,h_960,q_90,c_l,v1/inventory/CVXOCDJTI5C7NMI4CTLVOUNDHM.jpg|https://media.getedealer.com/w_1280,h_960,q_90,c_l,v1/inventory/3PG4JSWUTFFNTHRUUQE44AIG3Y.jpg|https://media.getedealer.com/w_1280,h_960,q_90,c_l,v1/inventory/OERRU4I7NRCZHAFO4JWU5FIVCM.jpg|https://media.getedealer.com/w_1280,h_960,q_90,c_l,v1/inventory/DR4HNHGOGBBU5KPJM5BYDER4OY.jpg",10-02-2025 08:15,FALSE
g5JXS7yzTf2T0qDda8dM5A,CHILLIWACK MITSUBISHI,,+1 672-784-5040,45510 Yale Rd,Chilliwack,BC,V2P 2M9,49.151131,-121.963743,6xmyEgoFRZKxI9fDE3iQ8g,5XYPG4A32GG136337,NA136337,USED,2016,Kia,Sorento,2.4L LX,4dr 2.4L LX,10650,143224,SUV,White,,4,,Automatic,FWD,2.4,4,Gasoline,,Air Conditioning|Alloy Wheels|Bluetooth Connection|Brake Assist|Cruise Control|Heated Seats|Keyless Entry|Parking Sensors|Power Windows|Satellite Radio,"https://media.getedealer.com/w_1280,h_960,q_90,c_l,v1/inventory/BE6RW4ZDHZEWXIDEOKMSL6MBFQ.jpg|https://media.getedealer.com/w_1280,h_960,q_90,c_l,v1/inventory/YZ5EV2WA5FHZLKLHN6W4MQVRAE.jpg|https://media.getedealer.com/w_1280,h_960,q_90,c_l,v1/inventory/65JRI4FUFNEPNABEIZUMQ6I4EE.jpg|https://media.getedealer.com/w_1280,h_960,q_90,c_l,v1/inventory/YZJDLUEUPJGYVPIKLPQZ5RWYEA.jpg|https://media.getedealer.com/w_1280,h_960,q_90,c_l,v1/inventory/CZURGPATDNBZPBWYATGQWH52LQ.jpg|https://media.getedealer.com/w_1280,h_960,q_90,c_l,v1/inventory/EHC23UBW2NG3JFR6AJMYCFYZVA.jpg|https://media.getedealer.com/w_1280,h_960,q_90,c_l,v1/inventory/QY43GFKOIZFJLLWDS7HFTKGLYU.jpg|https://media.getedealer.com/w_1280,h_960,q_90,c_l,v1/inventory/RBURJNQWUFBZ7EPF7WIXCT7XZY.jpg|https://media.getedealer.com/w_1280,h_960,q_90,c_l,v1/inventory/XPI6HJHFVNFFHKAJ5HAIOWN754.jpg|https://media.getedealer.com/w_1280,h_960,q_90,c_l,v1/inventory/4IDPINS4SVD3DGM7EXSM4C4QCY.jpg|https://media.getedealer.com/w_1280,h_960,q_90,c_l,v1/inventory/ZOH7FVPSAJFEFD2GMDDPMONDCM.jpg|https://media.getedealer.com/w_1280,h_960,q_90,c_l,v1/inventory/JEMH4VR3GJANBGKMTZIQQRWHVU.jpg|https://media.getedealer.com/w_1280,h_960,q_90,c_l,v1/inventory/NP7OPLS2HBGDPCATKTMGNNG2XA.jpg|https://media.getedealer.com/w_1280,h_960,q_90,c_l,v1/inventory/GBTORMEOZFHTNJ53TDVWDLKWSI.jpg|https://media.getedealer.com/w_1280,h_960,q_90,c_l,v1/inventory/FO2JJMTKTNBADAWUIHHQWOOJLM.jpg|https://media.getedealer.com/w_1280,h_960,q_90,c_l,v1/inventory/GMBYKIP7YNADLM4EXVUBBBAU3M.jpg|https://media.getedealer.com/w_1280,h_960,q_90,c_l,v1/inventory/DACY4IWIEVBJBA4VJEUAYNQU5Y.jpg|https://media.getedealer.com/w_1280,h_960,q_90,c_l,v1/inventory/N3GY2PX5MFEYFM3FW25TFZG65A.jpg|https://media.getedealer.com/w_1280,h_960,q_90,c_l,v1/inventory/3WIRNFOR3BFKTKL4ZZF6CGPMO4.jpg|https://media.getedealer.com/w_1280,h_960,q_90,c_l,v1/inventory/5OLDADSKTVG57EY4C7GNCTV2Z4.jpg|https://media.getedealer.com/w_1280,h_960,q_90,c_l,v1/inventory/3ZCT7O6KLZCV7FNVT77D4AZI5M.jpg|https://media.getedealer.com/w_1280,h_960,q_90,c_l,v1/inventory/FEAD5LV2VRCLPILO2XUOT7LN6A.jpg|https://media.getedealer.com/w_1280,h_960,q_90,c_l,v1/inventory/K5S3AOU5HNA7JMTA7AV3CIXRHQ.jpg|https://media.getedealer.com/w_1280,h_960,q_90,c_l,v1/inventory/N362BRVUCFFZLOPO57KX3RTDGE.jpg",10-02-2025 08:14,FALSE
g5JXS7yzTf2T0qDda8dM5A,CHILLIWACK MITSUBISHI,,+1 672-784-5040,45510 Yale Rd,Chilliwack,BC,V2P 2M9,49.151131,-121.963743,72B8PDRkSwC1SKowdltewA,JA4AJVAW1RU600706,VA600706,USED,2024,Mitsubishi,RVR,SEL,SEL AWC,29100,26022,SUV,White,Black,4,,Automatic,4Ã—4,2.4,4,Gasoline,,Air Conditioning|Alloy Wheels|Backup Camera|Bluetooth Connection|Brake Assist|Cruise Control|Heated Seats|Keyless Entry|Lane Assist|Power Windows|Satellite Radio|Smart Device Integration,"https://media.getedealer.com/w_1280,h_960,q_90,c_l,v1/inventory/YYF6OADU3FBEXHFO53KLP5SMTA.jpg|https://media.getedealer.com/w_1280,h_960,q_90,c_l,v1/inventory/KTNI3QLUK5H53LBPP65Q6NSIWM.jpg|https://media.getedealer.com/w_1280,h_960,q_90,c_l,v1/inventory/TBGEYNBFGZGY7OI3X2TP6BVCMQ.jpg|https://media.getedealer.com/w_1280,h_960,q_90,c_l,v1/inventory/4OW7EUFHPFEVVLBYPP45TKJTHQ.jpg|https://media.getedealer.com/w_1280,h_960,q_90,c_l,v1/inventory/56XUL5LNDFHGFBJCSIHWRG7OIQ.jpg|https://media.getedealer.com/w_1280,h_960,q_90,c_l,v1/inventory/OP233JXPTVG47LZUVEZZPH532E.jpg|https://media.getedealer.com/w_1280,h_960,q_90,c_l,v1/inventory/M2OUUMS5XVERJLR23SSPN5C67U.jpg|https://media.getedealer.com/w_1280,h_960,q_90,c_l,v1/inventory/E7ULQ6FL2FB7TF46A4L3MIK7CY.jpg|https://media.getedealer.com/w_1280,h_960,q_90,c_l,v1/inventory/CLSIUOG2GFCU3GUCXXOOGEQCFY.jpg|https://media.getedealer.com/w_1280,h_960,q_90,c_l,v1/inventory/JRAPHTQUWJEMNOYZKGHVJZBHGA.jpg|https://media.getedealer.com/w_1280,h_960,q_90,c_l,v1/inventory/7JL5GYTEYBDJ7KXFTNJTRVWU3U.jpg|https://media.getedealer.com/w_1280,h_960,q_90,c_l,v1/inventory/32Q6M45QENCJBPVRYOXGZDNHSI.jpg|https://media.getedealer.com/w_1280,h_960,q_90,c_l,v1/inventory/7IIF4XE625AFNCKYJGPGRQEUOM.jpg|https://media.getedealer.com/w_1280,h_960,q_90,c_l,v1/inventory/MRDSIWCAKJECRP4PMOH6HJPWMU.jpg|https://media.getedealer.com/w_1280,h_960,q_90,c_l,v1/inventory/UMQRYGTANBC5FJKLEXY6HG2BNI.jpg|https://media.getedealer.com/w_1280,h_960,q_90,c_l,v1/inventory/LRG56YQBYVFTVDMGBPFPO6J3CQ.jpg|https://media.getedealer.com/w_1280,h_960,q_90,c_l,v1/inventory/3HEBYTSUPVDKRHTIPGAJWSJMI4.jpg|https://media.getedealer.com/w_1280,h_960,q_90,c_l,v1/inventory/5SI2GZZAKVFQHB2IS2PK4ZLVPM.jpg|https://media.getedealer.com/w_1280,h_960,q_90,c_l,v1/inventory/2XSE2AUVZBDAVGOKRMUXSGK3DI.jpg|https://media.getedealer.com/w_1280,h_960,q_90,c_l,v1/inventory/RACJFYXF3NB7XHL5POVDH2SGFI.jpg|https://media.getedealer.com/w_1280,h_960,q_90,c_l,v1/inventory/QSNK5GGTQJHPNIAEP26NEY22TA.jpg|https://media.getedealer.com/w_1280,h_960,q_90,c_l,v1/inventory/M47Y5HUTTRATRGHTCJY7FVZJ5Q.jpg|https://media.getedealer.com/w_1280,h_960,q_90,c_l,v1/inventory/SGSA3VQ47NDPBONQGYQDX4ACDI.jpg|https://media.getedealer.com/w_1280,h_960,q_90,c_l,v1/inventory/RCFXGBGL4BHELBVESSCSOMCSYI.jpg",10-02-2025 08:14,FALSE
g5JXS7yzTf2T0qDda8dM5A,CHILLIWACK MITSUBISHI,,+1 672-784-5040,45510 Yale Rd,Chilliwack,BC,V2P 2M9,49.151131,-121.963743,77OQCx0mTmmIpsrSjBZ5mQ,1J8HG58277C559550,NA559550,USED,2007,Jeep,Commander,Limited,4WD 4dr Limited,7750,298397,SUV,,,4,,Automatic,4Ã—4,5.7,8,Gasoline,,Air Conditioning|Brake Assist|Cruise Control|Heated Seats|Keyless Entry|Leather Seats|Parking Sensors|Power Seats|Power Windows|Remote Start|Sunroof / Moonroof,"https://media.getedealer.com/w_1280,h_960,q_90,c_l,v1/inventory/7HNVC2TYS5HUZCGOYXC27W4BSM.jpg|https://media.getedealer.com/w_1280,h_960,q_90,c_l,v1/inventory/7SFSK25OGJGQZDZME54NEEN6LY.jpg|https://media.getedealer.com/w_1280,h_960,q_90,c_l,v1/inventory/JN6X52LNHJHR3IJA4EEYOBFRLQ.jpg|https://media.getedealer.com/w_1280,h_960,q_90,c_l,v1/inventory/B5J6TWRHXVCCVAI337SW6LI42Y.jpg|https://media.getedealer.com/w_1280,h_960,q_90,c_l,v1/inventory/6OQORW6ECJHS7D6ZVBIHDPJ2HI.jpg|https://media.getedealer.com/w_1280,h_960,q_90,c_l,v1/inventory/FOG6QV3VWJF47FSD3HF6NUSEFI.jpg|https://media.getedealer.com/w_1280,h_960,q_90,c_l,v1/inventory/GKPCTSBQ6NAIZMCAY6DC3LSLJA.jpg|https://media.getedealer.com/w_1280,h_960,q_90,c_l,v1/inventory/2ZDI6LNLAJGJVFMFNZJKOEASGM.jpg|https://media.getedealer.com/w_1280,h_960,q_90,c_l,v1/inventory/EAVWVIU65RGM5PZZNUAPU2INKI.jpg|https://media.getedealer.com/w_1280,h_960,q_90,c_l,v1/inventory/HKIW7AIXIFDBVHXX4T3FBSZVQM.jpg|https://media.getedealer.com/w_1280,h_960,q_90,c_l,v1/inventory/WBTU6GT6ARCJTIGZSBMUJQG7EM.jpg|https://media.getedealer.com/w_1280,h_960,q_90,c_l,v1/inventory/BJDPVNSHIBFQREHRK34ZR7TB74.jpg|https://media.getedealer.com/w_1280,h_960,q_90,c_l,v1/inventory/FAJTO2OAHNEKPNQ34ZMVDLH3UY.jpg|https://media.getedealer.com/w_1280,h_960,q_90,c_l,v1/inventory/QS6A6C3FFNGF7B52BQKRI6CC3I.jpg|https://media.getedealer.com/w_1280,h_960,q_90,c_l,v1/inventory/LPEVMTOTOVGQPC4HI6VBGPKPFU.jpg|https://media.getedealer.com/w_1280,h_960,q_90,c_l,v1/inventory/5QPRGVF4UFCLRLKVLFMORTLNOE.jpg|https://media.getedealer.com/w_1280,h_960,q_90,c_l,v1/inventory/43MLX5UIJRCGZNAQHBWAX2KUSU.jpg|https://media.getedealer.com/w_1280,h_960,q_90,c_l,v1/inventory/NGFTE3TOSFAIFKXEECWHPWNE5A.jpg|https://media.getedealer.com/w_1280,h_960,q_90,c_l,v1/inventory/LBNZCFYR2ZA5DOOXUI7PZ6JYEY.jpg|https://media.getedealer.com/w_1280,h_960,q_90,c_l,v1/inventory/YJ2VNMZAAVGFDCMBOXRUZBALQQ.jpg|https://media.getedealer.com/w_1280,h_960,q_90,c_l,v1/inventory/BVLQDIU57VERZA4DR7LTRX7IIY.jpg|https://media.getedealer.com/w_1280,h_960,q_90,c_l,v1/inventory/3FNPVE5ZY5DA5NLFFOKJFPZY5Q.jpg|https://media.getedealer.com/w_1280,h_960,q_90,c_l,v1/inventory/3TPQPRGMLJFMHNXE3ZFHK5EVB4.jpg",10-02-2025 08:12,FALSE
g5JXS7yzTf2T0qDda8dM5A,CHILLIWACK MITSUBISHI,,+1 672-784-5040,45510 Yale Rd,Chilliwack,BC,V2P 2M9,49.151131,-121.963743,7DMzuxMERpOS29Q3H0eqrg,JA4T5VA91SZ603301,UU603301,USED,2025,Mitsubishi,Outlander Plug-In Hybrid,SE,SE S-AWC,44350,36317,SUV,White,,4,,Automatic,4Ã—4,2.4,4,Gasoline / Electric Hybrid,,Air Conditioning|Alloy Wheels|Backup Camera|Bluetooth Connection|Brake Assist|Cruise Control|Heated Seats|Keyless Entry|Lane Assist|Parking Sensors|Power Windows|Satellite Radio|Smart Device Integration|Sunroof / Moonroof,"https://media.getedealer.com/w_1280,h_960,q_90,c_l,v1/inventory/4WSP64BWXVDWXAV7TQTUA74KO4.jpg|https://media.getedealer.com/w_1280,h_960,q_90,c_l,v1/inventory/TCS7BKGWKBAMFC557AML4GUXKM.jpg|https://media.getedealer.com/w_1280,h_960,q_90,c_l,v1/inventory/SMJZSFJUQBDKJGS4PBPXKYQIPQ.jpg|https://media.getedealer.com/w_1280,h_960,q_90,c_l,v1/inventory/PHJSIC54NFFZXLKNOROAFWVOZE.jpg|https://media.getedealer.com/w_1280,h_960,q_90,c_l,v1/inventory/UI52OGJVDNFDZD4WIWYGDRUHMU.jpg|https://media.getedealer.com/w_1280,h_960,q_90,c_l,v1/inventory/5MKXKO3KCZGXRIBZNFX7ZM465M.jpg|https://media.getedealer.com/w_1280,h_960,q_90,c_l,v1/inventory/JIPWOEEDEZBSFPQH36XYFO7LFQ.jpg|https://media.getedealer.com/w_1280,h_960,q_90,c_l,v1/inventory/AYLVW3GWXNFHBMGF2O56BM2LIY.jpg|https://media.getedealer.com/w_1280,h_960,q_90,c_l,v1/inventory/26KIBI45CNDDZDUGYH543VGFDQ.jpg|https://media.getedealer.com/w_1280,h_960,q_90,c_l,v1/inventory/TILG6F2PBRADJB56IJIBIKZDF4.jpg|https://media.getedealer.com/w_1280,h_960,q_90,c_l,v1/inventory/G7ZDTB4IL5D3PJCWQ5R6QDWWPI.jpg|https://media.getedealer.com/w_1280,h_960,q_90,c_l,v1/inventory/EEJFDZFHBJA4HPUOFVP2WBXKCI.jpg|https://media.getedealer.com/w_1280,h_960,q_90,c_l,v1/inventory/VDZRYEKYDRD35MKHSAEVQA45UQ.jpg|https://media.getedealer.com/w_1280,h_960,q_90,c_l,v1/inventory/5J7C5YLAJBD5FM6W725HK737WM.jpg|https://media.getedealer.com/w_1280,h_960,q_90,c_l,v1/inventory/JYE4LM74QBHJZB54AAKH63JWPQ.jpg|https://media.getedealer.com/w_1280,h_960,q_90,c_l,v1/inventory/67327HS5OZCWBPDN4BBAWYSB44.jpg|https://media.getedealer.com/w_1280,h_960,q_90,c_l,v1/inventory/2DODAUSSXNCZ5GMBXER4KOWW3Q.jpg|https://media.getedealer.com/w_1280,h_960,q_90,c_l,v1/inventory/Z35QZUIVCZHMDPWP54UEPPMMBQ.jpg|https://media.getedealer.com/w_1280,h_960,q_90,c_l,v1/inventory/LX35CXJ4LVBFVAIZ62ZA4AIF4E.jpg|https://media.getedealer.com/w_1280,h_960,q_90,c_l,v1/inventory/MWPN26SYAZHAZDJIQSNEHIE74E.jpg|https://media.getedealer.com/w_1280,h_960,q_90,c_l,v1/inventory/GRYSNGP3C5A4LBS57X453WO4YA.jpg|https://media.getedealer.com/w_1280,h_960,q_90,c_l,v1/inventory/KM7SZX33Q5BLBPDIXJ3DQ6J3PQ.jpg|https://media.getedealer.com/w_1280,h_960,q_90,c_l,v1/inventory/FEWZWBEZIRBTHOINIWQQYW6XOA.jpg|https://media.getedealer.com/w_1280,h_960,q_90,c_l,v1/inventory/6DPZHQ37XJEDJOFXZAI7Y57TOE.jpg",12-10-2025 07:34,FALSE
g5JXS7yzTf2T0qDda8dM5A,CHILLIWACK MITSUBISHI,,+1 672-784-5040,45510 Yale Rd,Chilliwack,BC,V2P 2M9,49.151131,-121.963743,7k2fP6KIRiuZZ68hT6u82A,JA4ATVAA5TZ604380,MI604380,NEW,2026,Mitsubishi,Eclipse Cross,SE,SE S-AWC,34773,24,SUV,White,,4,,Automatic,4Ã—4,1.5,4,Gasoline,,Air Conditioning|Alloy Wheels|Backup Camera|Bluetooth Connection|Brake Assist|Cruise Control|Heated Seats|Keyless Entry|Lane Assist|Power Windows|Satellite Radio|Smart Device Integration,"https://media.getedealer.com/w_1280,h_960,q_90,c_l,v1/inventory/4S7XNY6CIZC35GAEPI64GSG5AU.jpg|https://media.getedealer.com/w_1280,h_960,q_90,c_l,v1/inventory/FEPZD6RBGZDNJLJKCSCLAAD46Q.jpg|https://media.getedealer.com/w_1280,h_960,q_90,c_l,v1/inventory/HYSSZ7U64NDQ7JR4PTSX3MRWTE.jpg|https://media.getedealer.com/w_1280,h_960,q_90,c_l,v1/inventory/7GUHECKLEREAPAWVWNRVUEURE4.jpg|https://media.getedealer.com/w_1280,h_960,q_90,c_l,v1/inventory/CI3KKE3AJZA3ZKB25PKX4DRMXA.jpg|https://media.getedealer.com/w_1280,h_960,q_90,c_l,v1/inventory/OFS2UBMC4FCM5PYHBVSMTEX6T4.jpg|https://media.getedealer.com/w_1280,h_960,q_90,c_l,v1/inventory/5XUOZYUYMVFCDIAVQNV56XM5QU.jpg|https://media.getedealer.com/w_1280,h_960,q_90,c_l,v1/inventory/MRQIRHENK5GHHMHWP7T72FI5X4.jpg|https://media.getedealer.com/w_1280,h_960,q_90,c_l,v1/inventory/GXVWU7SDDFCU5J2WXWFVDUDMTE.jpg|https://media.getedealer.com/w_1280,h_960,q_90,c_l,v1/inventory/CDXO6R2XVFCHLFZTRCEJM4CQXU.jpg|https://media.getedealer.com/w_1280,h_960,q_90,c_l,v1/inventory/JO4S3QQKGZHLHIUMTIVGEXLGN4.jpg|https://media.getedealer.com/w_1280,h_960,q_90,c_l,v1/inventory/QS5XILNM7FDDXCQLXDY53X6DGI.jpg|https://media.getedealer.com/w_1280,h_960,q_90,c_l,v1/inventory/LZNL4S7ROBEP3BWMCDZHSZCNLQ.jpg|https://media.getedealer.com/w_1280,h_960,q_90,c_l,v1/inventory/JHF7RTK7NVEJNCXY7X72H6H2RE.jpg|https://media.getedealer.com/w_1280,h_960,q_90,c_l,v1/inventory/JFT2BE5LP5BPXJR7P4LDN53B4A.jpg|https://media.getedealer.com/w_1280,h_960,q_90,c_l,v1/inventory/NUUMBUJ7ZREITDF67WN3GCSQRE.jpg|https://media.getedealer.com/w_1280,h_960,q_90,c_l,v1/inventory/6OYCEFNWXVFQZAXFP27TMR63LE.jpg|https://media.getedealer.com/w_1280,h_960,q_90,c_l,v1/inventory/73WMLAEYDJFJLA25BLFH2JYBCQ.jpg|https://media.getedealer.com/w_1280,h_960,q_90,c_l,v1/inventory/HZXRN64XNBB75I4ALU46FBRR24.jpg|https://media.getedealer.com/w_1280,h_960,q_90,c_l,v1/inventory/WRIFAY25NVEKRHVWRJUA2MEX6I.jpg|https://media.getedealer.com/w_1280,h_960,q_90,c_l,v1/inventory/BQ5FXQKDFBDYFF4QLEHFVR3PBM.jpg|https://media.getedealer.com/w_1280,h_960,q_90,c_l,v1/inventory/P2OCEEZWSBEVRITZRQYPIV4W7Q.jpg|https://media.getedealer.com/w_1280,h_960,q_90,c_l,v1/inventory/OU4H5PZZFNGEHDPFLMQ4OYTN34.jpg|https://media.getedealer.com/w_1280,h_960,q_90,c_l,v1/inventory/LMWGO5XLRNE3NLSJRRYH56NPBE.jpg|https://media.getedealer.com/w_1280,h_960,q_90,c_l,v1/inventory/CQBMT47IGNGULO5GW4ZH54JEHY.jpg",12/13/2025 7:36:01,FALSE
g5JXS7yzTf2T0qDda8dM5A,CHILLIWACK MITSUBISHI,,+1 672-784-5040,45510 Yale Rd,Chilliwack,BC,V2P 2M9,49.151131,-121.963743,7xZAJt9ZSfyy5TA3vOymJw,JA4J4UA80PZ616415,UU616415,USED,2023,Mitsubishi,Outlander,SEL,SEL S-AWC,35000,106361,SUV,White,Gray,4,,Automatic,4Ã—4,2.5,4,Gasoline,,Air Conditioning|Alloy Wheels|Backup Camera|Bluetooth Connection|Brake Assist|Cruise Control|Heated Seats|Keyless Entry|Lane Assist|Parking Sensors|Power Windows|Satellite Radio|Smart Device Integration|Sunroof / Moonroof,"https://media.getedealer.com/w_1280,h_960,q_90,c_l,v1/inventory/NESRKPEF3JDOXN35HXNIDW6HGM.jpg|https://media.getedealer.com/w_1280,h_960,q_90,c_l,v1/inventory/MMXVZ6OU6FAWJPGLH6LGGWL2UE.jpg|https://media.getedealer.com/w_1280,h_960,q_90,c_l,v1/inventory/GSOEY7MJC5ALRNTNILUTIQQ6MY.jpg|https://media.getedealer.com/w_1280,h_960,q_90,c_l,v1/inventory/AH7UTCLTUBCCJDTOWNYFA7LTM4.jpg|https://media.getedealer.com/w_1280,h_960,q_90,c_l,v1/inventory/4JJH64SFFRGVPKPERIPSN74R3M.jpg|https://media.getedealer.com/w_1280,h_960,q_90,c_l,v1/inventory/MUEVDZTEUJGFDJIDQBMIHOPXHM.jpg|https://media.getedealer.com/w_1280,h_960,q_90,c_l,v1/inventory/5EFNW2EQVZGYHHV7RHQTRWA6YQ.jpg|https://media.getedealer.com/w_1280,h_960,q_90,c_l,v1/inventory/P6J336GM75EVZG5JTKJI4CAIMA.jpg|https://media.getedealer.com/w_1280,h_960,q_90,c_l,v1/inventory/YQDEUX3PSZHVVPGVWHJUDWAEEI.jpg|https://media.getedealer.com/w_1280,h_960,q_90,c_l,v1/inventory/FT5ZG3YZZ5EFFA4YTXGX4TCCVI.jpg|https://media.getedealer.com/w_1280,h_960,q_90,c_l,v1/inventory/I3W47744W5EZDP7UJXYWOS2HFA.jpg|https://media.getedealer.com/w_1280,h_960,q_90,c_l,v1/inventory/6KUQOHJ5HRB5BDGBDMWWJB6A54.jpg|https://media.getedealer.com/w_1280,h_960,q_90,c_l,v1/inventory/AMUFYJ2UTRCWBF475YSONNGJL4.jpg|https://media.getedealer.com/w_1280,h_960,q_90,c_l,v1/inventory/Z6KHJLWUEVHU5AQ4KHUUDG36KM.jpg|https://media.getedealer.com/w_1280,h_960,q_90,c_l,v1/inventory/EQV5ATT4RVC4FHLMIB2XWZDSI4.jpg|https://media.getedealer.com/w_1280,h_960,q_90,c_l,v1/inventory/KSWMOF7BWJCR3L7TSRDP7SLZWA.jpg|https://media.getedealer.com/w_1280,h_960,q_90,c_l,v1/inventory/VOEP5HAE6BAGJBXZGRHRP4VBDQ.jpg|https://media.getedealer.com/w_1280,h_960,q_90,c_l,v1/inventory/SO7WLVBFVNEXBLCWJZYWHXDS7U.jpg|https://media.getedealer.com/w_1280,h_960,q_90,c_l,v1/inventory/IUABAXDPOFELPMZWI4Z3TPQYIU.jpg|https://media.getedealer.com/w_1280,h_960,q_90,c_l,v1/inventory/VHEYLLAR6ZGXFCEHV77XWRQSXU.jpg|https://media.getedealer.com/w_1280,h_960,q_90,c_l,v1/inventory/AHREB5NXCVAHZB6HJCFO226CYU.jpg|https://media.getedealer.com/w_1280,h_960,q_90,c_l,v1/inventory/MNO4VJVZPFCWNL63RDSM65PKZI.jpg|https://media.getedealer.com/w_1280,h_960,q_90,c_l,v1/inventory/IYPKLT5FSNBIJIIJK7YTAH2VTM.jpg",10/18/2025 7:11:38,FALSE
g5JXS7yzTf2T0qDda8dM5A,CHILLIWACK MITSUBISHI,,+1 672-784-5040,45510 Yale Rd,Chilliwack,BC,V2P 2M9,49.151131,-121.963743,828I1AhvRIOaUkGuWy9ObA,1G1JC5SH7G4105447,UU105447,USED,2016,Chevrolet,Sonic,LT,4dr Sdn LT Auto,10650,153885,Sedan,Gray,,4,,Automatic,FWD,1.8,4,Gasoline,,Air Conditioning|Backup Camera|Bluetooth Connection|Brake Assist|Cruise Control|Heated Seats|Keyless Entry|Power Windows|Remote Start|Satellite Radio|Smart Device Integration|Wi-Fi Hotspot,"https://media.getedealer.com/w_1280,h_960,q_90,c_l,v1/inventory/PSIL6XDKVFGRRAEPM3YWSEJ574.jpg|https://media.getedealer.com/w_1280,h_960,q_90,c_l,v1/inventory/T5ZOVFBWAFC45JOJCWLSEXP4BU.jpg|https://media.getedealer.com/w_1280,h_960,q_90,c_l,v1/inventory/SHTJLNYSWVHVLPS3TWWOODXERY.jpg|https://media.getedealer.com/w_1280,h_960,q_90,c_l,v1/inventory/FI4RQXZIHBGYJE7SGYUCN6FNWM.jpg|https://media.getedealer.com/w_1280,h_960,q_90,c_l,v1/inventory/IOKZHFD33JE3BKKB6K3G4OWXVM.jpg|https://media.getedealer.com/w_1280,h_960,q_90,c_l,v1/inventory/BD7BBP4GURHTHK524627FP3BWQ.jpg|https://media.getedealer.com/w_1280,h_960,q_90,c_l,v1/inventory/XSAXZQFRJVAZFESHAEZS4Q7C34.jpg|https://media.getedealer.com/w_1280,h_960,q_90,c_l,v1/inventory/SD5ADJQ6NBHK5NHQZFX34Z6EOU.jpg|https://media.getedealer.com/w_1280,h_960,q_90,c_l,v1/inventory/MIOQTCPNBVGYREVYCD32EXZV4E.jpg|https://media.getedealer.com/w_1280,h_960,q_90,c_l,v1/inventory/BCN2GIY7BBHIFPNCYI4Q5RS6SE.jpg|https://media.getedealer.com/w_1280,h_960,q_90,c_l,v1/inventory/SEJEJZ3R5VGLVMEFX5SHJ7IDEA.jpg|https://media.getedealer.com/w_1280,h_960,q_90,c_l,v1/inventory/BQU4DZ2YF5CIDF4STWGENRITZY.jpg|https://media.getedealer.com/w_1280,h_960,q_90,c_l,v1/inventory/4EOV7Q6XRFDALH262ZPZO2FBYI.jpg|https://media.getedealer.com/w_1280,h_960,q_90,c_l,v1/inventory/T6NRW5SHTVDFTJPEBB4324ZSMQ.jpg|https://media.getedealer.com/w_1280,h_960,q_90,c_l,v1/inventory/2DXHFXCGCFASLCXNSX4XCACA3M.jpg|https://media.getedealer.com/w_1280,h_960,q_90,c_l,v1/inventory/HA3V3SV5FZDMHOZ5QC2BTIJAFY.jpg|https://media.getedealer.com/w_1280,h_960,q_90,c_l,v1/inventory/VVUQNYUDNBGBBHMEUMQHCT3WFQ.jpg|https://media.getedealer.com/w_1280,h_960,q_90,c_l,v1/inventory/OBR6ZJ3R6ZCBNDU54RM6ZKJFR4.jpg|https://media.getedealer.com/w_1280,h_960,q_90,c_l,v1/inventory/Z63MRFK4ORFLHAZYHJA4N5Q3GA.jpg|https://media.getedealer.com/w_1280,h_960,q_90,c_l,v1/inventory/M7223XECTZGU7LA26ZL6JU2SYI.jpg|https://media.getedealer.com/w_1280,h_960,q_90,c_l,v1/inventory/GOZVWMTGV5BOPLF7QKZKXTLYPM.jpg|https://media.getedealer.com/w_1280,h_960,q_90,c_l,v1/inventory/M73OKOXCD5FSNFMLDBWMVYU2EI.jpg|https://media.getedealer.com/w_1280,h_960,q_90,c_l,v1/inventory/ID6AP6CD3NBYVK56BJ7JG4S2RU.jpg|https://media.getedealer.com/w_1280,h_960,q_90,c_l,v1/inventory/THLCTHAA7NBCXMHNO6M5CCFNUQ.jpg",10-07-2025 08:25,FALSE
g5JXS7yzTf2T0qDda8dM5A,CHILLIWACK MITSUBISHI,,+1 672-784-5040,45510 Yale Rd,Chilliwack,BC,V2P 2M9,49.151131,-121.963743,8SC7pZilSdWbAIBnaQGEAw,JA4AHUAU2PU602109,NA602109,USED,2023,Mitsubishi,RVR,SE,SE Midnight Pkg,23600,13057,SUV,Red,Black,4,,Automatic,FWD,2,4,Gasoline,,Air Conditioning|Backup Camera|Bluetooth Connection|Brake Assist|Cruise Control|Heated Seats|Keyless Entry|Power Windows|Satellite Radio|Smart Device Integration,"https://media.getedealer.com/w_1280,h_960,q_90,c_l,v1/inventory/GQO6JBLCQNDRXJEITYQO3KOHHQ.jpg|https://media.getedealer.com/w_1280,h_960,q_90,c_l,v1/inventory/ZSO7BJ5UANDHZBIN3ZN3434NMA.jpg|https://media.getedealer.com/w_1280,h_960,q_90,c_l,v1/inventory/L6QLULL7FNE35PSUVNQLTX7JBA.jpg|https://media.getedealer.com/w_1280,h_960,q_90,c_l,v1/inventory/YSVTJ6ESLVCE3AO6MEAKYCYY54.jpg|https://media.getedealer.com/w_1280,h_960,q_90,c_l,v1/inventory/UKWOUJRTXNCXJHNLPNYAMOMLXY.jpg|https://media.getedealer.com/w_1280,h_960,q_90,c_l,v1/inventory/YE5FGWHF6ZH5JHZU3MJUS4YJDM.jpg|https://media.getedealer.com/w_1280,h_960,q_90,c_l,v1/inventory/4UPS677KKNCJZGCL3MIAS37TIY.jpg|https://media.getedealer.com/w_1280,h_960,q_90,c_l,v1/inventory/ZWSOR2LWNVBCVDFH7IS4OT3TOM.jpg|https://media.getedealer.com/w_1280,h_960,q_90,c_l,v1/inventory/W4QVVSR2XBHB5GBA4V3BDS436Y.jpg|https://media.getedealer.com/w_1280,h_960,q_90,c_l,v1/inventory/SZ6G5IXUJ5CADMBTRPFEDVZ5Z4.jpg|https://media.getedealer.com/w_1280,h_960,q_90,c_l,v1/inventory/KZ53LMHBKZFHBLX3WNQ35QDBIU.jpg|https://media.getedealer.com/w_1280,h_960,q_90,c_l,v1/inventory/ISZA6RZWSZFTPNTP66BU6D2RFE.jpg|https://media.getedealer.com/w_1280,h_960,q_90,c_l,v1/inventory/O6CLQEQUEJFCHCMIPMBH66ES4A.jpg|https://media.getedealer.com/w_1280,h_960,q_90,c_l,v1/inventory/IGM3ZV2SMFEBNKSTCXPZ3W54YU.jpg|https://media.getedealer.com/w_1280,h_960,q_90,c_l,v1/inventory/VE6DLCOEGNA2HNYDOFEJGMMLJY.jpg|https://media.getedealer.com/w_1280,h_960,q_90,c_l,v1/inventory/3LF5JIDUUNBLFCCEPA5HIGLVI4.jpg|https://media.getedealer.com/w_1280,h_960,q_90,c_l,v1/inventory/QDFPNG7E7RFTDEACM3D3MHMNPI.jpg|https://media.getedealer.com/w_1280,h_960,q_90,c_l,v1/inventory/YHOUYB34JNFWVDC3TMOXNJ6HF4.jpg|https://media.getedealer.com/w_1280,h_960,q_90,c_l,v1/inventory/B2R6R5TQ5REZRBRTOOXVIYSLDA.jpg|https://media.getedealer.com/w_1280,h_960,q_90,c_l,v1/inventory/JVMTHYO4UNDOXBIYDUBJRBSMKI.jpg|https://media.getedealer.com/w_1280,h_960,q_90,c_l,v1/inventory/7HVYEQ2VWNDFTHYAZTI5QUX4Q4.jpg|https://media.getedealer.com/w_1280,h_960,q_90,c_l,v1/inventory/FGUEAG4Q2ZDHZJHUILDCP6BOL4.jpg|https://media.getedealer.com/w_1280,h_960,q_90,c_l,v1/inventory/GLUZDE22SRFGBL3IAOOP53UN3U.jpg|https://media.getedealer.com/w_1280,h_960,q_90,c_l,v1/inventory/ZHLO532YTRHWLDLWKH3U6OCOW4.jpg",10-02-2025 08:14,FALSE
g5JXS7yzTf2T0qDda8dM5A,CHILLIWACK MITSUBISHI,,+1 672-784-5040,45510 Yale Rd,Chilliwack,BC,V2P 2M9,49.151131,-121.963743,8h3YrNtVTsSZT4VxKGfbMw,JA4J4UA89RZ604508,UU604508,USED,2024,Mitsubishi,Outlander,ES,ES S-AWC,36450,27857,SUV,Silver,,4,,Automatic,4Ã—4,2.5,4,Gasoline,,Air Conditioning|Alloy Wheels|Backup Camera|Bluetooth Connection|Brake Assist|Cruise Control|Heated Seats|Keyless Entry|Lane Assist|Parking Sensors|Power Windows|Satellite Radio|Smart Device Integration,"https://media.getedealer.com/w_1280,h_960,q_90,c_l,v1/inventory/AX4XGMXMOBFERIZLH5KTESZLLQ.jpg|https://media.getedealer.com/w_1280,h_960,q_90,c_l,v1/inventory/2XMN4FHNOBF7PLSX6ROWINTDOM.jpg|https://media.getedealer.com/w_1280,h_960,q_90,c_l,v1/inventory/CUEMOYT3FBBMZP7ADM7F3S3HRQ.jpg|https://media.getedealer.com/w_1280,h_960,q_90,c_l,v1/inventory/QUWS2N5I2NENRFZLZ3GX4V25VE.jpg|https://media.getedealer.com/w_1280,h_960,q_90,c_l,v1/inventory/MNYDL572YBG4RM33KOH7EERLQ4.jpg|https://media.getedealer.com/w_1280,h_960,q_90,c_l,v1/inventory/KEVR5ZHGGJFEFK4S7NUB4F5NMI.jpg|https://media.getedealer.com/w_1280,h_960,q_90,c_l,v1/inventory/F2NZM2EEL5DEXHUN74C36NSUK4.jpg|https://media.getedealer.com/w_1280,h_960,q_90,c_l,v1/inventory/EDINL37UQNDMTEQLFUT7SPDRAQ.jpg|https://media.getedealer.com/w_1280,h_960,q_90,c_l,v1/inventory/4QY5FIULEVD4BDECDCLZ4DFC5Q.jpg|https://media.getedealer.com/w_1280,h_960,q_90,c_l,v1/inventory/3PUIWKNOD5FRNGCYC5IEBOJQMA.jpg|https://media.getedealer.com/w_1280,h_960,q_90,c_l,v1/inventory/3EUX7HPCWFGSLMV3THMO7M3VYQ.jpg|https://media.getedealer.com/w_1280,h_960,q_90,c_l,v1/inventory/EYJ3Q3BR35H7FAA4D2WVRIFMMY.jpg|https://media.getedealer.com/w_1280,h_960,q_90,c_l,v1/inventory/BRXIAMRWS5EUTJDVBFRSTFMGMI.jpg|https://media.getedealer.com/w_1280,h_960,q_90,c_l,v1/inventory/Q7KLW4NL7BEMXIGLS7ADITG5EM.jpg|https://media.getedealer.com/w_1280,h_960,q_90,c_l,v1/inventory/4D2UEJLHQ5BS5GL6JZY6MHD46E.jpg|https://media.getedealer.com/w_1280,h_960,q_90,c_l,v1/inventory/TMRSAJEDC5FIDPWHQ52GINVRBM.jpg|https://media.getedealer.com/w_1280,h_960,q_90,c_l,v1/inventory/UZZTMMLI5REOXMMHRVJN4R73XQ.jpg|https://media.getedealer.com/w_1280,h_960,q_90,c_l,v1/inventory/GZ7WOF5IXBD73LVC2UEYQTZTIU.jpg|https://media.getedealer.com/w_1280,h_960,q_90,c_l,v1/inventory/IULVOG2JURDE7DRDTJCJTCCT6M.jpg|https://media.getedealer.com/w_1280,h_960,q_90,c_l,v1/inventory/4IWK5KOGPRDL5FGX3ATR5BO42U.jpg|https://media.getedealer.com/w_1280,h_960,q_90,c_l,v1/inventory/S4ER7E7V45DT5AW4TY4PUAZKFM.jpg|https://media.getedealer.com/w_1280,h_960,q_90,c_l,v1/inventory/OD4JZTVUKFBNTPTHI5RTC4AWZU.jpg|https://media.getedealer.com/w_1280,h_960,q_90,c_l,v1/inventory/7ZJBYO6EMBDSHNFKOA3ALHAIS4.jpg|https://media.getedealer.com/w_1280,h_960,q_90,c_l,v1/inventory/25HGGSA6J5EI7JVLLWVGLKTDOQ.jpg|https://media.getedealer.com/w_1280,h_960,q_90,c_l,v1/inventory/U2ZP2FK32RFRDEIUQGGWQRIMRM.jpg",10-02-2025 08:14,FALSE
g5JXS7yzTf2T0qDda8dM5A,CHILLIWACK MITSUBISHI,,+1 672-784-5040,45510 Yale Rd,Chilliwack,BC,V2P 2M9,49.151131,-121.963743,94PhVkHaTwOdICMocIUNCw,JA4J4WA82SZ614685,MI614685,NEW,2025,Mitsubishi,Outlander,GT,GT S-AWC,46798,39,SUV,,,4,,Automatic,4Ã—4,2.5,4,Gasoline,,Air Conditioning|Alloy Wheels|Backup Camera|Bluetooth Connection|Brake Assist|Cooled Seats|Cruise Control|Heads Up Display|Heated Seats|Keyless Entry|Lane Assist|Navigation System|Parking Sensors|Power Seats|Power Windows|Satellite Radio|Smart Device Integration|Sunroof / Moonroof,"https://media.getedealer.com/w_1280,h_960,q_90,c_l,v1/inventory/E4ABV3QAAZHLDMZYTH5OAOXUIY.jpg|https://media.getedealer.com/w_1280,h_960,q_90,c_l,v1/inventory/ZL5UGR3TQ5EXDCWUBDLBLFVQPU.jpg|https://media.getedealer.com/w_1280,h_960,q_90,c_l,v1/inventory/4OXE7LIX3NEWBOWFJJEUOP4EZE.jpg|https://media.getedealer.com/w_1280,h_960,q_90,c_l,v1/inventory/RM4XSGUSWJHHVCOPCEVOSS33DQ.jpg|https://media.getedealer.com/w_1280,h_960,q_90,c_l,v1/inventory/NOXREOLIV5CBJKX6H3OYCOHPOI.jpg|https://media.getedealer.com/w_1280,h_960,q_90,c_l,v1/inventory/WYY4272WTRFXBJ3S5ALRP7SZSM.jpg|https://media.getedealer.com/w_1280,h_960,q_90,c_l,v1/inventory/IAU74DLJZJG6FEN3JG7VBGNMJE.jpg|https://media.getedealer.com/w_1280,h_960,q_90,c_l,v1/inventory/NYLIFFETOJE6BAW7JSEA644LQY.jpg|https://media.getedealer.com/w_1280,h_960,q_90,c_l,v1/inventory/4R6U3TRYGJE7JLOX53KAC5DJDM.jpg|https://media.getedealer.com/w_1280,h_960,q_90,c_l,v1/inventory/7ZEDNYEQRZAMDNT7QQLTEXMC4Y.jpg|https://media.getedealer.com/w_1280,h_960,q_90,c_l,v1/inventory/U33MRKLI5JAYLNUTVGDE23E2RE.jpg|https://media.getedealer.com/w_1280,h_960,q_90,c_l,v1/inventory/EMCTVNGL5FAVLPQCPF7H77X7SA.jpg|https://media.getedealer.com/w_1280,h_960,q_90,c_l,v1/inventory/W4RYCWMM5BD63CTIYCQJFN32PE.jpg|https://media.getedealer.com/w_1280,h_960,q_90,c_l,v1/inventory/MD5DTZZAWJCA5BB4YA3ABEA2OI.jpg|https://media.getedealer.com/w_1280,h_960,q_90,c_l,v1/inventory/LXAWPYO4GFCSZKZYNUORRE4YIA.jpg|https://media.getedealer.com/w_1280,h_960,q_90,c_l,v1/inventory/AHZKE2LS2FFVLLZBGOO7UEF4B4.jpg|https://media.getedealer.com/w_1280,h_960,q_90,c_l,v1/inventory/DZGOSM6ASRHTTOFVHVZKFUFFAM.jpg|https://media.getedealer.com/w_1280,h_960,q_90,c_l,v1/inventory/NZVJFQ5HN5BFVKTKRN6QFQG44I.jpg|https://media.getedealer.com/w_1280,h_960,q_90,c_l,v1/inventory/DG2GDWBDDBFFRK4M2USOGU76FE.jpg|https://media.getedealer.com/w_1280,h_960,q_90,c_l,v1/inventory/6E5F4AZOOBHSVHEZYNUNBND7EI.jpg|https://media.getedealer.com/w_1280,h_960,q_90,c_l,v1/inventory/AWWHKMBTDBGMPE25QSDGCBCWIM.jpg|https://media.getedealer.com/w_1280,h_960,q_90,c_l,v1/inventory/HPQMLX5M4VENVM5U5JBNP7F5RE.jpg|https://media.getedealer.com/w_1280,h_960,q_90,c_l,v1/inventory/EKG2HK342ZDAHLTAGZBN744JQ4.jpg|https://media.getedealer.com/w_1280,h_960,q_90,c_l,v1/inventory/YO7RM3QGYRH7FJELZVBFFFEDMM.jpg",10-02-2025 08:15,FALSE
g5JXS7yzTf2T0qDda8dM5A,CHILLIWACK MITSUBISHI,,+1 672-784-5040,45510 Yale Rd,Chilliwack,BC,V2P 2M9,49.151131,-121.963743,9BMwufFCT4239rexhEcwSw,KM8J3CAL6LU265925,UU265925,USED,2020,Hyundai,Tucson,Ultimate,Ultimate AWD,23500,147601,SUV,Silver,,4,,Automatic,AWD,2.4,4,Gasoline,,Air Conditioning|Alloy Wheels|Backup Camera|Bluetooth Connection|Brake Assist|Cooled Seats|Cruise Control|Heated Seats|Keyless Entry|Lane Assist|Leather Seats|Navigation System|Parking Sensors|Power Seats|Power Windows|Satellite Radio|Smart Device Integration|Sunroof / Moonroof,"https://media.getedealer.com/w_1280,h_960,q_90,c_l,v1/inventory/G5EVO5CVQFFLJKDQUGD46ZWVSY.jpg|https://media.getedealer.com/w_1280,h_960,q_90,c_l,v1/inventory/7OT6WNLXDVCFBOWBA7KBOVDSEI.jpg|https://media.getedealer.com/w_1280,h_960,q_90,c_l,v1/inventory/ZZ2X3XAZORGZVF2OV4SISXNBJA.jpg|https://media.getedealer.com/w_1280,h_960,q_90,c_l,v1/inventory/36ZKCCCNVFCUPPMXJUZPL37AT4.jpg|https://media.getedealer.com/w_1280,h_960,q_90,c_l,v1/inventory/NGAXZVJLKBF4PPGVKUMIS45QMM.jpg|https://media.getedealer.com/w_1280,h_960,q_90,c_l,v1/inventory/DKZFMAVVAJALPM3CFDKS4NG6YU.jpg|https://media.getedealer.com/w_1280,h_960,q_90,c_l,v1/inventory/27B6KWGOTRAERDCCJWHA7TE2WA.jpg|https://media.getedealer.com/w_1280,h_960,q_90,c_l,v1/inventory/H73DSAZ4DBHUPM5BXDJOUFU7VY.jpg|https://media.getedealer.com/w_1280,h_960,q_90,c_l,v1/inventory/O3QCTZFHOJEF7JWXNNRK623AYA.jpg|https://media.getedealer.com/w_1280,h_960,q_90,c_l,v1/inventory/YAXVT3RRNVEN7CYWSJE55GRAWM.jpg|https://media.getedealer.com/w_1280,h_960,q_90,c_l,v1/inventory/XALD543ZTJGYVHJFE3WTPJJ3FA.jpg|https://media.getedealer.com/w_1280,h_960,q_90,c_l,v1/inventory/6ND6WSIECNEGTMA655GESYAJUI.jpg|https://media.getedealer.com/w_1280,h_960,q_90,c_l,v1/inventory/SNWV2NVYH5GYDGFOOGLMHW5R2A.jpg|https://media.getedealer.com/w_1280,h_960,q_90,c_l,v1/inventory/BXJ4T5QNAJCFRIUHJCKS5Y3QE4.jpg|https://media.getedealer.com/w_1280,h_960,q_90,c_l,v1/inventory/FAZ4A6RJDNAOPD32QTXLZR7US4.jpg|https://media.getedealer.com/w_1280,h_960,q_90,c_l,v1/inventory/7DVHU66BWNHNTNGPRFMUXR55EU.jpg|https://media.getedealer.com/w_1280,h_960,q_90,c_l,v1/inventory/AEY7PGKGAZAH5ACLIUOVYXYH3E.jpg|https://media.getedealer.com/w_1280,h_960,q_90,c_l,v1/inventory/35X3GEVCTFFSDEY7YLMP6EP2S4.jpg|https://media.getedealer.com/w_1280,h_960,q_90,c_l,v1/inventory/DXERWOAY2RHK5AHNYS3HCPEJIE.jpg|https://media.getedealer.com/w_1280,h_960,q_90,c_l,v1/inventory/VT5UGUDT5VGMRFSEYTYSRIPQJE.jpg|https://media.getedealer.com/w_1280,h_960,q_90,c_l,v1/inventory/2AQF6H77U5A7NIF4DT355VSFO4.jpg|https://media.getedealer.com/w_1280,h_960,q_90,c_l,v1/inventory/G7UVC2R6EVGTRN43E6LCVSZQI4.jpg|https://media.getedealer.com/w_1280,h_960,q_90,c_l,v1/inventory/5EY4UOKSK5DOPBDMH4CSPJJUIA.jpg|https://media.getedealer.com/w_1280,h_960,q_90,c_l,v1/inventory/PYBHASN4HNG7XICDBTZRH4UMDA.jpg|https://media.getedealer.com/w_1280,h_960,q_90,c_l,v1/inventory/PLGT63FFLBFJNDPZT5XE5MBSBE.jpg",11-01-2025 07:12,FALSE
g5JXS7yzTf2T0qDda8dM5A,CHILLIWACK MITSUBISHI,,+1 672-784-5040,45510 Yale Rd,Chilliwack,BC,V2P 2M9,49.151131,-121.963743,9g2FYgWIT6iN9uz5lgauzA,1C4PJMJS1HW562775,NA562775,USED,2017,Jeep,Cherokee,Overland,4WD 4dr Overland,10950,252939,SUV,White,Black,4,,Automatic,4Ã—4,3.2,6,Gasoline,,Air Conditioning|Alloy Wheels|Backup Camera|Bluetooth Connection|Brake Assist|Cooled Seats|Cruise Control|Heated Seats|Keyless Entry|Lane Assist|Leather Seats|Navigation System|Parking Sensors|Power Seats|Power Windows|Remote Start|Satellite Radio,"https://media.getedealer.com/w_1280,h_960,q_90,c_l,v1/inventory/TZQKDEHC7BBNHDRV7GE5JYVBYA.jpg|https://media.getedealer.com/w_1280,h_960,q_90,c_l,v1/inventory/KRWVJHGR3NFHPAZ32YPWFXCCJA.jpg|https://media.getedealer.com/w_1280,h_960,q_90,c_l,v1/inventory/5MRUXU6AQ5FYTMBLDVHOKE3W4Q.jpg|https://media.getedealer.com/w_1280,h_960,q_90,c_l,v1/inventory/A5MYJLTPH5G75H6PSAIDPU5DVI.jpg|https://media.getedealer.com/w_1280,h_960,q_90,c_l,v1/inventory/6BYJ46G6URCUZIP2V7POLGOZ3Y.jpg|https://media.getedealer.com/w_1280,h_960,q_90,c_l,v1/inventory/6UV7OI4T55GCTDKTX7LAEKRCXU.jpg|https://media.getedealer.com/w_1280,h_960,q_90,c_l,v1/inventory/G2MMSSFDDJFH3B63H567BCTHJM.jpg|https://media.getedealer.com/w_1280,h_960,q_90,c_l,v1/inventory/RDGHT6AHINC6RJ5SNJGMRVGJS4.jpg|https://media.getedealer.com/w_1280,h_960,q_90,c_l,v1/inventory/RPT7WTVWBJCUBIZHSD32GLIJP4.jpg|https://media.getedealer.com/w_1280,h_960,q_90,c_l,v1/inventory/3IA3CKRTD5G2ZPT4T4MI4JCQ3M.jpg|https://media.getedealer.com/w_1280,h_960,q_90,c_l,v1/inventory/SBFJSZHYGBGLTGNDZH7GUS6SA4.jpg|https://media.getedealer.com/w_1280,h_960,q_90,c_l,v1/inventory/JMCOTCPZDRCHNJ572UVILFCW6I.jpg|https://media.getedealer.com/w_1280,h_960,q_90,c_l,v1/inventory/TX7KVO3MFJDW7KN2Z4ENFYDDEI.jpg|https://media.getedealer.com/w_1280,h_960,q_90,c_l,v1/inventory/UNN2OL6R2ZA75K75BYYQA7RD6A.jpg|https://media.getedealer.com/w_1280,h_960,q_90,c_l,v1/inventory/XBQIEBW7VVFVROKGR557ZPRKIY.jpg|https://media.getedealer.com/w_1280,h_960,q_90,c_l,v1/inventory/QRPL5K6HZZASBEP4SOVJCLN2EU.jpg|https://media.getedealer.com/w_1280,h_960,q_90,c_l,v1/inventory/63RWXYYHEJBFNAABUNC2JLADUA.jpg|https://media.getedealer.com/w_1280,h_960,q_90,c_l,v1/inventory/WKAK6BZASJBADAARAMBNADRXAI.jpg|https://media.getedealer.com/w_1280,h_960,q_90,c_l,v1/inventory/ZJHT7LDURBDZXDWP6ZM7LFC2R4.jpg|https://media.getedealer.com/w_1280,h_960,q_90,c_l,v1/inventory/6LY5NEPJTBDORF3BHPMSQLRRGM.jpg|https://media.getedealer.com/w_1280,h_960,q_90,c_l,v1/inventory/6VJ644NYUJEDXMCXL3SVJPBTDQ.jpg|https://media.getedealer.com/w_1280,h_960,q_90,c_l,v1/inventory/3WPQ2CVKUVDTNBKJED5LNE2RW4.jpg|https://media.getedealer.com/w_1280,h_960,q_90,c_l,v1/inventory/MDQCGGKSNNEGBAZBBWO6FB6C4E.jpg|https://media.getedealer.com/w_1280,h_960,q_90,c_l,v1/inventory/RDGWONN7RBAOVOWJNFSXA66FGM.jpg",10-02-2025 08:12,FALSE
g5JXS7yzTf2T0qDda8dM5A,CHILLIWACK MITSUBISHI,,+1 672-784-5040,45510 Yale Rd,Chilliwack,BC,V2P 2M9,49.151131,-121.963743,9jMQBR9lRYKcDvnHvzePrQ,JA4ATUAAXTZ600982,MI600982,NEW,2026,Mitsubishi,Eclipse Cross,ES,ES S-AWC,31573,30,SUV,Gray,,4,,Automatic,4Ã—4,1.5,4,Gasoline,,Air Conditioning|Alloy Wheels|Backup Camera|Bluetooth Connection|Brake Assist|Cruise Control|Heated Seats|Keyless Entry|Power Windows|Satellite Radio|Smart Device Integration,"https://media.getedealer.com/w_1280,h_960,q_90,c_l,v1/inventory/W7G5X5Y3R5FXZDEV2EMT67GXKU.jpg|https://media.getedealer.com/w_1280,h_960,q_90,c_l,v1/inventory/GLE5QAGYTBFDJF5OQRN6GHJVAY.jpg|https://media.getedealer.com/w_1280,h_960,q_90,c_l,v1/inventory/EZEZASCAHFGQ7O7LL3D7FSA6KI.jpg|https://media.getedealer.com/w_1280,h_960,q_90,c_l,v1/inventory/DJ2QA57CIFGS5O5CR3CRBA3AIM.jpg|https://media.getedealer.com/w_1280,h_960,q_90,c_l,v1/inventory/T5JW6VYJZFC2POP5Z6POWEK4GM.jpg|https://media.getedealer.com/w_1280,h_960,q_90,c_l,v1/inventory/XKXUTNB4GNGZDL7YLPM4MPPJ7U.jpg|https://media.getedealer.com/w_1280,h_960,q_90,c_l,v1/inventory/QHDONWSM6BDUPB73SLIS6U2ZNU.jpg|https://media.getedealer.com/w_1280,h_960,q_90,c_l,v1/inventory/MZ42BI7VUVFNTFCPOACJE6QB4Q.jpg|https://media.getedealer.com/w_1280,h_960,q_90,c_l,v1/inventory/SV4R6HZSGZEVVPYLDYJK5EGZTY.jpg|https://media.getedealer.com/w_1280,h_960,q_90,c_l,v1/inventory/D3FOMEJCZRDYDBLDLLZPHQYFUM.jpg|https://media.getedealer.com/w_1280,h_960,q_90,c_l,v1/inventory/PWGLNBLSZBF2DEIOJFT2UEEF7I.jpg|https://media.getedealer.com/w_1280,h_960,q_90,c_l,v1/inventory/XXYPAXPB7RFPRLZ4UGND3J6YTY.jpg|https://media.getedealer.com/w_1280,h_960,q_90,c_l,v1/inventory/55Y7IVPJKNHMZOV3D4JEKHIGRE.jpg|https://media.getedealer.com/w_1280,h_960,q_90,c_l,v1/inventory/RFQCF62UCZF73JJCQVIXNH2NDY.jpg|https://media.getedealer.com/w_1280,h_960,q_90,c_l,v1/inventory/ORYWH5YEAFCDBIVKVRBQ3CVAPY.jpg|https://media.getedealer.com/w_1280,h_960,q_90,c_l,v1/inventory/I27DPRPNV5FDLI4XSHFEHQA3SU.jpg|https://media.getedealer.com/w_1280,h_960,q_90,c_l,v1/inventory/JIKZO7R4O5BZ7BOE53GEIFR7CA.jpg|https://media.getedealer.com/w_1280,h_960,q_90,c_l,v1/inventory/KAKLKIEVSZD2NADLC52GCOBJWQ.jpg|https://media.getedealer.com/w_1280,h_960,q_90,c_l,v1/inventory/TWFYET7UTZGQTMBHKV6SMVTYNU.jpg|https://media.getedealer.com/w_1280,h_960,q_90,c_l,v1/inventory/VDIQFN2HPNBVZOZUVYLLTYXLYY.jpg|https://media.getedealer.com/w_1280,h_960,q_90,c_l,v1/inventory/QYW6UATVQNFFRDKIIOO7MSU6GU.jpg|https://media.getedealer.com/w_1280,h_960,q_90,c_l,v1/inventory/7N2VH22IHZALDA7VRJMTWGJFX4.jpg|https://media.getedealer.com/w_1280,h_960,q_90,c_l,v1/inventory/XDXWY4GEMNFUFAJWOJLVUAOEPA.jpg|https://media.getedealer.com/w_1280,h_960,q_90,c_l,v1/inventory/F5GF3ND6XRE3NHYO67L3BWNLAA.jpg|https://media.getedealer.com/w_1280,h_960,q_90,c_l,v1/inventory/IHHXOIRQ6VDXTPCN4ILVSKMG3M.jpg",10-02-2025 08:14,FALSE
g5JXS7yzTf2T0qDda8dM5A,CHILLIWACK MITSUBISHI,,+1 672-784-5040,45510 Yale Rd,Chilliwack,BC,V2P 2M9,49.151131,-121.963743,A2WCCLsAQe6Ba0VQA1Zj7A,JTKJF5C7XF3091240,UU091240,USED,2015,Scion,tC,Other,2dr Auto,9950,129299,Coupe,Blue,,2,,,FWD,2.5,4,Gasoline,,Air Conditioning|Alloy Wheels|Bluetooth Connection|Brake Assist|Cruise Control|Keyless Entry|Power Windows|Sunroof / Moonroof,"https://media.getedealer.com/w_1280,h_960,q_90,c_l,v1/inventory/56J3HDKAIVGLDKXBAHLQJY2YOM.jpg|https://media.getedealer.com/w_1280,h_960,q_90,c_l,v1/inventory/7KEZVIHLCBCNXIF6N72LS53PPA.jpg|https://media.getedealer.com/w_1280,h_960,q_90,c_l,v1/inventory/PQJP5WEHSZENFMU66O4672NPGE.jpg|https://media.getedealer.com/w_1280,h_960,q_90,c_l,v1/inventory/HX35RNBWNVA5RARLGIIXZYF3HU.jpg|https://media.getedealer.com/w_1280,h_960,q_90,c_l,v1/inventory/3SYLVKVONNDTFN22U7PKT53O7I.jpg|https://media.getedealer.com/w_1280,h_960,q_90,c_l,v1/inventory/UKVECAD74ZAU3KALAJHACQBZVI.jpg|https://media.getedealer.com/w_1280,h_960,q_90,c_l,v1/inventory/6XURLBFTMRE4XG2E4NLLVS36O4.jpg|https://media.getedealer.com/w_1280,h_960,q_90,c_l,v1/inventory/I6CEFE3WO5ERHCUCXPHAUI44GU.jpg|https://media.getedealer.com/w_1280,h_960,q_90,c_l,v1/inventory/EETU45GXWNAQDNWD4W7OOKSDLE.jpg|https://media.getedealer.com/w_1280,h_960,q_90,c_l,v1/inventory/IWEJUCEGUFDETFYIDECJF7LOMM.jpg|https://media.getedealer.com/w_1280,h_960,q_90,c_l,v1/inventory/APJFSKFNB5HOLK5DAERJWHLV6A.jpg|https://media.getedealer.com/w_1280,h_960,q_90,c_l,v1/inventory/MQL34RQQUJDZXJUXBIDT46P25M.jpg|https://media.getedealer.com/w_1280,h_960,q_90,c_l,v1/inventory/B6JGYPWWCVAWBE5CZPP32WSRSU.jpg|https://media.getedealer.com/w_1280,h_960,q_90,c_l,v1/inventory/AXXIVSFQU5F75P4H2FFE4P4H2I.jpg|https://media.getedealer.com/w_1280,h_960,q_90,c_l,v1/inventory/E2ML42XAZFEJPGB452ZL3AALSU.jpg|https://media.getedealer.com/w_1280,h_960,q_90,c_l,v1/inventory/DE57VBZITFBHNKILQ3UI4MMZWM.jpg|https://media.getedealer.com/w_1280,h_960,q_90,c_l,v1/inventory/TXTE2MGDJNBXHN7PXMF7QCEZJM.jpg|https://media.getedealer.com/w_1280,h_960,q_90,c_l,v1/inventory/PBYOW6NCD5FSLD7EQFVNC6DXWQ.jpg|https://media.getedealer.com/w_1280,h_960,q_90,c_l,v1/inventory/IZMTQOVGHVBRPEO5NKAJ44S6K4.jpg|https://media.getedealer.com/w_1280,h_960,q_90,c_l,v1/inventory/QMKCXNYVXRCELGY65JLNPC2LE4.jpg|https://media.getedealer.com/w_1280,h_960,q_90,c_l,v1/inventory/KA3IJDI53BH2JAFECIUMGDOAZI.jpg|https://media.getedealer.com/w_1280,h_960,q_90,c_l,v1/inventory/HJXKUR2I7FEY3JBHRJBUS7YIXA.jpg|https://media.getedealer.com/w_1280,h_960,q_90,c_l,v1/inventory/TFZIDD5DONHD7CZ4A5IOXHTTO4.jpg|https://media.getedealer.com/w_1280,h_960,q_90,c_l,v1/inventory/43ZO7CP5ARHXJGAHQAINFS4V2Y.jpg|https://media.getedealer.com/w_1280,h_960,q_90,c_l,v1/inventory/P4WJXV4F7VHK5CJHD7W3TVAL54.jpg",12-09-2025 07:40,FALSE
g5JXS7yzTf2T0qDda8dM5A,CHILLIWACK MITSUBISHI,,+1 672-784-5040,45510 Yale Rd,Chilliwack,BC,V2P 2M9,49.151131,-121.963743,AAdU1P6PTS2b1NlgcJIDRw,JA4AJUAU7TU601682,MI601682,NEW,2026,Mitsubishi,RVR,ES,ES AWC,28873,24,SUV,Silver,,4,,Automatic,4Ã—4,2,4,Gasoline,,Air Conditioning|Backup Camera|Bluetooth Connection|Brake Assist|Cruise Control|Heated Seats|Keyless Entry|Power Windows|Satellite Radio|Smart Device Integration,"https://media.getedealer.com/w_1280,h_960,q_90,c_l,v1/inventory/3N4BQLVVS5BR5KXBFXBNRM6KWE.jpg|https://media.getedealer.com/w_1280,h_960,q_90,c_l,v1/inventory/XYTA2H7I6NB7REFDRVEPFB5C4Y.jpg|https://media.getedealer.com/w_1280,h_960,q_90,c_l,v1/inventory/TKFJ3RFCAZFZ7GTQGOBVCFBEWU.jpg|https://media.getedealer.com/w_1280,h_960,q_90,c_l,v1/inventory/36XGJBSVXBAYDGAZDOXYO6AFOQ.jpg|https://media.getedealer.com/w_1280,h_960,q_90,c_l,v1/inventory/EA7Y5AN33BBTNGDVAAMV7FWUQA.jpg|https://media.getedealer.com/w_1280,h_960,q_90,c_l,v1/inventory/JL6CKXNBY5BC7KOMZH36DSY7YQ.jpg|https://media.getedealer.com/w_1280,h_960,q_90,c_l,v1/inventory/7U7IBD3O55D4BOUN7LI5MKF3AI.jpg|https://media.getedealer.com/w_1280,h_960,q_90,c_l,v1/inventory/6BEX2XX5HBG67A5KTORB4DH6TI.jpg|https://media.getedealer.com/w_1280,h_960,q_90,c_l,v1/inventory/Q6CB3IZ5IFA6FPQPOUDTQJAJBA.jpg|https://media.getedealer.com/w_1280,h_960,q_90,c_l,v1/inventory/MJ2GYQROWZBALL6QGCFIPDZMDQ.jpg|https://media.getedealer.com/w_1280,h_960,q_90,c_l,v1/inventory/CHVL2NLD5ZEI5NHZTWIPPHCVXE.jpg|https://media.getedealer.com/w_1280,h_960,q_90,c_l,v1/inventory/2PHD3OK2OJB7ZESLHA3QHSSVAI.jpg|https://media.getedealer.com/w_1280,h_960,q_90,c_l,v1/inventory/V6MH4YPUHVF5NJ6XM2S7RDPXTA.jpg|https://media.getedealer.com/w_1280,h_960,q_90,c_l,v1/inventory/P3J46UMEJJDGRNXAFYZNWLNHOQ.jpg|https://media.getedealer.com/w_1280,h_960,q_90,c_l,v1/inventory/T2DS3UKHNJFRNBTUPP3LFQ74TY.jpg|https://media.getedealer.com/w_1280,h_960,q_90,c_l,v1/inventory/P7PEM5ZHW5GOJLJ6254DA3VQUA.jpg|https://media.getedealer.com/w_1280,h_960,q_90,c_l,v1/inventory/7P6QXARICVEJ5BNRNDGKN6DVPQ.jpg|https://media.getedealer.com/w_1280,h_960,q_90,c_l,v1/inventory/HRYV2W5HDBBFZPGH7GXCUUHWBU.jpg|https://media.getedealer.com/w_1280,h_960,q_90,c_l,v1/inventory/SJ7YY5CSIJCALK6BO3DTERGLRE.jpg|https://media.getedealer.com/w_1280,h_960,q_90,c_l,v1/inventory/E2RPNPJVZVAIFDHQMQ3R5E5BBU.jpg|https://media.getedealer.com/w_1280,h_960,q_90,c_l,v1/inventory/OEJXP36JDVCMRPAACO3Z5FRBVI.jpg|https://media.getedealer.com/w_1280,h_960,q_90,c_l,v1/inventory/5R2PCKR2WZD6BMJB6X2NAM27U4.jpg|https://media.getedealer.com/w_1280,h_960,q_90,c_l,v1/inventory/7CUOBFFC5ZGUVGVMDVJAKBUVHE.jpg|https://media.getedealer.com/w_1280,h_960,q_90,c_l,v1/inventory/HKK5LDYLEFAOZDU7TTJEZ56VVA.jpg",12/20/2025 7:35:03,FALSE
g5JXS7yzTf2T0qDda8dM5A,CHILLIWACK MITSUBISHI,,+1 672-784-5040,45510 Yale Rd,Chilliwack,BC,V2P 2M9,49.151131,-121.963743,AbG9tmV0TgubQUEWVJJmgg,JA4AT4AA9KZ602124,UU602124,USED,2019,Mitsubishi,Eclipse Cross,GT,GT S-AWC *Ltd Avail*,23400,130974,SUV,Blue,Black,4,,Automatic,4Ã—4,1.5,4,Gasoline,,Air Conditioning|Alloy Wheels|Backup Camera|Bluetooth Connection|Brake Assist|Cruise Control|Heated Seats|Keyless Entry|Lane Assist|Power Windows|Satellite Radio|Smart Device Integration,"https://media.getedealer.com/w_1280,h_960,q_90,c_l,v1/inventory/CDAPZCMYWFEEPJ5T2QXLZ6J7AU.jpg|https://media.getedealer.com/w_1280,h_960,q_90,c_l,v1/inventory/UPE2RIDXFVDR5KQTMPBANACMRM.jpg|https://media.getedealer.com/w_1280,h_960,q_90,c_l,v1/inventory/YB2MT3YNHFBE5HZX24LS6CV7SY.jpg|https://media.getedealer.com/w_1280,h_960,q_90,c_l,v1/inventory/SDMKTBM7SZABBHRLQGQO4O34KA.jpg|https://media.getedealer.com/w_1280,h_960,q_90,c_l,v1/inventory/J4ZILJW5JNEQ5JYPBI4A76QKXY.jpg|https://media.getedealer.com/w_1280,h_960,q_90,c_l,v1/inventory/2T3AQOL7VJCDVNXWBCLKHNUJYY.jpg|https://media.getedealer.com/w_1280,h_960,q_90,c_l,v1/inventory/USOZ7JZTSVGBBLENBS5OWEFFEA.jpg|https://media.getedealer.com/w_1280,h_960,q_90,c_l,v1/inventory/TI7GH7WHTBBZBNTRMMEAUTF4XA.jpg|https://media.getedealer.com/w_1280,h_960,q_90,c_l,v1/inventory/L5H2NNZBX5BD3ADX2FLCWWKVNI.jpg|https://media.getedealer.com/w_1280,h_960,q_90,c_l,v1/inventory/C5O6KTBRXVEIXINGR4VD5G2B6M.jpg|https://media.getedealer.com/w_1280,h_960,q_90,c_l,v1/inventory/HLX43QKS5FF23P5WUND72WKGDQ.jpg|https://media.getedealer.com/w_1280,h_960,q_90,c_l,v1/inventory/W5CU23EH5NHQVF44YC3GQZ4NMI.jpg|https://media.getedealer.com/w_1280,h_960,q_90,c_l,v1/inventory/6P4SXL52KVBTNC37NEV2RTTNCA.jpg|https://media.getedealer.com/w_1280,h_960,q_90,c_l,v1/inventory/KNKO3QC4RNFW7ERSDTQ7NYC4EQ.jpg|https://media.getedealer.com/w_1280,h_960,q_90,c_l,v1/inventory/GHZOOVTCPFHINBWKWRKKELXWL4.jpg|https://media.getedealer.com/w_1280,h_960,q_90,c_l,v1/inventory/GKXHZFKOTRGJXKE3NZUDB5A3GY.jpg|https://media.getedealer.com/w_1280,h_960,q_90,c_l,v1/inventory/7HFAQ3UFUBBX3L3SGDY5ZMJQH4.jpg|https://media.getedealer.com/w_1280,h_960,q_90,c_l,v1/inventory/YY2PVJRO6JGWBD3VPJNM2CRCPA.jpg|https://media.getedealer.com/w_1280,h_960,q_90,c_l,v1/inventory/LF6ROGKBCFDHRDIHXAUEE3WR5Q.jpg|https://media.getedealer.com/w_1280,h_960,q_90,c_l,v1/inventory/FUO4L6NFXNF4JLE34A76Q53A3Y.jpg|https://media.getedealer.com/w_1280,h_960,q_90,c_l,v1/inventory/WLHWCAC36VAADP7LXIFHS6B2MQ.jpg|https://media.getedealer.com/w_1280,h_960,q_90,c_l,v1/inventory/HNGLNRZTAZD2BFZWBE7OXHFAG4.jpg|https://media.getedealer.com/w_1280,h_960,q_90,c_l,v1/inventory/L4MLGRP6Q5E3JHQY4ITSHZQAOE.jpg|https://media.getedealer.com/w_1280,h_960,q_90,c_l,v1/inventory/PIIJ3P6N3NGZXMIBTDGJNOHS5A.jpg",11/27/2025 7:37:45,FALSE
g5JXS7yzTf2T0qDda8dM5A,CHILLIWACK MITSUBISHI,,+1 672-784-5040,45510 Yale Rd,Chilliwack,BC,V2P 2M9,49.151131,-121.963743,BMWnaxNdQDKFjhcAGEzEDA,1FMCU9JA8RUA71963,UUA71963,USED,2024,Ford,Escape,Platinum,Platinum AWD,36150,51617,SUV,Black,,4,,Automatic,AWD,2,4,Gasoline,,Air Conditioning|Alloy Wheels|Backup Camera|Bluetooth Connection|Brake Assist|Cruise Control|Heated Seats|Keyless Entry|Lane Assist|Navigation System|Parking Sensors|Power Seats|Power Windows|Remote Start|Satellite Radio|Smart Device Integration|Wi-Fi Hotspot,"https://media.getedealer.com/w_1280,h_960,q_90,c_l,v1/inventory/B7SZM6RALBC5NLRDOTBAQA43OQ.jpg|https://media.getedealer.com/w_1280,h_960,q_90,c_l,v1/inventory/VT2A6P6JPJEWTBJRH4QBHPN5HQ.jpg|https://media.getedealer.com/w_1280,h_960,q_90,c_l,v1/inventory/ZHSHLSBGRRDMJG45KTA2TBEK74.jpg|https://media.getedealer.com/w_1280,h_960,q_90,c_l,v1/inventory/QZBR3ONWSJCPNNDZBF4MMJUVTY.jpg|https://media.getedealer.com/w_1280,h_960,q_90,c_l,v1/inventory/DVFRUG533BFR5JMJCHHQ6ER7HY.jpg|https://media.getedealer.com/w_1280,h_960,q_90,c_l,v1/inventory/D2KY7XCIUBG2RIBUJZYE4TJ7UA.jpg|https://media.getedealer.com/w_1280,h_960,q_90,c_l,v1/inventory/HJSO5H6FRJG3BBH6TXCAMGNOMU.jpg|https://media.getedealer.com/w_1280,h_960,q_90,c_l,v1/inventory/QRLJAQ2ZFBG6NHWECZGGYOXP3Y.jpg|https://media.getedealer.com/w_1280,h_960,q_90,c_l,v1/inventory/CTYVCLY52BACFKD7WMBJSWCPZU.jpg|https://media.getedealer.com/w_1280,h_960,q_90,c_l,v1/inventory/M4FBI2H5GJFOXMZEVYPQS4NLYI.jpg|https://media.getedealer.com/w_1280,h_960,q_90,c_l,v1/inventory/VTAUAPCFU5CMPEE6EB5LGZ6EOE.jpg|https://media.getedealer.com/w_1280,h_960,q_90,c_l,v1/inventory/Y5CL6C2UTNAWPH242VZBC6ZIZA.jpg|https://media.getedealer.com/w_1280,h_960,q_90,c_l,v1/inventory/YOYJ6UH52NFXHL7WWJ2K6JE5MY.jpg|https://media.getedealer.com/w_1280,h_960,q_90,c_l,v1/inventory/EI5IH4NUXJBBLCJSTPAO7OXLGM.jpg|https://media.getedealer.com/w_1280,h_960,q_90,c_l,v1/inventory/APRM3EEQ6NEOZLCEAYCKNALDGI.jpg|https://media.getedealer.com/w_1280,h_960,q_90,c_l,v1/inventory/QOATRFO37JHYLBG65MPHSRFDQM.jpg|https://media.getedealer.com/w_1280,h_960,q_90,c_l,v1/inventory/T6YN2HLMRJG73CYR442SKQJAQY.jpg|https://media.getedealer.com/w_1280,h_960,q_90,c_l,v1/inventory/DIJRBXZ75FAYJOI34VOGTBIEPY.jpg|https://media.getedealer.com/w_1280,h_960,q_90,c_l,v1/inventory/SHKRTD5QQFDGVMGKUTTNXXO7XE.jpg|https://media.getedealer.com/w_1280,h_960,q_90,c_l,v1/inventory/JCPCHZTFIBCYTK5UZNTAECYX6I.jpg|https://media.getedealer.com/w_1280,h_960,q_90,c_l,v1/inventory/YQ5CEW3O25BINGOKDFTKHSFWGM.jpg|https://media.getedealer.com/w_1280,h_960,q_90,c_l,v1/inventory/PJHM3NAIYBBGZNTADQ7BBC4BWE.jpg|https://media.getedealer.com/w_1280,h_960,q_90,c_l,v1/inventory/27SIKV5CX5ARHH3OXVU247OH4E.jpg|https://media.getedealer.com/w_1280,h_960,q_90,c_l,v1/inventory/UJTXD673MVBYRLXXCCGEXWM4J4.jpg",10-02-2025 08:12,FALSE
g5JXS7yzTf2T0qDda8dM5A,CHILLIWACK MITSUBISHI,,+1 672-784-5040,45510 Yale Rd,Chilliwack,BC,V2P 2M9,49.151131,-121.963743,BTsQMBHZQEqo66z0b778Xw,JA4T5VA96SZ622376,MI622376,NEW,2025,Mitsubishi,Outlander Plug-In Hybrid,SE,SE S-AWC,47598,30,SUV,Red,,4,,Automatic,4Ã—4,2.4,4,Gasoline / Electric Hybrid,,Air Conditioning|Alloy Wheels|Backup Camera|Bluetooth Connection|Brake Assist|Cruise Control|Heated Seats|Keyless Entry|Lane Assist|Parking Sensors|Power Windows|Satellite Radio|Smart Device Integration|Sunroof / Moonroof,"https://media.getedealer.com/w_1280,h_960,q_90,c_l,v1/inventory/KLE7EONJLFH5XFZ2C5GKQOJDJY.jpg|https://media.getedealer.com/w_1280,h_960,q_90,c_l,v1/inventory/TAY2TNE5NRFBHOYUV2SXF6GSMY.jpg|https://media.getedealer.com/w_1280,h_960,q_90,c_l,v1/inventory/ZMI6BRBXONHQLIC4Y3NXFFJYAY.jpg|https://media.getedealer.com/w_1280,h_960,q_90,c_l,v1/inventory/TEBJYIQWHFETTOP5XNDCZYVOI4.jpg|https://media.getedealer.com/w_1280,h_960,q_90,c_l,v1/inventory/OHYFHKJ4OJDJFEIEFTBEEIWPII.jpg|https://media.getedealer.com/w_1280,h_960,q_90,c_l,v1/inventory/XZPNH2GIQBCGFAUKPJ6ESVHAUU.jpg|https://media.getedealer.com/w_1280,h_960,q_90,c_l,v1/inventory/5XYSBPU5FNGGPO5DKW22MV2YBY.jpg|https://media.getedealer.com/w_1280,h_960,q_90,c_l,v1/inventory/VKTABXT6QNBHLMNZGPJ3THFRW4.jpg|https://media.getedealer.com/w_1280,h_960,q_90,c_l,v1/inventory/NSJVRN5I3RGHTA6IYYYGQZAG6I.jpg|https://media.getedealer.com/w_1280,h_960,q_90,c_l,v1/inventory/CGUHUHEXORA53IH3GK76CPZBBQ.jpg|https://media.getedealer.com/w_1280,h_960,q_90,c_l,v1/inventory/2IUEYSMGCJGW3EUGZ7VE2P5JEU.jpg|https://media.getedealer.com/w_1280,h_960,q_90,c_l,v1/inventory/XCAEDA5NPJHDVFF54LAZ23IEUI.jpg|https://media.getedealer.com/w_1280,h_960,q_90,c_l,v1/inventory/T6GD2LVTZJE4DAJJTYL4JSRB3E.jpg|https://media.getedealer.com/w_1280,h_960,q_90,c_l,v1/inventory/SOF3TVZ53ZDN3EZFDFEOQ5Q5ZE.jpg|https://media.getedealer.com/w_1280,h_960,q_90,c_l,v1/inventory/JBYMJYUYLFCURFBRZZ66F4LP7I.jpg|https://media.getedealer.com/w_1280,h_960,q_90,c_l,v1/inventory/OZ5VR4GPUFFADGCBAOMNUIU4TI.jpg|https://media.getedealer.com/w_1280,h_960,q_90,c_l,v1/inventory/MPSO57RKY5CT5F27Y7SRHORVM4.jpg|https://media.getedealer.com/w_1280,h_960,q_90,c_l,v1/inventory/E3MQVHTAK5E3DFZSYSA5LPKUHI.jpg|https://media.getedealer.com/w_1280,h_960,q_90,c_l,v1/inventory/PQYEOIQZ7BALDLLB2COAD4RXWY.jpg|https://media.getedealer.com/w_1280,h_960,q_90,c_l,v1/inventory/LUIUXUE7NVBNLOAJD55KXAUHGY.jpg|https://media.getedealer.com/w_1280,h_960,q_90,c_l,v1/inventory/FZ4URL5NQZCPJLJ45Q44EXHVXY.jpg|https://media.getedealer.com/w_1280,h_960,q_90,c_l,v1/inventory/SK3FDU54HZBOLIL3OBOP52VFQI.jpg|https://media.getedealer.com/w_1280,h_960,q_90,c_l,v1/inventory/ZETHWCVC4FGOBJ2CDW4D7AX7BM.jpg|https://media.getedealer.com/w_1280,h_960,q_90,c_l,v1/inventory/5IEV33EYWREUHB2FMLFZ6LN47M.jpg",10-02-2025 08:15,FALSE
g5JXS7yzTf2T0qDda8dM5A,CHILLIWACK MITSUBISHI,,+1 672-784-5040,45510 Yale Rd,Chilliwack,BC,V2P 2M9,49.151131,-121.963743,BjV8HsCyQ8iKELgmNVePKA,KM8J3CA43HU412749,NA412749,USED,2017,Hyundai,Tucson,SE,AWD 4dr 2.0L SE,20200,90379,SUV,Black,Black,4,,Automatic,AWD,2,4,Gasoline,,Air Conditioning|Alloy Wheels|Backup Camera|Bluetooth Connection|Brake Assist|Cruise Control|Heated Seats|Keyless Entry|Lane Assist|Leather Seats|Power Seats|Power Windows|Satellite Radio|Sunroof / Moonroof,"https://media.getedealer.com/w_1280,h_960,q_90,c_l,v1/inventory/WDZD6GTDFZD6NBLVYVEZKBQQ7A.jpg|https://media.getedealer.com/w_1280,h_960,q_90,c_l,v1/inventory/FXMMURW475CLPJN5OZBKLOIEVU.jpg|https://media.getedealer.com/w_1280,h_960,q_90,c_l,v1/inventory/YYBCWYWGGJGZRINGGZOHNZ54WI.jpg|https://media.getedealer.com/w_1280,h_960,q_90,c_l,v1/inventory/4URXWHDG5RC3FDA7P24MELCO5U.jpg|https://media.getedealer.com/w_1280,h_960,q_90,c_l,v1/inventory/SFXKNGYA3ZELRHDAGD33HS2HUM.jpg|https://media.getedealer.com/w_1280,h_960,q_90,c_l,v1/inventory/NU32G33NQNAANGL3EMROGOZF4Q.jpg|https://media.getedealer.com/w_1280,h_960,q_90,c_l,v1/inventory/Q3RTRE53SJASNGH3IFCH5XNX3Q.jpg|https://media.getedealer.com/w_1280,h_960,q_90,c_l,v1/inventory/3XDB7DM6ENAB5CTDHWFTUAB4WI.jpg|https://media.getedealer.com/w_1280,h_960,q_90,c_l,v1/inventory/5QURZY4EZZG35FT7DR7XLU5NQU.jpg|https://media.getedealer.com/w_1280,h_960,q_90,c_l,v1/inventory/MTRZ6CFP3VB4VGIPJQOMJNBULQ.jpg|https://media.getedealer.com/w_1280,h_960,q_90,c_l,v1/inventory/ZYINEQBRI5EU7AMZ6VNFOKFGYY.jpg|https://media.getedealer.com/w_1280,h_960,q_90,c_l,v1/inventory/JNI5RMALUJFTDCHCBY5Y52ZNGI.jpg|https://media.getedealer.com/w_1280,h_960,q_90,c_l,v1/inventory/UIUUO7YDOFA7PDSDBXTT5HSESY.jpg|https://media.getedealer.com/w_1280,h_960,q_90,c_l,v1/inventory/PDWDXHZSPBFOROE46K3F7D64HE.jpg|https://media.getedealer.com/w_1280,h_960,q_90,c_l,v1/inventory/VMKU2CY5DNAOLAHGSK5VXHXFW4.jpg|https://media.getedealer.com/w_1280,h_960,q_90,c_l,v1/inventory/DY6WCZJ4PREWXJ43Q2U75Q3IJE.jpg|https://media.getedealer.com/w_1280,h_960,q_90,c_l,v1/inventory/VQPICOMDRZCSJKKKHR56MGYDJE.jpg|https://media.getedealer.com/w_1280,h_960,q_90,c_l,v1/inventory/GDO5K53MFZHMBERVLUMOG2FCJQ.jpg|https://media.getedealer.com/w_1280,h_960,q_90,c_l,v1/inventory/LASHH3CC5FHZ7CFTP6GXDP5Q7Y.jpg|https://media.getedealer.com/w_1280,h_960,q_90,c_l,v1/inventory/CGZSKP2SBJELXLASBXQDPDKN3E.jpg|https://media.getedealer.com/w_1280,h_960,q_90,c_l,v1/inventory/G56E65ZZ7ZA7VGZZOBQ7AQRUYE.jpg|https://media.getedealer.com/w_1280,h_960,q_90,c_l,v1/inventory/MCRUMW7OORDFJN4Q72I72K4WL4.jpg|https://media.getedealer.com/w_1280,h_960,q_90,c_l,v1/inventory/MEYGEOIWABFLJPZL3YZ765HTHQ.jpg|https://media.getedealer.com/w_1280,h_960,q_90,c_l,v1/inventory/NCGVL4RD6VA6JIJLIUWYT2KM2Y.jpg",10-02-2025 08:15,FALSE
g5JXS7yzTf2T0qDda8dM5A,CHILLIWACK MITSUBISHI,,+1 672-784-5040,45510 Yale Rd,Chilliwack,BC,V2P 2M9,49.151131,-121.963743,BtFnTXu6Rp65YaN5Ub9TqA,JA4AJVAW6TU602443,MI602443,NEW,2026,Mitsubishi,RVR,SE,SE AWC,30873,24,SUV,Blue,,4,,Automatic,4Ã—4,2.4,4,Gasoline,,Air Conditioning|Alloy Wheels|Backup Camera|Bluetooth Connection|Brake Assist|Cruise Control|Heated Seats|Keyless Entry|Lane Assist|Power Windows|Satellite Radio|Smart Device Integration,"https://media.getedealer.com/w_1280,h_960,q_90,c_l,v1/inventory/WTSQPISD2VBEBNUJTQQ7DCRZNI.jpg|https://media.getedealer.com/w_1280,h_960,q_90,c_l,v1/inventory/5OEQXX6E2NBB5JKQWDVD5BIDWU.jpg|https://media.getedealer.com/w_1280,h_960,q_90,c_l,v1/inventory/MWZP5TNBLBE3ZO5N6G7N7NVNOM.jpg|https://media.getedealer.com/w_1280,h_960,q_90,c_l,v1/inventory/2EVDETOEH5BXXKZUFUO5CCJUJ4.jpg|https://media.getedealer.com/w_1280,h_960,q_90,c_l,v1/inventory/XN26LSXFSREHTHNP3UDCQOWAYY.jpg|https://media.getedealer.com/w_1280,h_960,q_90,c_l,v1/inventory/3WE7CGN5FZDCRJ4Y5QGWMDYYXQ.jpg|https://media.getedealer.com/w_1280,h_960,q_90,c_l,v1/inventory/C7IOJU47TBAJJO5HN7DDWSOFKE.jpg|https://media.getedealer.com/w_1280,h_960,q_90,c_l,v1/inventory/IYI3NZRXJNCTFL75AAZV7XP5OM.jpg|https://media.getedealer.com/w_1280,h_960,q_90,c_l,v1/inventory/IPWZ456WQBDH7MHWL5KMX6J7DM.jpg|https://media.getedealer.com/w_1280,h_960,q_90,c_l,v1/inventory/TDKBLQW5KVE7ZLJBBHMTP5RCIQ.jpg|https://media.getedealer.com/w_1280,h_960,q_90,c_l,v1/inventory/625HHCMQRJG77ALQYMVFTWTBUE.jpg|https://media.getedealer.com/w_1280,h_960,q_90,c_l,v1/inventory/LBATIMCRONABDFT2EXM7TKBBCI.jpg|https://media.getedealer.com/w_1280,h_960,q_90,c_l,v1/inventory/HZXF56DA7VA7FG2NSDNTH54B5Y.jpg|https://media.getedealer.com/w_1280,h_960,q_90,c_l,v1/inventory/FYPQULC5CVHDLMWSZQ3VVMOLHQ.jpg|https://media.getedealer.com/w_1280,h_960,q_90,c_l,v1/inventory/WKU4LKTHMNH4JN5QSIWCLYBBC4.jpg|https://media.getedealer.com/w_1280,h_960,q_90,c_l,v1/inventory/6TOTCNVVMZBY3GKL7OGMPY6FTY.jpg|https://media.getedealer.com/w_1280,h_960,q_90,c_l,v1/inventory/7O7LI7YMKZEKNKOR2WWRWNBPJM.jpg|https://media.getedealer.com/w_1280,h_960,q_90,c_l,v1/inventory/I7SLC23VFFDA7NB6V2UTHRWDOA.jpg|https://media.getedealer.com/w_1280,h_960,q_90,c_l,v1/inventory/CZSPS6DDJRBMJBJLGZDNZDBXKQ.jpg|https://media.getedealer.com/w_1280,h_960,q_90,c_l,v1/inventory/WU3ULGNDL5BPJDRWZPRUQ24LTQ.jpg|https://media.getedealer.com/w_1280,h_960,q_90,c_l,v1/inventory/O65HOQ5MTRH2XMHUCRY2CLQ3QE.jpg|https://media.getedealer.com/w_1280,h_960,q_90,c_l,v1/inventory/JK2M5CS4TNFHLGLN3INYDPADHI.jpg|https://media.getedealer.com/w_1280,h_960,q_90,c_l,v1/inventory/PAGSOP7WKRH7TJOAHCZ6VATUWE.jpg|https://media.getedealer.com/w_1280,h_960,q_90,c_l,v1/inventory/J7L3FVDSCRHFHOE7VVPT4XMRCY.jpg|https://media.getedealer.com/w_1280,h_960,q_90,c_l,v1/inventory/GPU53CEEKVB53MXLT3DJNXJTMM.jpg",12/19/2025 7:33:35,FALSE
g5JXS7yzTf2T0qDda8dM5A,CHILLIWACK MITSUBISHI,,+1 672-784-5040,45510 Yale Rd,Chilliwack,BC,V2P 2M9,49.151131,-121.963743,D07QBXpwQyCTPSXDvmz7wA,JA4J4WAB3TZ605832,MI605832,NEW,2026,Mitsubishi,Outlander,GT,GT S-AWC,49273,26,SUV,White,,4,,Automatic,AWD,1.5,4,,,Air Conditioning|Alloy Wheels|Backup Camera|Bluetooth Connection|Brake Assist|Cooled Seats|Cruise Control|Heads Up Display|Heated Seats|Keyless Entry|Lane Assist|Navigation System|Parking Sensors|Power Seats|Power Windows|Satellite Radio|Smart Device Integration|Sunroof / Moonroof,"https://media.getedealer.com/w_1280,h_960,q_90,c_l,v1/inventory/35JXNFEMTNHF7D6DLAHZ73UPIU.jpg|https://media.getedealer.com/w_1280,h_960,q_90,c_l,v1/inventory/QHO23ACOSVEY3EYZHTED5DB4DE.jpg|https://media.getedealer.com/w_1280,h_960,q_90,c_l,v1/inventory/KSJFD6F6E5H4HNIVJPGEI4HOH4.jpg|https://media.getedealer.com/w_1280,h_960,q_90,c_l,v1/inventory/6FWRTLC6NNENVLVT75PXXMFZMM.jpg|https://media.getedealer.com/w_1280,h_960,q_90,c_l,v1/inventory/R3EUGAUFTZGJLJGI6VFICADD3U.jpg|https://media.getedealer.com/w_1280,h_960,q_90,c_l,v1/inventory/LQOBKDPTQ5EXLPWBKYJCC2F7WA.jpg|https://media.getedealer.com/w_1280,h_960,q_90,c_l,v1/inventory/BS5YAQUKZJBOTDQENFMF5EFR7M.jpg|https://media.getedealer.com/w_1280,h_960,q_90,c_l,v1/inventory/KBQPWHDP6ZFXLBSBTLYHIQRSOM.jpg|https://media.getedealer.com/w_1280,h_960,q_90,c_l,v1/inventory/SWEFQW7LXZFWFJAG5UXIVNTPUQ.jpg|https://media.getedealer.com/w_1280,h_960,q_90,c_l,v1/inventory/E5PIVV622RHOXGZKSFMPHUJE7A.jpg|https://media.getedealer.com/w_1280,h_960,q_90,c_l,v1/inventory/I4KFJQR7U5GMJNO4IJEVIGQNRQ.jpg|https://media.getedealer.com/w_1280,h_960,q_90,c_l,v1/inventory/SN55WD4WFFFO3FJNFNDTVG7PFI.jpg|https://media.getedealer.com/w_1280,h_960,q_90,c_l,v1/inventory/DV2745FIXJBWBCVSZ5ZSD66WYU.jpg|https://media.getedealer.com/w_1280,h_960,q_90,c_l,v1/inventory/BMXE5VDTLBHCNOGKKRYHKCRF7Y.jpg|https://media.getedealer.com/w_1280,h_960,q_90,c_l,v1/inventory/X6NUSMVKSJFPLCXEG3QMFX5FLM.jpg|https://media.getedealer.com/w_1280,h_960,q_90,c_l,v1/inventory/GOOJVTTDMFATFBUEGYIU2JPJ2I.jpg|https://media.getedealer.com/w_1280,h_960,q_90,c_l,v1/inventory/QWEL4EWITVEHLKQ32DZ2NMLG2Y.jpg|https://media.getedealer.com/w_1280,h_960,q_90,c_l,v1/inventory/VVKMPX4GMFHSXD3P3WLBTLULL4.jpg|https://media.getedealer.com/w_1280,h_960,q_90,c_l,v1/inventory/MUJU2JLCLNC5TEELKPCGPDRCJU.jpg|https://media.getedealer.com/w_1280,h_960,q_90,c_l,v1/inventory/YSEUV722OFAUPPWMJKGJCHWDLM.jpg|https://media.getedealer.com/w_1280,h_960,q_90,c_l,v1/inventory/V3WKBPKGYVDKNJUE5AGFSK33LA.jpg|https://media.getedealer.com/w_1280,h_960,q_90,c_l,v1/inventory/TFYCG4IDAVFDZML3FLVJM5XGYM.jpg|https://media.getedealer.com/w_1280,h_960,q_90,c_l,v1/inventory/VRH3E3ID3FE5VEXUU46HMN3NVQ.jpg|https://media.getedealer.com/w_1280,h_960,q_90,c_l,v1/inventory/535ZZLNHJBEBTKUBUAZDULL6J4.jpg",12/20/2025 7:35:13,FALSE
g5JXS7yzTf2T0qDda8dM5A,CHILLIWACK MITSUBISHI,,+1 672-784-5040,45510 Yale Rd,Chilliwack,BC,V2P 2M9,49.151131,-121.963743,DpeTXNDBRuyVovHsn3SmEQ,KM8R3DHE2LU031958,VA031958,USED,2020,Hyundai,Palisade,Luxury,Luxury 8-Passenger AWD,32850,140513,SUV,Silver,Black,4,,Automatic,AWD,3.8,6,Gasoline,,Air Conditioning|Alloy Wheels|Backup Camera|Bluetooth Connection|Brake Assist|Cooled Seats|Cruise Control|Heated Seats|Keyless Entry|Lane Assist|Leather Seats|Navigation System|Parking Sensors|Power Seats|Power Windows|Remote Start|Satellite Radio|Smart Device Integration|Sunroof / Moonroof,"https://media.getedealer.com/w_1280,h_960,q_90,c_l,v1/inventory/TKNEYIONXFHYDLDDW3UGLACUEE.jpg|https://media.getedealer.com/w_1280,h_960,q_90,c_l,v1/inventory/FFL6G45Z75B2XFHQOZGO34JSI4.jpg|https://media.getedealer.com/w_1280,h_960,q_90,c_l,v1/inventory/GCOEEEUVCREL5BZIMPYDRSBNKQ.jpg|https://media.getedealer.com/w_1280,h_960,q_90,c_l,v1/inventory/5HW3MY2XGJB3PNOR2OIRP5KKL4.jpg|https://media.getedealer.com/w_1280,h_960,q_90,c_l,v1/inventory/67WHBIOHBBDQTNAZ36TMUIVC6Q.jpg|https://media.getedealer.com/w_1280,h_960,q_90,c_l,v1/inventory/LM7LUYEC4NHQBJNV4GZ3HRHM5M.jpg|https://media.getedealer.com/w_1280,h_960,q_90,c_l,v1/inventory/OTJXDEIFI5G4RM4DVE7KMFKSDM.jpg|https://media.getedealer.com/w_1280,h_960,q_90,c_l,v1/inventory/DS3X62QRFFGTJNQYRSCFEEOR44.jpg|https://media.getedealer.com/w_1280,h_960,q_90,c_l,v1/inventory/T423QXXVVNH2HNQ22U5LKSMWDA.jpg|https://media.getedealer.com/w_1280,h_960,q_90,c_l,v1/inventory/JJ4YSSSPOJECBKNZNFIFFVLHN4.jpg|https://media.getedealer.com/w_1280,h_960,q_90,c_l,v1/inventory/3CMKGGXRNFAPBGYIX57IR3E4CM.jpg|https://media.getedealer.com/w_1280,h_960,q_90,c_l,v1/inventory/UNZ2HDYQ5VAWPI6F4M7NCSALLY.jpg|https://media.getedealer.com/w_1280,h_960,q_90,c_l,v1/inventory/CWOI4ILKMVFUHLYCSX6B4FPH74.jpg|https://media.getedealer.com/w_1280,h_960,q_90,c_l,v1/inventory/7S4WLXABRFFFHGT6CKF6ZUO3HE.jpg|https://media.getedealer.com/w_1280,h_960,q_90,c_l,v1/inventory/IXRS7CGQNBDKDLTY447ATLX4MU.jpg|https://media.getedealer.com/w_1280,h_960,q_90,c_l,v1/inventory/GHNRS2RSWBHFXKGWR3KEAT7WV4.jpg|https://media.getedealer.com/w_1280,h_960,q_90,c_l,v1/inventory/HUMQWRIBCZBXZOVSDLELXL66DA.jpg|https://media.getedealer.com/w_1280,h_960,q_90,c_l,v1/inventory/2WGYOZVXD5G5ZBLPKIUHPCPPLY.jpg|https://media.getedealer.com/w_1280,h_960,q_90,c_l,v1/inventory/TCRBWV3L6FBLDGDIQKHRB7YKPU.jpg|https://media.getedealer.com/w_1280,h_960,q_90,c_l,v1/inventory/JUXFDC4CZNFE5HLMS37AQD4SLY.jpg|https://media.getedealer.com/w_1280,h_960,q_90,c_l,v1/inventory/OKYX7ZPFUZAMVESCCPVRRMBEZQ.jpg|https://media.getedealer.com/w_1280,h_960,q_90,c_l,v1/inventory/B3MGI6KNZJAVVJS5KWF4LHFQFI.jpg|https://media.getedealer.com/w_1280,h_960,q_90,c_l,v1/inventory/IW22NPIVNVAOLF3SQ7OGZ2MPNI.jpg|https://media.getedealer.com/w_1280,h_960,q_90,c_l,v1/inventory/WZJQCJJ5R5H3RPCMB4DUEXMDOM.jpg",10-02-2025 08:15,FALSE
g5JXS7yzTf2T0qDda8dM5A,CHILLIWACK MITSUBISHI,,+1 672-784-5040,45510 Yale Rd,Chilliwack,BC,V2P 2M9,49.151131,-121.963743,E1ekawbRShSFP4p5JAiJ0A,5NMS2DAJ5NH434228,UU434228,USED,2022,Hyundai,Santa Fe,Essential,Essential AWD,30800,38822,SUV,White,Black,4,,Automatic,AWD,2.5,4,Gasoline,,Air Conditioning|Alloy Wheels|Backup Camera|Bluetooth Connection|Brake Assist|Cruise Control|Heated Seats|Keyless Entry|Lane Assist|Power Windows|Smart Device Integration,"https://media.getedealer.com/w_1280,h_960,q_90,c_l,v1/inventory/HGQCM7N7O5GYBEYE45XSI5HLFY.jpg|https://media.getedealer.com/w_1280,h_960,q_90,c_l,v1/inventory/CTVFNXJFE5BKHFIY7DYI6SONOM.jpg|https://media.getedealer.com/w_1280,h_960,q_90,c_l,v1/inventory/VE55XE5UKVDX7PRO2IMWDRX5TY.jpg|https://media.getedealer.com/w_1280,h_960,q_90,c_l,v1/inventory/ORP4MQ4ZRNHL5IOH6OGHOUJBF4.jpg|https://media.getedealer.com/w_1280,h_960,q_90,c_l,v1/inventory/KIEQOR4D2BFONIKVS25ME7MGI4.jpg|https://media.getedealer.com/w_1280,h_960,q_90,c_l,v1/inventory/4JDT2VNH3ZE57DXIWXELZKE54Y.jpg|https://media.getedealer.com/w_1280,h_960,q_90,c_l,v1/inventory/BNZT5V5RDVBYHGYQLY45BCQQEA.jpg|https://media.getedealer.com/w_1280,h_960,q_90,c_l,v1/inventory/Y744GCH6DVHR7GYWH45KDHY5XM.jpg|https://media.getedealer.com/w_1280,h_960,q_90,c_l,v1/inventory/6X3UX3XF7BB6BGSFN22AQKL3DU.jpg|https://media.getedealer.com/w_1280,h_960,q_90,c_l,v1/inventory/7LNBHNYLSRCYXNBTYDFYYURI44.jpg|https://media.getedealer.com/w_1280,h_960,q_90,c_l,v1/inventory/7T3JE3AQPNH3PFOGUODJSTJ7MU.jpg|https://media.getedealer.com/w_1280,h_960,q_90,c_l,v1/inventory/OXWYKXL5ZZGX3CFCQVQAIP2G5E.jpg|https://media.getedealer.com/w_1280,h_960,q_90,c_l,v1/inventory/EPC24Y4PPRFUHMTT7JCI5VDWEA.jpg|https://media.getedealer.com/w_1280,h_960,q_90,c_l,v1/inventory/LGOUQ6QB6BASZIIYRQZDURTUI4.jpg|https://media.getedealer.com/w_1280,h_960,q_90,c_l,v1/inventory/DPDBRCDICBDQHHFWSQARJO3IO4.jpg|https://media.getedealer.com/w_1280,h_960,q_90,c_l,v1/inventory/4OKTPNETWBE3PJ3LYT4BICFNRM.jpg|https://media.getedealer.com/w_1280,h_960,q_90,c_l,v1/inventory/3QCHYVLBAVC5LNWLSKJSJK5NTQ.jpg|https://media.getedealer.com/w_1280,h_960,q_90,c_l,v1/inventory/MFQMSJS42ZCEBIZYJ764FKPZBI.jpg|https://media.getedealer.com/w_1280,h_960,q_90,c_l,v1/inventory/FLTNUQ4ZAZCIDCOMIEO6ASVNDQ.jpg|https://media.getedealer.com/w_1280,h_960,q_90,c_l,v1/inventory/5EOBG6FTPZDSPHC3AKWQ7Z74JQ.jpg|https://media.getedealer.com/w_1280,h_960,q_90,c_l,v1/inventory/CIIKY2IXGBEUVHRQ3EYC2UFAWA.jpg|https://media.getedealer.com/w_1280,h_960,q_90,c_l,v1/inventory/FSOJLUGKBRDCJM2YK2456K3UW4.jpg|https://media.getedealer.com/w_1280,h_960,q_90,c_l,v1/inventory/EEZ7KDWK6BFUNJAK24N4CZPIOY.jpg|https://media.getedealer.com/w_1280,h_960,q_90,c_l,v1/inventory/S5MCX24WCJE3VH7BYQKMPDSAWE.jpg|https://media.getedealer.com/w_1280,h_960,q_90,c_l,v1/inventory/Z4KPUZFUG5FN5JXJCWT3JUWJ5A.jpg",10-02-2025 08:14,FALSE
g5JXS7yzTf2T0qDda8dM5A,CHILLIWACK MITSUBISHI,,+1 672-784-5040,45510 Yale Rd,Chilliwack,BC,V2P 2M9,49.151131,-121.963743,E8A0iVNERkmV3bNf4NLONA,3C6RR7KT1HG544180,UU544180,USED,2017,Ram,1500,ST,4WD Crew Cab 5.7 Ft Box ST,21900,219490,Truck,Blue,Gray,4,,Automatic,4Ã—4,5.7,8,Gasoline,,Air Conditioning|Brake Assist|Cruise Control|Power Windows,"https://media.getedealer.com/w_1280,h_960,q_90,c_l,v1/inventory/2ZAEIH7KK5DZ3KKBYPNDIQ2OHA.jpg|https://media.getedealer.com/w_1280,h_960,q_90,c_l,v1/inventory/AA2R4X5RNNANRPQHXV33I65IOQ.jpg|https://media.getedealer.com/w_1280,h_960,q_90,c_l,v1/inventory/XQYO5GYNXRDOFCNIV7VB5EWWF4.jpg|https://media.getedealer.com/w_1280,h_960,q_90,c_l,v1/inventory/Y6YGZ44Z6VCCLCUZEB6QHBXSB4.jpg|https://media.getedealer.com/w_1280,h_960,q_90,c_l,v1/inventory/BZGRCPHYZVDUXF3ZDOQYVGI46U.jpg|https://media.getedealer.com/w_1280,h_960,q_90,c_l,v1/inventory/ZZRQWYQDHBA5DCKZPKDAI73H6A.jpg|https://media.getedealer.com/w_1280,h_960,q_90,c_l,v1/inventory/3AL23K7Z5ZD5DCTEXYSYXO2THE.jpg|https://media.getedealer.com/w_1280,h_960,q_90,c_l,v1/inventory/KNYWTDUDRFBHVKLVGC3TFFCFBQ.jpg|https://media.getedealer.com/w_1280,h_960,q_90,c_l,v1/inventory/HYL7EUJSOJDTDDA3BFXYKDW6VY.jpg|https://media.getedealer.com/w_1280,h_960,q_90,c_l,v1/inventory/YB5VTJ4GV5AX7K6IAFW7B54TLM.jpg|https://media.getedealer.com/w_1280,h_960,q_90,c_l,v1/inventory/WC2LJLIYZNG6VJOE33VZATW56E.jpg|https://media.getedealer.com/w_1280,h_960,q_90,c_l,v1/inventory/3LTQFUDP2JCKJKNACL4K7FQBTU.jpg|https://media.getedealer.com/w_1280,h_960,q_90,c_l,v1/inventory/2NLC77ZBCZDWLG3LHPHYVE37AQ.jpg|https://media.getedealer.com/w_1280,h_960,q_90,c_l,v1/inventory/X3JJ67OVXVBQ5ARQ5DCFWRF67I.jpg|https://media.getedealer.com/w_1280,h_960,q_90,c_l,v1/inventory/YLNKYFVYZNBM5CAK2P5RKMLTVQ.jpg|https://media.getedealer.com/w_1280,h_960,q_90,c_l,v1/inventory/5FH6F6LYRJF6TEOWBTAHPIFJ7U.jpg|https://media.getedealer.com/w_1280,h_960,q_90,c_l,v1/inventory/3WCIAMCODZDM5PF6GT2GOQYQ2U.jpg|https://media.getedealer.com/w_1280,h_960,q_90,c_l,v1/inventory/CCSER4XV4JGJDB2BLYARZDT5HQ.jpg|https://media.getedealer.com/w_1280,h_960,q_90,c_l,v1/inventory/I3BLSTNTKZE7FIHZN6IITDLLYA.jpg|https://media.getedealer.com/w_1280,h_960,q_90,c_l,v1/inventory/B4IHXO62GJFBBJN5XHUN76IR7M.jpg|https://media.getedealer.com/w_1280,h_960,q_90,c_l,v1/inventory/VY27HBK2PBFO3ONSJTBIUBZCKI.jpg|https://media.getedealer.com/w_1280,h_960,q_90,c_l,v1/inventory/AGEPQUE7HBHHPBTAMYRITEGHXA.jpg|https://media.getedealer.com/w_1280,h_960,q_90,c_l,v1/inventory/M6BSHIHTJBF7FGZBVFPPWLD36Y.jpg|https://media.getedealer.com/w_1280,h_960,q_90,c_l,v1/inventory/DMC57WGP3JFT7GA2SOB3EBXFIA.jpg",10-02-2025 08:13,FALSE
g5JXS7yzTf2T0qDda8dM5A,CHILLIWACK MITSUBISHI,,+1 672-784-5040,45510 Yale Rd,Chilliwack,BC,V2P 2M9,49.151131,-121.963743,EEqmYhrZRFeYk5dktbJYeg,405222HD6VB000023,AA000023,USED,1997,Bayliner,Capri,,,29950,,,White,,,,,,,,Gasoline,<p>Brand New Engine. Zero Hours. $5000 Icon Rockclear Surface Protection Ceramic Coating.Â </p><p>Â </p><p>The 1997 Bayliner Capri is a versatile and stylish boat perfect for both day trips and overnight adventures. Featuring a fibreglass hull with a deep-vee design it offers excellent stability and performance. Available in lengths ranging from 17 to 22.5 feet this boat can comfortably accommodate up to six passengers. Some models come equipped with a cuddy cabin providing overnight sleeping for two a day head stereo and lighting enhancing its functionality for extended outings. Powered by a reliable Mercruiser engine options include a 3.0L 4-cylinder with 135 horsepower or a 5.0L V-8 with 220 horsepower ensuring a smooth and powerful ride. The 1750 LS model for instance weighs approximately 2140 lbs making it easy to handle and transport.</p>,,"https://media.getedealer.com/w_1280,h_960,q_90,c_l,v1/inventory/FDV3NJPS5FCGVHH7N3NL4YNJMY.jpg|https://media.getedealer.com/w_1280,h_960,q_90,c_l,v1/inventory/URJFRU34IFDNVCOYUAAIWINAOI.jpg|https://media.getedealer.com/w_1280,h_960,q_90,c_l,v1/inventory/7M4K2V4VHNDJRGTVAVDNWWU34E.jpg|https://media.getedealer.com/w_1280,h_960,q_90,c_l,v1/inventory/XEH6DJXSUNEQNPQG4XQZPOHI5U.jpg|https://media.getedealer.com/w_1280,h_960,q_90,c_l,v1/inventory/YZCPAR4LAVHYDEWANZTQ34EUMI.jpg|https://media.getedealer.com/w_1280,h_960,q_90,c_l,v1/inventory/RNVNGUP3XZB5VCUR3WRHAN6PZM.jpg|https://media.getedealer.com/w_1280,h_960,q_90,c_l,v1/inventory/WP2KNFLUNVEHRHSOQCCZ3MBBOU.jpg",10-02-2025 08:13,FALSE
g5JXS7yzTf2T0qDda8dM5A,CHILLIWACK MITSUBISHI,,+1 672-784-5040,45510 Yale Rd,Chilliwack,BC,V2P 2M9,49.151131,-121.963743,EpKctmI2SOmkDDfes54PVA,JA4ATVAAXNZ614969,UU614969,USED,2022,Mitsubishi,Eclipse Cross,SE,SE S-AWC *Ltd Avail*,28600,37112,SUV,Blue,Black,4,,Automatic,4Ã—4,1.5,4,Gasoline,,Air Conditioning|Alloy Wheels|Backup Camera|Bluetooth Connection|Brake Assist|Cruise Control|Heated Seats|Keyless Entry|Power Windows|Satellite Radio|Smart Device Integration,"https://media.getedealer.com/w_1280,h_960,q_90,c_l,v1/inventory/OP4AHLXVCBB7ZE7N6UQ53ADKPM.jpg|https://media.getedealer.com/w_1280,h_960,q_90,c_l,v1/inventory/DYY3FX5T4NC4BFXKSDL3IYRDQY.jpg|https://media.getedealer.com/w_1280,h_960,q_90,c_l,v1/inventory/VKMT6SO6CJALVKLCW7D2IXMOE4.jpg|https://media.getedealer.com/w_1280,h_960,q_90,c_l,v1/inventory/6SD676OBTRHFXMJHHT5TLVTRGA.jpg|https://media.getedealer.com/w_1280,h_960,q_90,c_l,v1/inventory/CKGJQ7CNEJDVPHWGMZHHTPUZOQ.jpg|https://media.getedealer.com/w_1280,h_960,q_90,c_l,v1/inventory/KWCWBNVFYVEG3DAPXIPCANTDIY.jpg|https://media.getedealer.com/w_1280,h_960,q_90,c_l,v1/inventory/AUF47LM37VCIBHAFXH7ZQNRYTA.jpg|https://media.getedealer.com/w_1280,h_960,q_90,c_l,v1/inventory/UD42RNJ7DBGCPCDK2TBERYQTZU.jpg|https://media.getedealer.com/w_1280,h_960,q_90,c_l,v1/inventory/NSR76U2LQFBYDN5BPS57R6YKIU.jpg|https://media.getedealer.com/w_1280,h_960,q_90,c_l,v1/inventory/X7UTRCBI3RBIFDN6QEM6EUL62U.jpg|https://media.getedealer.com/w_1280,h_960,q_90,c_l,v1/inventory/6L6JRRTHAVCKXIQ3QMCFGWNHBQ.jpg|https://media.getedealer.com/w_1280,h_960,q_90,c_l,v1/inventory/SJCUWCUX5FALTABINU2IZM4VLE.jpg|https://media.getedealer.com/w_1280,h_960,q_90,c_l,v1/inventory/S3XQQ5WPDNFEHLN6EQ53VOIWZU.jpg|https://media.getedealer.com/w_1280,h_960,q_90,c_l,v1/inventory/XONSTLG72JCIFCBVW4YE57G44M.jpg|https://media.getedealer.com/w_1280,h_960,q_90,c_l,v1/inventory/PK7MLKKV35EJZKJYCQB7XFWMAU.jpg|https://media.getedealer.com/w_1280,h_960,q_90,c_l,v1/inventory/GYF3NK2ZANFL7O7W4Z56STEGWE.jpg|https://media.getedealer.com/w_1280,h_960,q_90,c_l,v1/inventory/HKTNU6VLC5DGLPIL7OJWRIJPSI.jpg|https://media.getedealer.com/w_1280,h_960,q_90,c_l,v1/inventory/7HNBFYADERHMFEJN7UJALRY7UQ.jpg|https://media.getedealer.com/w_1280,h_960,q_90,c_l,v1/inventory/RODF7DZT5JE4BIV6NUA3DOMI3U.jpg|https://media.getedealer.com/w_1280,h_960,q_90,c_l,v1/inventory/PLHHHXR6AJCNVFROSGWKYJ553E.jpg|https://media.getedealer.com/w_1280,h_960,q_90,c_l,v1/inventory/E3CCFLFRVFFW3BB22HUOBW6AH4.jpg|https://media.getedealer.com/w_1280,h_960,q_90,c_l,v1/inventory/HOQDDGCZ6BFJZGH57WBYEVW5JA.jpg|https://media.getedealer.com/w_1280,h_960,q_90,c_l,v1/inventory/MLZUGRQIUFAM3FGB5NZHSGHWYY.jpg",11/21/2025 7:26:35,FALSE
g5JXS7yzTf2T0qDda8dM5A,CHILLIWACK MITSUBISHI,,+1 672-784-5040,45510 Yale Rd,Chilliwack,BC,V2P 2M9,49.151131,-121.963743,F5fst0OOS366DKxyimQ4Bg,3C4NJDBN0RT171060,NA171060,USED,2024,Jeep,Compass,North,North 4x4,38950,721,SUV,Blue,Black,4,,Automatic,4Ã—4,2,4,Gasoline,,Air Conditioning|Alloy Wheels|Backup Camera|Bluetooth Connection|Brake Assist|Cruise Control|Heated Seats|Keyless Entry|Lane Assist|Power Windows|Remote Start|Satellite Radio|Smart Device Integration|Wi-Fi Hotspot,"https://media.getedealer.com/w_1280,h_960,q_90,c_l,v1/inventory/RCJEJU4WWVCLJBC4RHK2I3XKGU.jpg|https://media.getedealer.com/w_1280,h_960,q_90,c_l,v1/inventory/OXTW4SF4WRF6ZK5TUXABBELMDE.jpg|https://media.getedealer.com/w_1280,h_960,q_90,c_l,v1/inventory/CTIKVBZXONF3VJ7PLXJ24IAFBE.jpg|https://media.getedealer.com/w_1280,h_960,q_90,c_l,v1/inventory/UVBLVISQRBA6DMUI7OIBYHGPKE.jpg|https://media.getedealer.com/w_1280,h_960,q_90,c_l,v1/inventory/OGTDEGFGUFEU3ASSG5QYAVYIZU.jpg|https://media.getedealer.com/w_1280,h_960,q_90,c_l,v1/inventory/HPASOSVXQZCYBBJGLIANR2OJDM.jpg|https://media.getedealer.com/w_1280,h_960,q_90,c_l,v1/inventory/PVPX7G6GFZFK3FQ22AA7O3HWLM.jpg|https://media.getedealer.com/w_1280,h_960,q_90,c_l,v1/inventory/AQHAIV7WVVEQ3F72NMEF45XBHA.jpg|https://media.getedealer.com/w_1280,h_960,q_90,c_l,v1/inventory/VRNI4NFT4BA6VBOTBUSKXH2P3Y.jpg|https://media.getedealer.com/w_1280,h_960,q_90,c_l,v1/inventory/EGXVLAVJO5AAPDG5H6HOD346PI.jpg|https://media.getedealer.com/w_1280,h_960,q_90,c_l,v1/inventory/5IX4LM5QVZCAPOWDC5LQHERWRY.jpg|https://media.getedealer.com/w_1280,h_960,q_90,c_l,v1/inventory/6YIEWOLNRZESFHGYNCSC2RDO6I.jpg|https://media.getedealer.com/w_1280,h_960,q_90,c_l,v1/inventory/LKB2IAAMYZDIVGSL3VDCCX2YJM.jpg|https://media.getedealer.com/w_1280,h_960,q_90,c_l,v1/inventory/HAM2Y4RAQZCM3ORBVL6DMAPSU4.jpg|https://media.getedealer.com/w_1280,h_960,q_90,c_l,v1/inventory/2TDY4JYODVF2HGETTDLZHXPFU4.jpg|https://media.getedealer.com/w_1280,h_960,q_90,c_l,v1/inventory/5IMLD7C7M5DRDGGL7FP57I3XH4.jpg|https://media.getedealer.com/w_1280,h_960,q_90,c_l,v1/inventory/WXTGTTP565B4XBSYCXLVHHAY6Y.jpg|https://media.getedealer.com/w_1280,h_960,q_90,c_l,v1/inventory/QROJZEKCJVHTNNTMEU4I4URP6Y.jpg|https://media.getedealer.com/w_1280,h_960,q_90,c_l,v1/inventory/HQLGNAXANFCLRKJKGP74HXICG4.jpg|https://media.getedealer.com/w_1280,h_960,q_90,c_l,v1/inventory/XS6Y7RGAOJHQ7KUEPVET4QL6N4.jpg|https://media.getedealer.com/w_1280,h_960,q_90,c_l,v1/inventory/IZQTK2GHMBD6XJEOZAGKGG6LGA.jpg|https://media.getedealer.com/w_1280,h_960,q_90,c_l,v1/inventory/CZ57DTE7XZHIRE6TLQDIJQMRUI.jpg|https://media.getedealer.com/w_1280,h_960,q_90,c_l,v1/inventory/RBYITG2Y5ZB2FE5FVQQUGP63KI.jpg|https://media.getedealer.com/w_1280,h_960,q_90,c_l,v1/inventory/GP7YKXC5JVGK3DULASK67TC424.jpg",10-02-2025 08:13,FALSE
g5JXS7yzTf2T0qDda8dM5A,CHILLIWACK MITSUBISHI,,+1 672-784-5040,45510 Yale Rd,Chilliwack,BC,V2P 2M9,49.151131,-121.963743,FOWXakfvSKuU0d3nPxOGbw,5N1DR3BE4PC203219,VA203219,USED,2023,Nissan,Pathfinder,Rock Creek,Rock Creek 4WD,50250,46450,SUV,Green,,4,,Automatic,4Ã—4,3.5,6,Gasoline,,Air Conditioning|Alloy Wheels|Backup Camera|Bluetooth Connection|Brake Assist|Cruise Control|Heated Seats|Keyless Entry|Lane Assist|Parking Sensors|Power Seats|Power Windows|Remote Start|Satellite Radio|Smart Device Integration|Sunroof / Moonroof|Wi-Fi Hotspot,"https://media.getedealer.com/w_1280,h_960,q_90,c_l,v1/inventory/E2LUA5HNBFEVXGIKLX7TMHT6JE.jpg|https://media.getedealer.com/w_1280,h_960,q_90,c_l,v1/inventory/G7UIECGDANGXFO5LRMPUW7TLBA.jpg|https://media.getedealer.com/w_1280,h_960,q_90,c_l,v1/inventory/HSC6HGX47VDFVPAUKMX6Q3XFFI.jpg|https://media.getedealer.com/w_1280,h_960,q_90,c_l,v1/inventory/STJ4GJFZPNBJPFPXQDUSAUDHZU.jpg|https://media.getedealer.com/w_1280,h_960,q_90,c_l,v1/inventory/IPIIWLJMRJGO3EOPPSXCDPHHZU.jpg|https://media.getedealer.com/w_1280,h_960,q_90,c_l,v1/inventory/PTVB3FRYQFCZTC7532NBT6SBYM.jpg|https://media.getedealer.com/w_1280,h_960,q_90,c_l,v1/inventory/7MIOTHEGLZFZHOKZEVWPHR2QSQ.jpg|https://media.getedealer.com/w_1280,h_960,q_90,c_l,v1/inventory/FPCONJRTNREC7EWWOIKQPCBGPM.jpg|https://media.getedealer.com/w_1280,h_960,q_90,c_l,v1/inventory/UKJGR63BDBF3HJPWW4YBCU2UNE.jpg|https://media.getedealer.com/w_1280,h_960,q_90,c_l,v1/inventory/FOUCZW5SJ5H7DGJH6HMRUFWWXM.jpg|https://media.getedealer.com/w_1280,h_960,q_90,c_l,v1/inventory/N3BABFFDXBD6ZLLFC4QH55U2NE.jpg|https://media.getedealer.com/w_1280,h_960,q_90,c_l,v1/inventory/DZONGUXESZAYFJLHE7CSZ4DRLU.jpg|https://media.getedealer.com/w_1280,h_960,q_90,c_l,v1/inventory/Q3KAL56H6BH7PM5OQNARPQFTOY.jpg|https://media.getedealer.com/w_1280,h_960,q_90,c_l,v1/inventory/RADZYWKDZRGNLHCR6K5D3SMKGM.jpg|https://media.getedealer.com/w_1280,h_960,q_90,c_l,v1/inventory/RPIJ4KI2Y5GLDLDTUPFZHALOHA.jpg|https://media.getedealer.com/w_1280,h_960,q_90,c_l,v1/inventory/RZC5G5K5IBGWFGE3LN65BL3NV4.jpg|https://media.getedealer.com/w_1280,h_960,q_90,c_l,v1/inventory/XFH2LLO3TFFDNEPIP4O7OWRVOM.jpg|https://media.getedealer.com/w_1280,h_960,q_90,c_l,v1/inventory/RDAEYRHCHZDSNHQYXU5QT2HNJE.jpg|https://media.getedealer.com/w_1280,h_960,q_90,c_l,v1/inventory/QCAXYXBUG5AD7AKRC2J4V43ZE4.jpg|https://media.getedealer.com/w_1280,h_960,q_90,c_l,v1/inventory/27OKDJYE6FFTXG35LOKLAS6LY4.jpg|https://media.getedealer.com/w_1280,h_960,q_90,c_l,v1/inventory/LZUPLXDNCNBLVAL4DK2XTFPF5A.jpg|https://media.getedealer.com/w_1280,h_960,q_90,c_l,v1/inventory/QHSNJX5SR5DGHEU2P3GY6BXE4E.jpg|https://media.getedealer.com/w_1280,h_960,q_90,c_l,v1/inventory/RH2G6H3QFBEHRGZQAKHTXVMCWE.jpg|https://media.getedealer.com/w_1280,h_960,q_90,c_l,v1/inventory/W7U6WQM65VFHFJ4HG3YZWTYMTI.jpg|https://media.getedealer.com/w_1280,h_960,q_90,c_l,v1/inventory/OFTGBQBG3NELJLSGQER4RABWAI.jpg",10-02-2025 08:14,FALSE
g5JXS7yzTf2T0qDda8dM5A,CHILLIWACK MITSUBISHI,,+1 672-784-5040,45510 Yale Rd,Chilliwack,BC,V2P 2M9,49.151131,-121.963743,FV1nCXQqQtSx6z89Xrss7Q,JA4J2VA75NZ616989,VA616989,USED,2022,Mitsubishi,Outlander PHEV,SE,SE S-AWC,32950,38657,SUV,Gray,Black,4,,Automatic,4Ã—4,2.4,4,Gasoline / Electric Hybrid,,Air Conditioning|Alloy Wheels|Backup Camera|Bluetooth Connection|Brake Assist|Cruise Control|Heated Seats|Keyless Entry|Lane Assist|Power Seats|Power Windows|Satellite Radio|Smart Device Integration,"https://media.getedealer.com/w_1280,h_960,q_90,c_l,v1/inventory/AR6HX4NEDZE5JNTHBEYZQ6NGQA.jpg|https://media.getedealer.com/w_1280,h_960,q_90,c_l,v1/inventory/VTDA2FZ7VZFDXFJ44F2YZDR5AA.jpg|https://media.getedealer.com/w_1280,h_960,q_90,c_l,v1/inventory/JLZYD35GMBBINFHPSOQUWNRCOA.jpg|https://media.getedealer.com/w_1280,h_960,q_90,c_l,v1/inventory/2IZAHOL4K5B6VMYSCUZNYK72P4.jpg|https://media.getedealer.com/w_1280,h_960,q_90,c_l,v1/inventory/CCVXSHMM2BBLLIPJ7SOAYP4ROQ.jpg|https://media.getedealer.com/w_1280,h_960,q_90,c_l,v1/inventory/CD4J6DTWLZDKFDMBOONMFTFZZ4.jpg|https://media.getedealer.com/w_1280,h_960,q_90,c_l,v1/inventory/FGP6EP3UAFCWFFAVHW6NKEF6TQ.jpg|https://media.getedealer.com/w_1280,h_960,q_90,c_l,v1/inventory/HUKQZLZTDZDNVM6M5TANUT7CD4.jpg|https://media.getedealer.com/w_1280,h_960,q_90,c_l,v1/inventory/QMXGDAZRGBBGPE27XSV77BZ4ME.jpg|https://media.getedealer.com/w_1280,h_960,q_90,c_l,v1/inventory/K7DGM3OOMFAJNNQFPJ5AMUCKC4.jpg|https://media.getedealer.com/w_1280,h_960,q_90,c_l,v1/inventory/IYNARY6VRFDAVBGY6RAQ7FG36Q.jpg|https://media.getedealer.com/w_1280,h_960,q_90,c_l,v1/inventory/JWRYIF3H3NFW7N3GJTVPLYLWOU.jpg|https://media.getedealer.com/w_1280,h_960,q_90,c_l,v1/inventory/V774QU2FGVGDXMXTXDPDVMGEL4.jpg|https://media.getedealer.com/w_1280,h_960,q_90,c_l,v1/inventory/C5PRHFCRRRH4REAK2T2ZOCWWHY.jpg|https://media.getedealer.com/w_1280,h_960,q_90,c_l,v1/inventory/NTBLTLYPNVFBNI6VBLL3PLYKTY.jpg|https://media.getedealer.com/w_1280,h_960,q_90,c_l,v1/inventory/K67A5GZESRE2LGQPLLBVNMMOVA.jpg|https://media.getedealer.com/w_1280,h_960,q_90,c_l,v1/inventory/JBVXQITSH5DEHM2AXH5ZZTFORY.jpg|https://media.getedealer.com/w_1280,h_960,q_90,c_l,v1/inventory/INZAK2FEX5EHPLH3W5LJEBMYOM.jpg|https://media.getedealer.com/w_1280,h_960,q_90,c_l,v1/inventory/UQHVMHW4WZDWZMSA26BHWK4DAQ.jpg|https://media.getedealer.com/w_1280,h_960,q_90,c_l,v1/inventory/UJOSJWGNURGJTCQG7BDUFOV4YY.jpg|https://media.getedealer.com/w_1280,h_960,q_90,c_l,v1/inventory/ZCHHVZEP35AH5PTX3S7KOVBEMI.jpg|https://media.getedealer.com/w_1280,h_960,q_90,c_l,v1/inventory/L6H46DQYBBG3XIIX64VEDT6G6M.jpg|https://media.getedealer.com/w_1280,h_960,q_90,c_l,v1/inventory/IHWQZY3MBJDLNBNJQAGPGHKIMU.jpg",10-02-2025 08:14,FALSE
g5JXS7yzTf2T0qDda8dM5A,CHILLIWACK MITSUBISHI,,+1 672-784-5040,45510 Yale Rd,Chilliwack,BC,V2P 2M9,49.151131,-121.963743,Fqd0Is5eS7WLUMKIbMb07w,JA4J4UA87SZ614749,MI614749,NEW,2025,Mitsubishi,Outlander,ES,ES S-AWC,36048,4371,SUV,Gray,,4,,Automatic,4Ã—4,2.5,4,Gasoline,,Air Conditioning|Alloy Wheels|Backup Camera|Bluetooth Connection|Brake Assist|Cruise Control|Heated Seats|Keyless Entry|Lane Assist|Parking Sensors|Power Windows|Satellite Radio|Smart Device Integration,"https://media.getedealer.com/w_1280,h_960,q_90,c_l,v1/inventory/UDUNCNXO6VBYFMZVXSEZX6FUJQ.jpg|https://media.getedealer.com/w_1280,h_960,q_90,c_l,v1/inventory/7GJVAZJHRBFTJM5TFKRDM6LQEA.jpg|https://media.getedealer.com/w_1280,h_960,q_90,c_l,v1/inventory/UESO5D3765ABJMFX6PM7NTAOKM.jpg|https://media.getedealer.com/w_1280,h_960,q_90,c_l,v1/inventory/FMEVNF7XXZCZPA43UPYXET3EOA.jpg|https://media.getedealer.com/w_1280,h_960,q_90,c_l,v1/inventory/XSGJS6UIZBCG5OCL65722INWKM.jpg|https://media.getedealer.com/w_1280,h_960,q_90,c_l,v1/inventory/NVKMJR6FH5G23DHYYQ65IDNIVQ.jpg|https://media.getedealer.com/w_1280,h_960,q_90,c_l,v1/inventory/CYEXDRYLXRF43JD2Y7RDJY67E4.jpg|https://media.getedealer.com/w_1280,h_960,q_90,c_l,v1/inventory/FZYTTRL3OBAKPK76JTOVCSX5JE.jpg|https://media.getedealer.com/w_1280,h_960,q_90,c_l,v1/inventory/I5SUKCHCAVC5VETZFCMGB6I7XY.jpg|https://media.getedealer.com/w_1280,h_960,q_90,c_l,v1/inventory/AHKRKMWLHZHNLBX3LQ2K5HKTFU.jpg|https://media.getedealer.com/w_1280,h_960,q_90,c_l,v1/inventory/LLWN6OGH2BCW5DBZ2TCY4S5ZEU.jpg|https://media.getedealer.com/w_1280,h_960,q_90,c_l,v1/inventory/PHJXIJWPNVCPNP5G5VPTKHCGQ4.jpg|https://media.getedealer.com/w_1280,h_960,q_90,c_l,v1/inventory/3Y7W4Q3GNRAWDAUHCGD5GNUZHY.jpg|https://media.getedealer.com/w_1280,h_960,q_90,c_l,v1/inventory/7DRE7IG55RBUJBJ6PWR7PXUFOE.jpg|https://media.getedealer.com/w_1280,h_960,q_90,c_l,v1/inventory/M3LPKFTYPRAHXEWV7YYVLBVLRY.jpg|https://media.getedealer.com/w_1280,h_960,q_90,c_l,v1/inventory/J7TD3EEHARBDDH7U375S2GTYBI.jpg|https://media.getedealer.com/w_1280,h_960,q_90,c_l,v1/inventory/W3WPACHSNZD2TGVUZEGRER3UVE.jpg|https://media.getedealer.com/w_1280,h_960,q_90,c_l,v1/inventory/L37YS75JOJCN3JUAWWH7E7TGWI.jpg|https://media.getedealer.com/w_1280,h_960,q_90,c_l,v1/inventory/MLV3VTEVBZE27J7EBDAFYLZHHQ.jpg|https://media.getedealer.com/w_1280,h_960,q_90,c_l,v1/inventory/E2FEL7FLG5EOBLL25S4LDO345U.jpg|https://media.getedealer.com/w_1280,h_960,q_90,c_l,v1/inventory/D2O56NKP5BAE7GVKT2I3REQ4NE.jpg|https://media.getedealer.com/w_1280,h_960,q_90,c_l,v1/inventory/AZ4QTYDOKVBWLLYX4IRR7UB5TE.jpg|https://media.getedealer.com/w_1280,h_960,q_90,c_l,v1/inventory/QK2V47LRFJBBZBZAFI2VYDBXU4.jpg|https://media.getedealer.com/w_1280,h_960,q_90,c_l,v1/inventory/EAMIK2KD3ZHLFEAW5JSM2GKLHA.jpg|https://media.getedealer.com/w_1280,h_960,q_90,c_l,v1/inventory/F7JLUBFU5JBGLKY7XMYIUJARXE.jpg",10-02-2025 08:14,FALSE
g5JXS7yzTf2T0qDda8dM5A,CHILLIWACK MITSUBISHI,,+1 672-784-5040,45510 Yale Rd,Chilliwack,BC,V2P 2M9,49.151131,-121.963743,H4xnYnRWQ5SaGxFmWmfxCw,JA4J4VA83SZ620604,MI620604,NEW,2025,Mitsubishi,Outlander,SE,SE S-AWC,38098,30,SUV,Silver,,4,,Automatic,4Ã—4,2.5,4,Gasoline,,Air Conditioning|Alloy Wheels|Backup Camera|Bluetooth Connection|Brake Assist|Cruise Control|Heated Seats|Keyless Entry|Lane Assist|Parking Sensors|Power Windows|Satellite Radio|Smart Device Integration|Sunroof / Moonroof,"https://media.getedealer.com/w_1280,h_960,q_90,c_l,v1/inventory/3L4HWRPLORCHPAZOXLVBFPCEDM.jpg|https://media.getedealer.com/w_1280,h_960,q_90,c_l,v1/inventory/VCVNFJTJ2VF7VHP6DMFLGP4YNI.jpg|https://media.getedealer.com/w_1280,h_960,q_90,c_l,v1/inventory/4LFSQAZRZRFMDCGJBSQWC7TTYA.jpg|https://media.getedealer.com/w_1280,h_960,q_90,c_l,v1/inventory/HPDRQFMETFBNRKDF6HL62HBPRY.jpg|https://media.getedealer.com/w_1280,h_960,q_90,c_l,v1/inventory/VSL3GZMC25ADXEJ7NVZAEBJKZM.jpg|https://media.getedealer.com/w_1280,h_960,q_90,c_l,v1/inventory/ZVYJFUZM75BI5FVOOAQFPUMPSY.jpg|https://media.getedealer.com/w_1280,h_960,q_90,c_l,v1/inventory/T2YYXVSEWRABBORGKY4TFKFZJA.jpg|https://media.getedealer.com/w_1280,h_960,q_90,c_l,v1/inventory/WGZINZY72NGR5H3RX7H66KCKI4.jpg|https://media.getedealer.com/w_1280,h_960,q_90,c_l,v1/inventory/U2YAGZDKSZBHTBLKCH3ACWVX7Y.jpg|https://media.getedealer.com/w_1280,h_960,q_90,c_l,v1/inventory/NETQ54QDAJBCVLELJTTYO2MIGI.jpg|https://media.getedealer.com/w_1280,h_960,q_90,c_l,v1/inventory/QWKGEM6J6FD5DEBTPLNMJXPGUM.jpg|https://media.getedealer.com/w_1280,h_960,q_90,c_l,v1/inventory/TJSKJXWJ4RD75BNCUJPXE2DZTM.jpg|https://media.getedealer.com/w_1280,h_960,q_90,c_l,v1/inventory/Y6BSJ4QSKJG7DIWN533XA52LNQ.jpg|https://media.getedealer.com/w_1280,h_960,q_90,c_l,v1/inventory/6HV6GD3ORVCK3PSKKTBEW2CU7Y.jpg|https://media.getedealer.com/w_1280,h_960,q_90,c_l,v1/inventory/62WMSA532RF5RAIKVKEFEFY2VA.jpg|https://media.getedealer.com/w_1280,h_960,q_90,c_l,v1/inventory/BAJSTKFSO5DWVOUXNTN5BJFGYQ.jpg|https://media.getedealer.com/w_1280,h_960,q_90,c_l,v1/inventory/JD6QL3G5BFGTHPFEW2TYFQYOQQ.jpg|https://media.getedealer.com/w_1280,h_960,q_90,c_l,v1/inventory/ODOEWZAOBVF4HNHPBKPEUZXWKY.jpg|https://media.getedealer.com/w_1280,h_960,q_90,c_l,v1/inventory/FGHCEWGAHVD3BKIGSGLUKR533I.jpg|https://media.getedealer.com/w_1280,h_960,q_90,c_l,v1/inventory/MGFYRAE24FHS3OWMVJ4B4QOZFQ.jpg|https://media.getedealer.com/w_1280,h_960,q_90,c_l,v1/inventory/UL7IKFMAM5F5XIIGG7Q6V4X2UY.jpg|https://media.getedealer.com/w_1280,h_960,q_90,c_l,v1/inventory/B72ESHZ2NVDUFCSRPCGY6FLUF4.jpg|https://media.getedealer.com/w_1280,h_960,q_90,c_l,v1/inventory/VX3XMVQVYVAV5JTVTOG7MS6WIQ.jpg|https://media.getedealer.com/w_1280,h_960,q_90,c_l,v1/inventory/C62JLCNR35FJROEGHRDY5WHT4A.jpg|https://media.getedealer.com/w_1280,h_960,q_90,c_l,v1/inventory/LAYADZKKIRF2VL5RPTIUBPVO6E.jpg",12-10-2025 07:34,FALSE
g5JXS7yzTf2T0qDda8dM5A,CHILLIWACK MITSUBISHI,,+1 672-784-5040,45510 Yale Rd,Chilliwack,BC,V2P 2M9,49.151131,-121.963743,HDA3KWY6TQ6U7bwnjYLzaQ,1G1ZD5ST9NF192919,UU192919,USED,2022,Chevrolet,Malibu,LT,4dr Sdn LT,25150,79071,Sedan,Black,,4,,Automatic,FWD,1.5,4,Gasoline,,Air Conditioning|Alloy Wheels|Backup Camera|Bluetooth Connection|Brake Assist|Cruise Control|Keyless Entry|Power Seats|Power Windows|Remote Start|Satellite Radio|Smart Device Integration|Wi-Fi Hotspot,"https://media.getedealer.com/w_1280,h_960,q_90,c_l,v1/inventory/KSSRB3AQC5H2XMFJJY4L3S365M.jpg|https://media.getedealer.com/w_1280,h_960,q_90,c_l,v1/inventory/7BBDQTMDWNHRRLDHLEGJ47HTUM.jpg|https://media.getedealer.com/w_1280,h_960,q_90,c_l,v1/inventory/Q3BKDQIPE5GXLH6DV7BMZLUN7E.jpg|https://media.getedealer.com/w_1280,h_960,q_90,c_l,v1/inventory/IO3QZV3TJRBJXDZTZTR7TTLKNY.jpg|https://media.getedealer.com/w_1280,h_960,q_90,c_l,v1/inventory/CUSNGUPD6VDKLFLJ3MUXSAFCZI.jpg|https://media.getedealer.com/w_1280,h_960,q_90,c_l,v1/inventory/AAU4FNSLENFTLLN4FF7YYBDNDQ.jpg|https://media.getedealer.com/w_1280,h_960,q_90,c_l,v1/inventory/JXCDKNRQ6NDFHE3VZDYJVA2XOM.jpg|https://media.getedealer.com/w_1280,h_960,q_90,c_l,v1/inventory/4M7QHPIJQNDHXDXZNVPMPTCWM4.jpg|https://media.getedealer.com/w_1280,h_960,q_90,c_l,v1/inventory/PLSQ7S2IK5EYVKGHWSEV7KG7YE.jpg|https://media.getedealer.com/w_1280,h_960,q_90,c_l,v1/inventory/AY2WRZK4HBBDHFRPIPZBZ4OECQ.jpg|https://media.getedealer.com/w_1280,h_960,q_90,c_l,v1/inventory/M2O7TQZIYJDJ5D2WSPSUYPYDMY.jpg|https://media.getedealer.com/w_1280,h_960,q_90,c_l,v1/inventory/SMJT7KC4NRBODPDBCAKBLWWHOA.jpg|https://media.getedealer.com/w_1280,h_960,q_90,c_l,v1/inventory/4OK6AVCAHJBZFNHAJDK6GYGRZI.jpg|https://media.getedealer.com/w_1280,h_960,q_90,c_l,v1/inventory/2WHVFPSDIRG25A36TKSRPTOUQQ.jpg|https://media.getedealer.com/w_1280,h_960,q_90,c_l,v1/inventory/WRYBGNL7WJFUDHVAVR55EFCDHA.jpg|https://media.getedealer.com/w_1280,h_960,q_90,c_l,v1/inventory/LAFUD4FKARCE5MCA6MJ34Q3PAM.jpg|https://media.getedealer.com/w_1280,h_960,q_90,c_l,v1/inventory/TJZIRD7LTVDLHN3VQ23X5SWX3E.jpg|https://media.getedealer.com/w_1280,h_960,q_90,c_l,v1/inventory/WOMFXVPIQ5EI7L6XHDLNQCN7ZA.jpg|https://media.getedealer.com/w_1280,h_960,q_90,c_l,v1/inventory/2H4WNNZB2ZBGHIWZKZRC3FYM6Q.jpg|https://media.getedealer.com/w_1280,h_960,q_90,c_l,v1/inventory/ILCA4SI24BDX7GW3ZLOP4YF7M4.jpg|https://media.getedealer.com/w_1280,h_960,q_90,c_l,v1/inventory/PIXX4G2R2RASBKX3Y766LFXU64.jpg|https://media.getedealer.com/w_1280,h_960,q_90,c_l,v1/inventory/RVTKZOSVV5ATDM5JSS6TLAUNRE.jpg|https://media.getedealer.com/w_1280,h_960,q_90,c_l,v1/inventory/VBEVSBUP7JGKDK2UHJ3WXMQPDI.jpg|https://media.getedealer.com/w_1280,h_960,q_90,c_l,v1/inventory/E67WHKVAQJAKTOJOJW25GG3PR4.jpg|https://media.getedealer.com/w_1280,h_960,q_90,c_l,v1/inventory/QKAWFLTNB5AKDB5BFKUFKL7CAI.jpg",10-02-2025 08:12,FALSE
g5JXS7yzTf2T0qDda8dM5A,CHILLIWACK MITSUBISHI,,+1 672-784-5040,45510 Yale Rd,Chilliwack,BC,V2P 2M9,49.151131,-121.963743,Hdjs7rdMSPOXHkpHTl9k3A,JA4T5WA92SZ603362,MI603362,NEW,2025,Mitsubishi,Outlander Plug-In Hybrid,GT,GT S-AWC,54898,25,SUV,Silver,,4,,Automatic,4Ã—4,2.4,4,Gasoline / Electric Hybrid,,Air Conditioning|Alloy Wheels|Backup Camera|Bluetooth Connection|Brake Assist|Cruise Control|Heads Up Display|Heated Seats|Keyless Entry|Lane Assist|Leather Seats|Navigation System|Parking Sensors|Power Seats|Power Windows|Satellite Radio|Smart Device Integration|Sunroof / Moonroof,"https://media.getedealer.com/w_1280,h_960,q_90,c_l,v1/inventory/BRJNKKC7OFDVFAAUKSTZOVM4V4.jpg|https://media.getedealer.com/w_1280,h_960,q_90,c_l,v1/inventory/NOK3KTMJA5AYFBZXFJYUAW3JGU.jpg|https://media.getedealer.com/w_1280,h_960,q_90,c_l,v1/inventory/RWAOKN46CNEGZFY2V6UMFBOOCQ.jpg|https://media.getedealer.com/w_1280,h_960,q_90,c_l,v1/inventory/DY4TKCXUZNB7ZDFN54YPGCV5FU.jpg|https://media.getedealer.com/w_1280,h_960,q_90,c_l,v1/inventory/L42HWQLHGVG3ZDF7BQ4RML66WM.jpg|https://media.getedealer.com/w_1280,h_960,q_90,c_l,v1/inventory/BDPZ3FKAJBEYJAJA6P6HX5YGTE.jpg|https://media.getedealer.com/w_1280,h_960,q_90,c_l,v1/inventory/LVUBGFYHUJCUZIPZ7IDM7YNH6A.jpg|https://media.getedealer.com/w_1280,h_960,q_90,c_l,v1/inventory/E2K3DOB3LNEYFAURIS5E7N77HA.jpg|https://media.getedealer.com/w_1280,h_960,q_90,c_l,v1/inventory/SC3YR4PRCFAAFGRWKS4LLU22B4.jpg|https://media.getedealer.com/w_1280,h_960,q_90,c_l,v1/inventory/SE6UOUPRPFE4XDJB75OMLL4ARQ.jpg|https://media.getedealer.com/w_1280,h_960,q_90,c_l,v1/inventory/G4ZW4KOITRCHJFBS5IQZWZPNMU.jpg|https://media.getedealer.com/w_1280,h_960,q_90,c_l,v1/inventory/PHT4ZW2EZBCQFJUAZCL4WTIVDY.jpg|https://media.getedealer.com/w_1280,h_960,q_90,c_l,v1/inventory/PNGUWLZH7JA3NKYOUTVK2THT6M.jpg|https://media.getedealer.com/w_1280,h_960,q_90,c_l,v1/inventory/MKQ7WVLMAVCAHIOE7EOO4S2N2M.jpg|https://media.getedealer.com/w_1280,h_960,q_90,c_l,v1/inventory/5QOLZUPAKVCUHAODZIT4CQXURU.jpg|https://media.getedealer.com/w_1280,h_960,q_90,c_l,v1/inventory/CJMV3BR2CRHCRO57S3SXPWXLCY.jpg|https://media.getedealer.com/w_1280,h_960,q_90,c_l,v1/inventory/J2PCR6KXV5CNTJ27BPFDRPCEYI.jpg|https://media.getedealer.com/w_1280,h_960,q_90,c_l,v1/inventory/YDZ7EHEHQBG5HGH2EUAOJAO4PQ.jpg|https://media.getedealer.com/w_1280,h_960,q_90,c_l,v1/inventory/BHJ5U2WQ35CNXOV6JWHLZ5YKVY.jpg|https://media.getedealer.com/w_1280,h_960,q_90,c_l,v1/inventory/VS3ILT7AJRGHZM32C5H2BEKAMU.jpg|https://media.getedealer.com/w_1280,h_960,q_90,c_l,v1/inventory/G72ZJH5DK5HGJGXFTKN74M4Z2I.jpg|https://media.getedealer.com/w_1280,h_960,q_90,c_l,v1/inventory/JLJLOXJ7BRFKRJL6S32BOFSLAE.jpg|https://media.getedealer.com/w_1280,h_960,q_90,c_l,v1/inventory/6F5VZWTEH5CSTODM3LOBUHVCGM.jpg|https://media.getedealer.com/w_1280,h_960,q_90,c_l,v1/inventory/ZQABEP3UUZHLDGD2U22ID6ZCMQ.jpg|https://media.getedealer.com/w_1280,h_960,q_90,c_l,v1/inventory/IE3TMMF7J5DVHGWQE3APJCIY4M.jpg",10-02-2025 08:15,FALSE
g5JXS7yzTf2T0qDda8dM5A,CHILLIWACK MITSUBISHI,,+1 672-784-5040,45510 Yale Rd,Chilliwack,BC,V2P 2M9,49.151131,-121.963743,Hja4gjipS6SfD76lDCTp2A,5N1AT2MV2KC727442,NA727442,USED,2019,Nissan,Rogue,SV,AWD SV,23950,73389,SUV,Black,,4,,Automatic,AWD,2.5,4,Gasoline,,Air Conditioning|Backup Camera|Bluetooth Connection|Brake Assist|Cruise Control|Heated Seats|Keyless Entry|Lane Assist|Power Windows|Satellite Radio|Smart Device Integration,"https://media.getedealer.com/w_1280,h_960,q_90,c_l,v1/inventory/UWWRULGAEZF7VC7QE3REGG6U6U.jpg|https://media.getedealer.com/w_1280,h_960,q_90,c_l,v1/inventory/6YN4HWEY7RFIXH6VSA4QASSTDQ.jpg|https://media.getedealer.com/w_1280,h_960,q_90,c_l,v1/inventory/JRD3MOV3Z5AEHONR5K6WG655CI.jpg|https://media.getedealer.com/w_1280,h_960,q_90,c_l,v1/inventory/TOMWCYTDFZBO5E2LJPVFUDBHKE.jpg|https://media.getedealer.com/w_1280,h_960,q_90,c_l,v1/inventory/YC7GJPYN4JACNK6L2TNIWCZFYY.jpg|https://media.getedealer.com/w_1280,h_960,q_90,c_l,v1/inventory/YU4IEYUQG5BLVAGZBWFGTHH4JM.jpg|https://media.getedealer.com/w_1280,h_960,q_90,c_l,v1/inventory/CRLASZHLHBGQPAX5TDSI3M7ACM.jpg|https://media.getedealer.com/w_1280,h_960,q_90,c_l,v1/inventory/NROQHB4GFFHSPMLJHECAUU7DZ4.jpg|https://media.getedealer.com/w_1280,h_960,q_90,c_l,v1/inventory/UPREBTO22NG23AW5U2JJQGB3EI.jpg|https://media.getedealer.com/w_1280,h_960,q_90,c_l,v1/inventory/ZKIIGLF7WRCT3GPE5M4QRPXJRI.jpg|https://media.getedealer.com/w_1280,h_960,q_90,c_l,v1/inventory/DZYY3Z2ZT5D7JEXY53CCKTFQGA.jpg|https://media.getedealer.com/w_1280,h_960,q_90,c_l,v1/inventory/LJQ6XPKTP5DOZIZRO435OYRB4A.jpg|https://media.getedealer.com/w_1280,h_960,q_90,c_l,v1/inventory/FHXTWMYNYRGH3G6BMZ77RC3EDI.jpg|https://media.getedealer.com/w_1280,h_960,q_90,c_l,v1/inventory/6KKAB3ZMV5FZ7K73O46PT2BDR4.jpg|https://media.getedealer.com/w_1280,h_960,q_90,c_l,v1/inventory/V3WMQI7XTVGABHRSJUKBHSLUU4.jpg|https://media.getedealer.com/w_1280,h_960,q_90,c_l,v1/inventory/AH5NDSNQTFDUBBUKQZQCTRF2UU.jpg|https://media.getedealer.com/w_1280,h_960,q_90,c_l,v1/inventory/72VC7F4JBBGRNFKT4OQXKKLICE.jpg|https://media.getedealer.com/w_1280,h_960,q_90,c_l,v1/inventory/3TKWDVUHS5BKXKENTWHH2QGZUI.jpg|https://media.getedealer.com/w_1280,h_960,q_90,c_l,v1/inventory/WYAMZF7VKJGM3NJRLI5Q55TEGY.jpg|https://media.getedealer.com/w_1280,h_960,q_90,c_l,v1/inventory/A4T6MO53YVBD5HKO7UOEJYKBWM.jpg|https://media.getedealer.com/w_1280,h_960,q_90,c_l,v1/inventory/25K2TSR6RFHK3G5QUQGOVVHQKI.jpg|https://media.getedealer.com/w_1280,h_960,q_90,c_l,v1/inventory/YOBRVK5XXBH4BPPCJEDJN2LPYY.jpg|https://media.getedealer.com/w_1280,h_960,q_90,c_l,v1/inventory/ZIYDQBUAOBAALNKYOPKQ7TE6T4.jpg|https://media.getedealer.com/w_1280,h_960,q_90,c_l,v1/inventory/FT5GS7ICVJCSXJHMZ5SBASKXE4.jpg",10-02-2025 08:14,FALSE
g5JXS7yzTf2T0qDda8dM5A,CHILLIWACK MITSUBISHI,,+1 672-784-5040,45510 Yale Rd,Chilliwack,BC,V2P 2M9,49.151131,-121.963743,I4QZYT8PSu6eIDrlMLrfrQ,5YFBPRBE4LP015385,VA015385,USED,2020,Toyota,Corolla,LE,LE CVT,22650,160003,Sedan,White,,4,,Automatic,FWD,1.8,4,Gasoline,,Air Conditioning|Backup Camera|Bluetooth Connection|Brake Assist|Cruise Control|Keyless Entry|Lane Assist|Power Windows|Smart Device Integration,"https://media.getedealer.com/w_1280,h_960,q_90,c_l,v1/inventory/QOLQMIK2IBCPNOEDB6WGJ4BKFM.jpg|https://media.getedealer.com/w_1280,h_960,q_90,c_l,v1/inventory/LLL2ZJG2ABFRPLJKNXELATKPIQ.jpg|https://media.getedealer.com/w_1280,h_960,q_90,c_l,v1/inventory/YS56LZQPXNCOJL346IZSFS4RA4.jpg|https://media.getedealer.com/w_1280,h_960,q_90,c_l,v1/inventory/Q4NZKPBTAVFOHF5RPR36VFWOEM.jpg|https://media.getedealer.com/w_1280,h_960,q_90,c_l,v1/inventory/KG7QFHD5GBA3TMQXB4UZZBRQG4.jpg|https://media.getedealer.com/w_1280,h_960,q_90,c_l,v1/inventory/XSNAETEUI5A4TIFNI5OYJKUZRQ.jpg|https://media.getedealer.com/w_1280,h_960,q_90,c_l,v1/inventory/L34KKK7ER5BQDIZKRUJHUMGT4M.jpg|https://media.getedealer.com/w_1280,h_960,q_90,c_l,v1/inventory/HQV7STTNRZGIJNCW2HANJFT6KE.jpg|https://media.getedealer.com/w_1280,h_960,q_90,c_l,v1/inventory/U2RAPCZQEVDIJMNZRGVGC7GIFU.jpg|https://media.getedealer.com/w_1280,h_960,q_90,c_l,v1/inventory/26PST4LB45G7XGJKGAO5QQM54Q.jpg|https://media.getedealer.com/w_1280,h_960,q_90,c_l,v1/inventory/3CSC2XNEPZDEXN2O5OGZVVJ5NA.jpg|https://media.getedealer.com/w_1280,h_960,q_90,c_l,v1/inventory/F24ECFFSYBGOFJTDP5XYLVL7IQ.jpg|https://media.getedealer.com/w_1280,h_960,q_90,c_l,v1/inventory/Q462RLZBPFEKBHU4O3GNSTTSRY.jpg|https://media.getedealer.com/w_1280,h_960,q_90,c_l,v1/inventory/YKIWURC6NNDMLOAQE3FJ6526IQ.jpg|https://media.getedealer.com/w_1280,h_960,q_90,c_l,v1/inventory/OKB3YDVU4RGUPKVATYRY2CNTWM.jpg|https://media.getedealer.com/w_1280,h_960,q_90,c_l,v1/inventory/B722KOTFEJDN3I477GN3RXVNXE.jpg|https://media.getedealer.com/w_1280,h_960,q_90,c_l,v1/inventory/5BIXLVTGZ5CJTOB4DAGBAEEB3I.jpg|https://media.getedealer.com/w_1280,h_960,q_90,c_l,v1/inventory/PNVFUUFG55HZJER4KE5UY2KYGU.jpg|https://media.getedealer.com/w_1280,h_960,q_90,c_l,v1/inventory/2Z6IBRSRYVFYHN5AU5XMA5BTSQ.jpg|https://media.getedealer.com/w_1280,h_960,q_90,c_l,v1/inventory/IKC3LHWKW5GP3LBHKQIDUGHS3A.jpg|https://media.getedealer.com/w_1280,h_960,q_90,c_l,v1/inventory/ZOYSUXTKVBH7DCYWMVCNGQHHBY.jpg|https://media.getedealer.com/w_1280,h_960,q_90,c_l,v1/inventory/GPA454QUFNEWTOUPAKUFW5C5J4.jpg|https://media.getedealer.com/w_1280,h_960,q_90,c_l,v1/inventory/2ACEEZIF3FDMTJCOEF3TZSW5JU.jpg|https://media.getedealer.com/w_1280,h_960,q_90,c_l,v1/inventory/PHQ7T67QZVHZNCF3ECBFJJO3QM.jpg|https://media.getedealer.com/w_1280,h_960,q_90,c_l,v1/inventory/UOJJ54EKPRG3DN5L6Z2FVAHJRI.jpg",10-02-2025 08:14,FALSE
g5JXS7yzTf2T0qDda8dM5A,CHILLIWACK MITSUBISHI,,+1 672-784-5040,45510 Yale Rd,Chilliwack,BC,V2P 2M9,49.151131,-121.963743,IOLc5oggRuGakhXxPRYlEw,JA4T5VA9XSZ602826,MI602826,NEW,2025,Mitsubishi,Outlander Plug-In Hybrid,SEL,SEL S-AWC,52598,47,SUV,Gray,,4,,Automatic,4Ã—4,2.4,4,Gasoline / Electric Hybrid,,Air Conditioning|Alloy Wheels|Backup Camera|Bluetooth Connection|Brake Assist|Cruise Control|Heated Seats|Keyless Entry|Lane Assist|Parking Sensors|Power Windows|Satellite Radio|Smart Device Integration|Sunroof / Moonroof,"https://media.getedealer.com/w_1280,h_960,q_90,c_l,v1/inventory/IVLJJKYZJBDFTDHQJO5YGLD6XE.jpg|https://media.getedealer.com/w_1280,h_960,q_90,c_l,v1/inventory/KIKD52QMAVHUVPDVV4LO4GVHJ4.jpg|https://media.getedealer.com/w_1280,h_960,q_90,c_l,v1/inventory/7FJRCJR575HYPKQLU6JPEJJA24.jpg|https://media.getedealer.com/w_1280,h_960,q_90,c_l,v1/inventory/CQDRAXR27ZD2ZNCUHZWEDPHHQA.jpg|https://media.getedealer.com/w_1280,h_960,q_90,c_l,v1/inventory/4DETRUCD5JCXPDSKUJFAKMZTRM.jpg|https://media.getedealer.com/w_1280,h_960,q_90,c_l,v1/inventory/XTDM2J6KKVBLLLTXH7YE3FIQ7U.jpg|https://media.getedealer.com/w_1280,h_960,q_90,c_l,v1/inventory/6Q7IR2GFEVAHXOE4NYLTEQJBLY.jpg|https://media.getedealer.com/w_1280,h_960,q_90,c_l,v1/inventory/TIVUXG3JRRFXPLFUIYH3FKT6TE.jpg|https://media.getedealer.com/w_1280,h_960,q_90,c_l,v1/inventory/C3SIG7STBRFJXMVJY6QTJGHZ5M.jpg|https://media.getedealer.com/w_1280,h_960,q_90,c_l,v1/inventory/W3FLBKLSTNENFI6S7GJIXLB4QY.jpg|https://media.getedealer.com/w_1280,h_960,q_90,c_l,v1/inventory/EC5W7WEL5JDOFPLIFTNRINNQ3U.jpg|https://media.getedealer.com/w_1280,h_960,q_90,c_l,v1/inventory/AI2S66MRFFBAJPWFPXNVYPEYF4.jpg|https://media.getedealer.com/w_1280,h_960,q_90,c_l,v1/inventory/GY4NOZ7VGFCIVIX5H73SGEI7YU.jpg|https://media.getedealer.com/w_1280,h_960,q_90,c_l,v1/inventory/MKIBCOYPPJBBFJRWSNFDW2ZOZY.jpg|https://media.getedealer.com/w_1280,h_960,q_90,c_l,v1/inventory/RSF2NVGAYNGZ7PQDLPGNF2FAN4.jpg|https://media.getedealer.com/w_1280,h_960,q_90,c_l,v1/inventory/EK7VMOYZA5E5RCRA4OL2ASNG4Q.jpg|https://media.getedealer.com/w_1280,h_960,q_90,c_l,v1/inventory/I337QCGFI5FGRLLWUQDWWSYN5I.jpg|https://media.getedealer.com/w_1280,h_960,q_90,c_l,v1/inventory/HK4E2ESNWZHPLBEXRLANN5INFQ.jpg|https://media.getedealer.com/w_1280,h_960,q_90,c_l,v1/inventory/Y6NIPOZV5NCHTAB5F26BFC4SYM.jpg|https://media.getedealer.com/w_1280,h_960,q_90,c_l,v1/inventory/KYCCA2H76BDLNLEVQSNZZJFAYA.jpg|https://media.getedealer.com/w_1280,h_960,q_90,c_l,v1/inventory/MTRXT4IXDRCFJDBDLD47RYGLZY.jpg|https://media.getedealer.com/w_1280,h_960,q_90,c_l,v1/inventory/H56T2VMZRJH5JMTGFFNZODIBYU.jpg|https://media.getedealer.com/w_1280,h_960,q_90,c_l,v1/inventory/OLJBBM77INDA5C5GUNCPQRLO5U.jpg|https://media.getedealer.com/w_1280,h_960,q_90,c_l,v1/inventory/K7FUI3Q7OJAUNOBAYQ5JCE4QIA.jpg|https://media.getedealer.com/w_1280,h_960,q_90,c_l,v1/inventory/AMZP3R4MMVFERDGNMPPB5BJUS4.jpg",10-02-2025 08:15,FALSE
g5JXS7yzTf2T0qDda8dM5A,CHILLIWACK MITSUBISHI,,+1 672-784-5040,45510 Yale Rd,Chilliwack,BC,V2P 2M9,49.151131,-121.963743,IZEftXFMRdyARiQZIufNuw,3C6RR7KT1NG356254,UU356254,USED,2022,Ram,1500 Classic,Express,"Express 4x4 Crew Cab 5'7"" Box",45700,16359,Truck,Black,Gray,4,,Automatic,4Ã—4,5.7,8,Gasoline,,Air Conditioning|Backup Camera|Bluetooth Connection|Brake Assist|Cruise Control|Power Windows,"https://media.getedealer.com/w_1280,h_960,q_90,c_l,v1/inventory/PLXJY6AHCJAKLFLCWOVCHWFCH4.jpg|https://media.getedealer.com/w_1280,h_960,q_90,c_l,v1/inventory/U2NSRVG2PVFLJL67UN6VPO62SA.jpg|https://media.getedealer.com/w_1280,h_960,q_90,c_l,v1/inventory/NAICDBUOTZDZPMD7VRHE5ROBCU.jpg|https://media.getedealer.com/w_1280,h_960,q_90,c_l,v1/inventory/WVQTTOTP6BCPHAPZ765DTVQLNY.jpg|https://media.getedealer.com/w_1280,h_960,q_90,c_l,v1/inventory/3U7CIUNBXZGUPOIBB4J3HUBVZQ.jpg|https://media.getedealer.com/w_1280,h_960,q_90,c_l,v1/inventory/LHUQRBNEBZDRPG4CJCRQHV6KZA.jpg|https://media.getedealer.com/w_1280,h_960,q_90,c_l,v1/inventory/AOSJQCNSM5HQVPLXGB2YWOMM7I.jpg|https://media.getedealer.com/w_1280,h_960,q_90,c_l,v1/inventory/KP464S3S2JFTDKMM5WRE3QXUUE.jpg|https://media.getedealer.com/w_1280,h_960,q_90,c_l,v1/inventory/MY7QSVXXA5BK7K422UICRRVY3Y.jpg|https://media.getedealer.com/w_1280,h_960,q_90,c_l,v1/inventory/CRPROQLV5FFBPIVO55C56ES3TU.jpg|https://media.getedealer.com/w_1280,h_960,q_90,c_l,v1/inventory/BV2LOOR2C5B53M25KHENAXZTN4.jpg|https://media.getedealer.com/w_1280,h_960,q_90,c_l,v1/inventory/UUQ43UXQSVGFDCJYPF5WKC3YNY.jpg|https://media.getedealer.com/w_1280,h_960,q_90,c_l,v1/inventory/AUSNY3XERNHWDP622PATWC6E4M.jpg|https://media.getedealer.com/w_1280,h_960,q_90,c_l,v1/inventory/3BXKMV5LGRD5ZDNQJ2S3VHPFIA.jpg|https://media.getedealer.com/w_1280,h_960,q_90,c_l,v1/inventory/26AHSRFM5VGCDKGAYOPEDGD4MM.jpg|https://media.getedealer.com/w_1280,h_960,q_90,c_l,v1/inventory/MN4LTUZOZZGNNB6MTSCTBPJ3A4.jpg|https://media.getedealer.com/w_1280,h_960,q_90,c_l,v1/inventory/JT6QQEGUENF6BMSDKFNCU5RBXI.jpg|https://media.getedealer.com/w_1280,h_960,q_90,c_l,v1/inventory/YMCYFNNDVZH5FED7SHQUDFPHHQ.jpg|https://media.getedealer.com/w_1280,h_960,q_90,c_l,v1/inventory/ZSP72COJGNDOTKV3WHNMAIKCGY.jpg|https://media.getedealer.com/w_1280,h_960,q_90,c_l,v1/inventory/DBBCJKNV2RCVTOIFHBFM7FJVOM.jpg|https://media.getedealer.com/w_1280,h_960,q_90,c_l,v1/inventory/5UQDLIX47FEWHCMBKCIW6IW2AE.jpg|https://media.getedealer.com/w_1280,h_960,q_90,c_l,v1/inventory/DDXIP6X2JNEE5IS7SJ52KNVVXY.jpg|https://media.getedealer.com/w_1280,h_960,q_90,c_l,v1/inventory/HDNJIBKB3JDUPJIM7RKPA45WR4.jpg|https://media.getedealer.com/w_1280,h_960,q_90,c_l,v1/inventory/ZQ2576H64JGOPPLVW7CSYHES7U.jpg|https://media.getedealer.com/w_1280,h_960,q_90,c_l,v1/inventory/MG4RHLKJORBQ5PPQSEQDTCWJ44.jpg",10-02-2025 08:13,FALSE
g5JXS7yzTf2T0qDda8dM5A,CHILLIWACK MITSUBISHI,,+1 672-784-5040,45510 Yale Rd,Chilliwack,BC,V2P 2M9,49.151131,-121.963743,InGo63eAReOCblWlmg8iUg,KM8J3CAL4KU033337,UU033337,USED,2019,Hyundai,Tucson,Luxury,Luxury AWD,22500,123098,SUV,Red,Black,4,,Automatic,AWD,2.4,4,Gasoline,,Air Conditioning|Alloy Wheels|Backup Camera|Bluetooth Connection|Brake Assist|Cruise Control|Heated Seats|Keyless Entry|Lane Assist|Leather Seats|Power Seats|Power Windows|Remote Start|Satellite Radio|Smart Device Integration|Sunroof / Moonroof,"https://media.getedealer.com/w_1280,h_960,q_90,c_l,v1/inventory/PEQ6A2T6AFBRPKVLDS3FMGXYQY.jpg|https://media.getedealer.com/w_1280,h_960,q_90,c_l,v1/inventory/KUF3IDYE3VEHVBJ77QUU74GA4E.jpg|https://media.getedealer.com/w_1280,h_960,q_90,c_l,v1/inventory/AYY5TCYCCNBOTBFA4CWLVCZBO4.jpg|https://media.getedealer.com/w_1280,h_960,q_90,c_l,v1/inventory/L4HFIESNYNFNRI3JJELOZ3A57Q.jpg|https://media.getedealer.com/w_1280,h_960,q_90,c_l,v1/inventory/JN5IZDNZABFPXMVYAKBTIM6R4U.jpg|https://media.getedealer.com/w_1280,h_960,q_90,c_l,v1/inventory/EM7S737TOBBDHCJEKILEADB6IM.jpg|https://media.getedealer.com/w_1280,h_960,q_90,c_l,v1/inventory/DDBG7OLOXJH47ISEFQEUGJG6MQ.jpg|https://media.getedealer.com/w_1280,h_960,q_90,c_l,v1/inventory/3MRNSPG6UNAO3F4BVWCEP452NE.jpg|https://media.getedealer.com/w_1280,h_960,q_90,c_l,v1/inventory/55GNN2GIJZD3DCHW3KA7GFOJYY.jpg|https://media.getedealer.com/w_1280,h_960,q_90,c_l,v1/inventory/QLQURRN6TNFA7GJ73SLW2E3PJA.jpg|https://media.getedealer.com/w_1280,h_960,q_90,c_l,v1/inventory/PS6C362T2VFCPG24VAPUT4BRRM.jpg|https://media.getedealer.com/w_1280,h_960,q_90,c_l,v1/inventory/SXF3X3AS4JAF7LCQ3L7MKRGWQE.jpg|https://media.getedealer.com/w_1280,h_960,q_90,c_l,v1/inventory/SS4JJ6N2WNA7TAKNZ4BC5OUDCE.jpg|https://media.getedealer.com/w_1280,h_960,q_90,c_l,v1/inventory/URWWYYK7WFDQTKKPZSFOJP7S2A.jpg|https://media.getedealer.com/w_1280,h_960,q_90,c_l,v1/inventory/PLWCG3SHRBD2VFV7HZMCNEONP4.jpg|https://media.getedealer.com/w_1280,h_960,q_90,c_l,v1/inventory/NRSHNENNXVGDHDLZLZNOAXBR5Q.jpg|https://media.getedealer.com/w_1280,h_960,q_90,c_l,v1/inventory/UIRGW2EKV5CSDHFNRFF72G3V7U.jpg|https://media.getedealer.com/w_1280,h_960,q_90,c_l,v1/inventory/ZDE4KEFDEFAZVIGHX7MZGBJZVI.jpg|https://media.getedealer.com/w_1280,h_960,q_90,c_l,v1/inventory/WAFJGENUYVFLPDVPH2O6SIGMBU.jpg|https://media.getedealer.com/w_1280,h_960,q_90,c_l,v1/inventory/XUY6AB2Z2FAA7KDFMTSEPJTSOA.jpg|https://media.getedealer.com/w_1280,h_960,q_90,c_l,v1/inventory/JXKV2LSDGRGFLF5V4AHCS4KI5M.jpg|https://media.getedealer.com/w_1280,h_960,q_90,c_l,v1/inventory/TY7BFRFBRNAVHP3Z3Q6LCV5S3Q.jpg|https://media.getedealer.com/w_1280,h_960,q_90,c_l,v1/inventory/JOESAPHV6RHFFF6HWR6G4XZOVE.jpg|https://media.getedealer.com/w_1280,h_960,q_90,c_l,v1/inventory/IOZZRC7C7ND6NDOX7OX3SJ6QSU.jpg",10-02-2025 08:15,FALSE
g5JXS7yzTf2T0qDda8dM5A,CHILLIWACK MITSUBISHI,,+1 672-784-5040,45510 Yale Rd,Chilliwack,BC,V2P 2M9,49.151131,-121.963743,IvM3nkoWRkmS5eRr0noe5g,KNAHT8A30E7068215,UU068215,USED,2014,Kia,Rondo,LX,4dr Wgn Man LX,6950,165000,Sedan,Gray,,4,,Manual,FWD,2,4,Gasoline,,Air Conditioning|Bluetooth Connection|Brake Assist|Cruise Control|Heated Seats|Keyless Entry|Power Windows|Satellite Radio,"https://media.getedealer.com/w_1280,h_960,q_90,c_l,v1/inventory/FZWOYAGNHRA4NCXNXFYOEEQSS4.jpg|https://media.getedealer.com/w_1280,h_960,q_90,c_l,v1/inventory/CD4S5AUU6NDQJHYBE6GF76OGF4.jpg|https://media.getedealer.com/w_1280,h_960,q_90,c_l,v1/inventory/FHVUNRF4BFFSZCBVLOB6ZA33DM.jpg|https://media.getedealer.com/w_1280,h_960,q_90,c_l,v1/inventory/IRZBMEP57FD3ZAH4FAPQCJ7AG4.jpg|https://media.getedealer.com/w_1280,h_960,q_90,c_l,v1/inventory/NH63XTQZMBHV3KUO5GHIYPVS2Y.jpg|https://media.getedealer.com/w_1280,h_960,q_90,c_l,v1/inventory/Z4IG6U3VZZCKHE23NGFMW2H4ZA.jpg|https://media.getedealer.com/w_1280,h_960,q_90,c_l,v1/inventory/3FMKITWYJBCRDOLI3MUKQO7VFQ.jpg|https://media.getedealer.com/w_1280,h_960,q_90,c_l,v1/inventory/2ZZA4BB3LBCMLB5RGRPPGHSDCE.jpg|https://media.getedealer.com/w_1280,h_960,q_90,c_l,v1/inventory/GXNUACZ5EJBOHBNMZUU2YYAGXA.jpg|https://media.getedealer.com/w_1280,h_960,q_90,c_l,v1/inventory/JIWGKRRHKZHPHCD74ZFHCD4PUI.jpg|https://media.getedealer.com/w_1280,h_960,q_90,c_l,v1/inventory/7DKQUQ3KDBBHPAHMQJJNXQYT2E.jpg|https://media.getedealer.com/w_1280,h_960,q_90,c_l,v1/inventory/6Z65ERGOU5HFFJOKEZFNDIL6CQ.jpg|https://media.getedealer.com/w_1280,h_960,q_90,c_l,v1/inventory/KCJGRR6S7FAJDAJUXJOL4KWKSM.jpg|https://media.getedealer.com/w_1280,h_960,q_90,c_l,v1/inventory/UVS4IFK5UJCU5OF7ONOHT7BGFA.jpg|https://media.getedealer.com/w_1280,h_960,q_90,c_l,v1/inventory/6SOQA4VIBZCAXEHP2VA4CLYIYA.jpg|https://media.getedealer.com/w_1280,h_960,q_90,c_l,v1/inventory/H3DGTLHEIZBHVJK2LLMTYOOZ2I.jpg|https://media.getedealer.com/w_1280,h_960,q_90,c_l,v1/inventory/G36OJKKPRFCSDARHZ2O2HGZ4JM.jpg|https://media.getedealer.com/w_1280,h_960,q_90,c_l,v1/inventory/CKUKGQAGBZELNDYP7R2TM2P7YM.jpg|https://media.getedealer.com/w_1280,h_960,q_90,c_l,v1/inventory/ZFNABQYHUNDFVNYVCX7H4FYW7E.jpg|https://media.getedealer.com/w_1280,h_960,q_90,c_l,v1/inventory/YGXEOPPVFBBZ7GRH6QZJUMMS7E.jpg|https://media.getedealer.com/w_1280,h_960,q_90,c_l,v1/inventory/SDN62HXZOBA6JEWGDYIT4MDSNI.jpg|https://media.getedealer.com/w_1280,h_960,q_90,c_l,v1/inventory/GH6M26ITIVDW3E66Q6SMOJDPFM.jpg|https://media.getedealer.com/w_1280,h_960,q_90,c_l,v1/inventory/ZVNF4N2QDBH4JMPVSVBL6YSNOQ.jpg",10-02-2025 08:16,FALSE
g5JXS7yzTf2T0qDda8dM5A,CHILLIWACK MITSUBISHI,,+1 672-784-5040,45510 Yale Rd,Chilliwack,BC,V2P 2M9,49.151131,-121.963743,IyZvFRv3TWGoljiDetDsuA,JA4AZ2A39KZ602421,UU602421,USED,2019,Mitsubishi,Outlander,ES Premium,ES Premium AWC,22750,107369,SUV,,,4,,Automatic,4Ã—4,2.4,4,Gasoline,,Air Conditioning|Alloy Wheels|Bluetooth Connection|Brake Assist|Cruise Control|Heated Seats|Keyless Entry|Power Windows|Satellite Radio|Smart Device Integration,"https://media.getedealer.com/w_1280,h_960,q_90,c_l,v1/inventory/2C55KTHDANCBPGQCL4JJSBIYKY.jpg|https://media.getedealer.com/w_1280,h_960,q_90,c_l,v1/inventory/PK3DD2RCVFG6LMXBLHRJB6LGAQ.jpg|https://media.getedealer.com/w_1280,h_960,q_90,c_l,v1/inventory/BYT6JY7BNRAMLBFKQ3HYUYMUP4.jpg|https://media.getedealer.com/w_1280,h_960,q_90,c_l,v1/inventory/AHWEIG4LQRFEJI7UBMYNRRVTT4.jpg|https://media.getedealer.com/w_1280,h_960,q_90,c_l,v1/inventory/JXD6CYYVZZDKTNVIFPGFEYTFKU.jpg|https://media.getedealer.com/w_1280,h_960,q_90,c_l,v1/inventory/DJGAN7SXMJE4ZN5KSG6PLL3E6E.jpg|https://media.getedealer.com/w_1280,h_960,q_90,c_l,v1/inventory/46Q5HX5IFRDPBFCRBAMATPIQQI.jpg|https://media.getedealer.com/w_1280,h_960,q_90,c_l,v1/inventory/HKGJP2QXZJD6RKAKRYO3TCZJFU.jpg|https://media.getedealer.com/w_1280,h_960,q_90,c_l,v1/inventory/SBMOWJQSQRCKHLVK6RYEORTGGA.jpg|https://media.getedealer.com/w_1280,h_960,q_90,c_l,v1/inventory/TDHR6AHYKNFAZMCVHG4U7A6AF4.jpg|https://media.getedealer.com/w_1280,h_960,q_90,c_l,v1/inventory/7ZEZJCRTYBERNCUHRAIFBDEPUA.jpg|https://media.getedealer.com/w_1280,h_960,q_90,c_l,v1/inventory/7Z5JDWQYUFFLPBHM3Z3OCLK5II.jpg|https://media.getedealer.com/w_1280,h_960,q_90,c_l,v1/inventory/J7U3VIBRBBEZ3GQIK77TDHU4FU.jpg|https://media.getedealer.com/w_1280,h_960,q_90,c_l,v1/inventory/BL2PNWXNY5FKPI3RT6MRJNYFYQ.jpg|https://media.getedealer.com/w_1280,h_960,q_90,c_l,v1/inventory/J6CJEAZHN5CXJG5KLXTAAQF4JI.jpg|https://media.getedealer.com/w_1280,h_960,q_90,c_l,v1/inventory/BWA6NWMFRZFLNNXED5PENJXTZM.jpg|https://media.getedealer.com/w_1280,h_960,q_90,c_l,v1/inventory/GQYKK77HM5HNBJ5GLDTLBQDHZE.jpg|https://media.getedealer.com/w_1280,h_960,q_90,c_l,v1/inventory/X3I7J2HGSRDXPLVEQIYUIW4KNI.jpg|https://media.getedealer.com/w_1280,h_960,q_90,c_l,v1/inventory/QASS7OLDZFHJFEKISFPP7GI26A.jpg|https://media.getedealer.com/w_1280,h_960,q_90,c_l,v1/inventory/4EG7WBWLSVA6PGTPNZE7XYRBVQ.jpg|https://media.getedealer.com/w_1280,h_960,q_90,c_l,v1/inventory/UZ5XZ7ZVY5EUFG5MNLLI3Z463I.jpg|https://media.getedealer.com/w_1280,h_960,q_90,c_l,v1/inventory/T3JNHVHF4VABRHUVBUQIRJK2NI.jpg|https://media.getedealer.com/w_1280,h_960,q_90,c_l,v1/inventory/M6FKRETMIVHFBHLPUEPU755TFM.jpg|https://media.getedealer.com/w_1280,h_960,q_90,c_l,v1/inventory/JEAY5HQS2REQTNKSUG2ZQSZUNU.jpg|https://media.getedealer.com/w_1280,h_960,q_90,c_l,v1/inventory/DQRBH5FFDZH33BU6QKAYV3DZZI.jpg",12-03-2025 07:34,FALSE
g5JXS7yzTf2T0qDda8dM5A,CHILLIWACK MITSUBISHI,,+1 672-784-5040,45510 Yale Rd,Chilliwack,BC,V2P 2M9,49.151131,-121.963743,J2CbBXJFRZGrEBQ6UXhWEg,4A37L2EF5CE002667,UU002667,USED,2012,Mitsubishi,Eclipse,GS,2dr Spyder Auto GS,10750,128098,Convertible,Silver,,2,,,FWD,2.4,4,Gasoline,,Air Conditioning|Alloy Wheels|Backup Camera|Bluetooth Connection|Cruise Control|Heated Seats|Keyless Entry|Power Windows|Satellite Radio,"https://media.getedealer.com/w_1280,h_960,q_90,c_l,v1/inventory/FF5YZGLDMBH5FBVT4FGR2QBYO4.jpg|https://media.getedealer.com/w_1280,h_960,q_90,c_l,v1/inventory/KIZZY6767NGP5OPSD2P4YHQYPE.jpg|https://media.getedealer.com/w_1280,h_960,q_90,c_l,v1/inventory/CNMSAJXQSZG2FFGWSATIYMB27Y.jpg|https://media.getedealer.com/w_1280,h_960,q_90,c_l,v1/inventory/SLZIEHIIDVBRNFCXNJBUARMMGI.jpg|https://media.getedealer.com/w_1280,h_960,q_90,c_l,v1/inventory/KRXCIFPTFJDTTJFBHK6IPKVRLI.jpg|https://media.getedealer.com/w_1280,h_960,q_90,c_l,v1/inventory/F42M5PLMTJC65IXCGRK3QAYEBQ.jpg|https://media.getedealer.com/w_1280,h_960,q_90,c_l,v1/inventory/WBIRC2YWBRESNJSNKLJV7XSE54.jpg|https://media.getedealer.com/w_1280,h_960,q_90,c_l,v1/inventory/7OW3HIXPYJGSBL4XTA2VNQO3M4.jpg|https://media.getedealer.com/w_1280,h_960,q_90,c_l,v1/inventory/EYE4HHB4Z5AM7OOWR764GU73EU.jpg|https://media.getedealer.com/w_1280,h_960,q_90,c_l,v1/inventory/GBPCNDYQFBDW7OAV7OZFKKAQXM.jpg|https://media.getedealer.com/w_1280,h_960,q_90,c_l,v1/inventory/DQ6EG2LQ6RH2VIAGVNSDMMKERM.jpg|https://media.getedealer.com/w_1280,h_960,q_90,c_l,v1/inventory/BLNZ2ZJSBVFTBFHGVNP4NHFNBE.jpg|https://media.getedealer.com/w_1280,h_960,q_90,c_l,v1/inventory/YSTLI4RSBNDWPMGS566QYZ7Q5A.jpg|https://media.getedealer.com/w_1280,h_960,q_90,c_l,v1/inventory/XTLWRRZ3UFBP5KI3VFG6DLJOIE.jpg|https://media.getedealer.com/w_1280,h_960,q_90,c_l,v1/inventory/F3JLACYIDNH7RAORISAM6KE7GY.jpg|https://media.getedealer.com/w_1280,h_960,q_90,c_l,v1/inventory/C3362XHV4FDTVNTYT7MSHQC76E.jpg|https://media.getedealer.com/w_1280,h_960,q_90,c_l,v1/inventory/4V5FW4AMVFHWPLGVAWQK6Q3QKI.jpg|https://media.getedealer.com/w_1280,h_960,q_90,c_l,v1/inventory/NQ6GCVXSAFHTTMEJRZ2DYAXETU.jpg|https://media.getedealer.com/w_1280,h_960,q_90,c_l,v1/inventory/PI2IDBCYGVHVZONLWGCSYAMIVI.jpg|https://media.getedealer.com/w_1280,h_960,q_90,c_l,v1/inventory/Q4BKOU256VAAHFG4YHF5VGHIPM.jpg|https://media.getedealer.com/w_1280,h_960,q_90,c_l,v1/inventory/BGXDBELZJZDTFLTBW45NZOZVTA.jpg|https://media.getedealer.com/w_1280,h_960,q_90,c_l,v1/inventory/JDZSCN42A5H3LGUWZEJXZWRF7E.jpg|https://media.getedealer.com/w_1280,h_960,q_90,c_l,v1/inventory/IFRV47UQGFCHXCHUIYXECFZJ3E.jpg|https://media.getedealer.com/w_1280,h_960,q_90,c_l,v1/inventory/KYECBJGSQZEYXNDP7LERUCTAQY.jpg|https://media.getedealer.com/w_1280,h_960,q_90,c_l,v1/inventory/NQM3ONBSCBDBJNID5K4ZRL4SOA.jpg",10-09-2025 07:10,FALSE
g5JXS7yzTf2T0qDda8dM5A,CHILLIWACK MITSUBISHI,,+1 672-784-5040,45510 Yale Rd,Chilliwack,BC,V2P 2M9,49.151131,-121.963743,J2H1BIsjQEKeRsra3CpMjg,KL79MNSL5PB187859,UU187859,USED,2023,Chevrolet,TrailBlazer,LS,AWD 4dr MIDNIGHT PKG,30750,2486,SUV,White,,4,,Automatic,AWD,1.3,3,Gasoline,,Air Conditioning|Alloy Wheels|Backup Camera|Bluetooth Connection|Lane Assist|Power Windows|Satellite Radio|Smart Device Integration|Wi-Fi Hotspot,"https://media.getedealer.com/w_1280,h_960,q_90,c_l,v1/inventory/A7MH7WTTCZD3HCZYUZYATQC3JA.jpg|https://media.getedealer.com/w_1280,h_960,q_90,c_l,v1/inventory/MCLQHUT52FAZVIWR4JSSWAOD4Y.jpg|https://media.getedealer.com/w_1280,h_960,q_90,c_l,v1/inventory/AYQB5AJZXRGZ5KCFZXM2D2VE3E.jpg|https://media.getedealer.com/w_1280,h_960,q_90,c_l,v1/inventory/KUVVOH3YJBH3FKJ6KDN3MOJXJM.jpg|https://media.getedealer.com/w_1280,h_960,q_90,c_l,v1/inventory/YS3MEFLRNJFUBMGQVWN3NK4G5U.jpg|https://media.getedealer.com/w_1280,h_960,q_90,c_l,v1/inventory/6T3OYNTCPNFTPB7BGNXZ42LX3U.jpg|https://media.getedealer.com/w_1280,h_960,q_90,c_l,v1/inventory/EP6RBNQHR5DUDHCZ5NZWSUWKHU.jpg|https://media.getedealer.com/w_1280,h_960,q_90,c_l,v1/inventory/OMC26MYOIVH27CA4GXHHDEI2T4.jpg|https://media.getedealer.com/w_1280,h_960,q_90,c_l,v1/inventory/L35WTUHFIJAHVOBHUBFD4TIUGE.jpg|https://media.getedealer.com/w_1280,h_960,q_90,c_l,v1/inventory/FTJCJSVZJBC3ZLD5QZUPJ5EGWY.jpg|https://media.getedealer.com/w_1280,h_960,q_90,c_l,v1/inventory/SQJ5JFU4PNDDHBCILQ72XBWULM.jpg|https://media.getedealer.com/w_1280,h_960,q_90,c_l,v1/inventory/NV7NOGUYEBEQPAB6RKREB34WKU.jpg|https://media.getedealer.com/w_1280,h_960,q_90,c_l,v1/inventory/ZPSKR4UFWNEF5PCU7BN6KBIVPU.jpg|https://media.getedealer.com/w_1280,h_960,q_90,c_l,v1/inventory/K43HYRPIYFDANL6GMFX6OHZAWU.jpg|https://media.getedealer.com/w_1280,h_960,q_90,c_l,v1/inventory/PF5BGY4LEZBWLILIOMJ4CIHVLU.jpg|https://media.getedealer.com/w_1280,h_960,q_90,c_l,v1/inventory/G2BRN5JKLVEMPHMSSWSM4CZL2Q.jpg|https://media.getedealer.com/w_1280,h_960,q_90,c_l,v1/inventory/E5RX4MFALVCSXG3VQG2F2XM7A4.jpg|https://media.getedealer.com/w_1280,h_960,q_90,c_l,v1/inventory/G57DDJAZWFCKND7GHFXHST2C6Y.jpg|https://media.getedealer.com/w_1280,h_960,q_90,c_l,v1/inventory/SK43BSFEI5GNHH4D75MCVK2G5Y.jpg|https://media.getedealer.com/w_1280,h_960,q_90,c_l,v1/inventory/MFUR7DFQYRF55NJ5JMZZJGSFII.jpg|https://media.getedealer.com/w_1280,h_960,q_90,c_l,v1/inventory/4XOOPFV7PFGLVLUIWANGYOQXRY.jpg|https://media.getedealer.com/w_1280,h_960,q_90,c_l,v1/inventory/Y4IJRT4VKJFJJO6QCXSUQSLKIY.jpg|https://media.getedealer.com/w_1280,h_960,q_90,c_l,v1/inventory/RV2UHTART5HTRGRYYQRC2NYWVQ.jpg|https://media.getedealer.com/w_1280,h_960,q_90,c_l,v1/inventory/N3RELSNZFJBZFHYYYB4MJLEHPU.jpg",10-02-2025 08:15,FALSE
g5JXS7yzTf2T0qDda8dM5A,CHILLIWACK MITSUBISHI,,+1 672-784-5040,45510 Yale Rd,Chilliwack,BC,V2P 2M9,49.151131,-121.963743,JNP2En9oQhGtqURf21GYKg,5UXFG2C57DL782891,UU782891,USED,2013,BMW,X6,35i,AWD 4dr 35i M Pkg,24850,139182,SUV,Silver,,4,,Automatic,AWD,3,6,Gasoline,,Air Conditioning|Alloy Wheels|Backup Camera|Bluetooth Connection|Brake Assist|Cruise Control|Heated Seats|Leather Seats|Parking Sensors|Power Seats|Power Windows|Sunroof / Moonroof,"https://media.getedealer.com/w_1280,h_960,q_90,c_l,v1/inventory/4LKNL4AET5DIDJF5O6R746LXN4.jpg|https://media.getedealer.com/w_1280,h_960,q_90,c_l,v1/inventory/VEKKVC57HJDOVB7LGYKNIO3LTI.jpg|https://media.getedealer.com/w_1280,h_960,q_90,c_l,v1/inventory/ZIGRVXA25RB7PFUD7MT5FP53I4.jpg|https://media.getedealer.com/w_1280,h_960,q_90,c_l,v1/inventory/DZPKWJ2BDZGQXA5EJALKXHM7UY.jpg|https://media.getedealer.com/w_1280,h_960,q_90,c_l,v1/inventory/7NKL6RAWGBF2BGPBHPK74CHW2Y.jpg|https://media.getedealer.com/w_1280,h_960,q_90,c_l,v1/inventory/VBUPKZONDNGVHD5D7IZFSQBVRY.jpg|https://media.getedealer.com/w_1280,h_960,q_90,c_l,v1/inventory/PFKZKMILKBBPBEVXJYVJ3NXJVA.jpg|https://media.getedealer.com/w_1280,h_960,q_90,c_l,v1/inventory/JVJDOUVIZZDMHK6LENLARLH26E.jpg|https://media.getedealer.com/w_1280,h_960,q_90,c_l,v1/inventory/3JMXYQCH3FAWZNUZSGKLPO6MYE.jpg|https://media.getedealer.com/w_1280,h_960,q_90,c_l,v1/inventory/UW7ZWV7F6RARPB4UQTO3TQN4YE.jpg|https://media.getedealer.com/w_1280,h_960,q_90,c_l,v1/inventory/C3IPVXEAVZERXGTK65PC5MQX2A.jpg|https://media.getedealer.com/w_1280,h_960,q_90,c_l,v1/inventory/YACP3MFLFBGFNJLNWUZ2TSG4MY.jpg|https://media.getedealer.com/w_1280,h_960,q_90,c_l,v1/inventory/MDUIKLLIAFFTDCCCASQQRUAG6M.jpg|https://media.getedealer.com/w_1280,h_960,q_90,c_l,v1/inventory/UACEIBDH5JDEPLQB637GY7UM7I.jpg|https://media.getedealer.com/w_1280,h_960,q_90,c_l,v1/inventory/ZSXUAEBMVBBNZJFUHHMNVUCJQ4.jpg|https://media.getedealer.com/w_1280,h_960,q_90,c_l,v1/inventory/7OTUA5R6A5HYNOEU5YOULGNAEY.jpg|https://media.getedealer.com/w_1280,h_960,q_90,c_l,v1/inventory/6NEQCTHEJVCV7NFIE33E5RPRE4.jpg|https://media.getedealer.com/w_1280,h_960,q_90,c_l,v1/inventory/7W4CBTD6BFG55CUO4SHTPCZD4E.jpg|https://media.getedealer.com/w_1280,h_960,q_90,c_l,v1/inventory/QRQNQF2DABHVLO4SJCGIIRJ3AQ.jpg|https://media.getedealer.com/w_1280,h_960,q_90,c_l,v1/inventory/AIGLV6ZPI5DQHK23GI5GRXHOW4.jpg|https://media.getedealer.com/w_1280,h_960,q_90,c_l,v1/inventory/4Y2WFLREHFBR7FPRZZECPNNRYE.jpg|https://media.getedealer.com/w_1280,h_960,q_90,c_l,v1/inventory/3OFVFFUTRFFHVHJZUMGEGCVNTE.jpg|https://media.getedealer.com/w_1280,h_960,q_90,c_l,v1/inventory/CNMQHN44DRHT7NVSY7ARG5ZTVQ.jpg|https://media.getedealer.com/w_1280,h_960,q_90,c_l,v1/inventory/LVCJPGKDHZEYREDOO3ALSRVFQ4.jpg",10-02-2025 08:14,FALSE
g5JXS7yzTf2T0qDda8dM5A,CHILLIWACK MITSUBISHI,,+1 672-784-5040,45510 Yale Rd,Chilliwack,BC,V2P 2M9,49.151131,-121.963743,JPTLADGJSLy2aZRTEGx2eg,JM3KKCHD6S1196266,VA196266,USED,2025,Mazda,CX-90 MHEV,GS-L,GS-L AWD,48600,30053,SUV,White,,4,,Automatic,AWD,3.3,6,Flex Fuel,,Air Conditioning|Alloy Wheels|Backup Camera|Bluetooth Connection|Brake Assist|Cruise Control|Heated Seats|Keyless Entry|Lane Assist|Parking Sensors|Power Seats|Power Windows|Smart Device Integration|Sunroof / Moonroof,"https://media.getedealer.com/w_1280,h_960,q_90,c_l,v1/inventory/Q5OZCZELLRGE3BNGK3W7NTZIGI.jpg|https://media.getedealer.com/w_1280,h_960,q_90,c_l,v1/inventory/7AGFZF6VPFAD5BTJDKETV6KN3I.jpg|https://media.getedealer.com/w_1280,h_960,q_90,c_l,v1/inventory/JP5L5MZYQZATXHAUBSUMG5CPBA.jpg|https://media.getedealer.com/w_1280,h_960,q_90,c_l,v1/inventory/FKNWOWTMBJGYVIMD32OREV7XAQ.jpg|https://media.getedealer.com/w_1280,h_960,q_90,c_l,v1/inventory/Q7PPLRCJW5CNTET4XUY3K34XQI.jpg|https://media.getedealer.com/w_1280,h_960,q_90,c_l,v1/inventory/BPZPUP357JF35MUO6RARBKEEGU.jpg|https://media.getedealer.com/w_1280,h_960,q_90,c_l,v1/inventory/56IA5QZPIVGIDIADS3RTFC5ZPQ.jpg|https://media.getedealer.com/w_1280,h_960,q_90,c_l,v1/inventory/G6SKXSVS7VEGLETFIJ2L6CY534.jpg|https://media.getedealer.com/w_1280,h_960,q_90,c_l,v1/inventory/SGOWDV4L4FD25LFKW5GEQVTVIA.jpg|https://media.getedealer.com/w_1280,h_960,q_90,c_l,v1/inventory/7Q234E2TY5ES3KSI7SZZB4ERMA.jpg|https://media.getedealer.com/w_1280,h_960,q_90,c_l,v1/inventory/BMAPVVFXENHL7MZFQ6NTNCIV64.jpg|https://media.getedealer.com/w_1280,h_960,q_90,c_l,v1/inventory/S3HL4FBAY5BVTMK4G7O6L6SMJU.jpg|https://media.getedealer.com/w_1280,h_960,q_90,c_l,v1/inventory/JJ6J6TLBWNAIZMTSQMI6RUEFTQ.jpg|https://media.getedealer.com/w_1280,h_960,q_90,c_l,v1/inventory/6BQSKNEABNFKBLJSL7OMR2KW2Q.jpg|https://media.getedealer.com/w_1280,h_960,q_90,c_l,v1/inventory/5FOXPZVXFRD3HDSX7EOXZUK5M4.jpg|https://media.getedealer.com/w_1280,h_960,q_90,c_l,v1/inventory/ZDQKIJY225CKTKDC3UKC6ANGXQ.jpg|https://media.getedealer.com/w_1280,h_960,q_90,c_l,v1/inventory/D377PACFZNDPFBB6RDIRM6AJ6U.jpg|https://media.getedealer.com/w_1280,h_960,q_90,c_l,v1/inventory/Y2NGAQE74NFSHJLZEP7SYF4T5M.jpg|https://media.getedealer.com/w_1280,h_960,q_90,c_l,v1/inventory/IGKPTXQS35GQ3PM73MWYEBEHDA.jpg|https://media.getedealer.com/w_1280,h_960,q_90,c_l,v1/inventory/2NXLNUCZ5RDIPMVMKAI2W336PY.jpg|https://media.getedealer.com/w_1280,h_960,q_90,c_l,v1/inventory/QSK2PZDLRZGQBOXDGTAM66BYSI.jpg|https://media.getedealer.com/w_1280,h_960,q_90,c_l,v1/inventory/AVJFRMUJ3ZAE7GPYEVSXGJBUFQ.jpg|https://media.getedealer.com/w_1280,h_960,q_90,c_l,v1/inventory/NQCVJOKEARGF7L76PXNVAX4JNU.jpg|https://media.getedealer.com/w_1280,h_960,q_90,c_l,v1/inventory/N4HOV6MIEZB6JEJC25SYXNN2JQ.jpg",10-02-2025 08:15,FALSE
g5JXS7yzTf2T0qDda8dM5A,CHILLIWACK MITSUBISHI,,+1 672-784-5040,45510 Yale Rd,Chilliwack,BC,V2P 2M9,49.151131,-121.963743,JYEyhGG9SNWZmTmBwyP7wQ,2C3CCADG9NH262821,NA262821,USED,2022,Chrysler,300,300 Touring L,300 Touring L,29300,82491,Sedan,White,Black,4,,Automatic,RWD,3.6,6,Gasoline,,Air Conditioning|Alloy Wheels|Backup Camera|Bluetooth Connection|Brake Assist|Cruise Control|Heated Seats|Keyless Entry|Lane Assist|Leather Seats|Navigation System|Parking Sensors|Power Seats|Power Windows|Remote Start|Satellite Radio|Smart Device Integration|Wi-Fi Hotspot,"https://media.getedealer.com/w_1280,h_960,q_90,c_l,v1/inventory/KPMOAS7TGVGZFP3GRJ22WZKF2M.jpg|https://media.getedealer.com/w_1280,h_960,q_90,c_l,v1/inventory/RVEYLXMVO5FM7H2KL57NTWHO64.jpg|https://media.getedealer.com/w_1280,h_960,q_90,c_l,v1/inventory/3EWVZBFCTFAUROQFLXVYVC4WDM.jpg|https://media.getedealer.com/w_1280,h_960,q_90,c_l,v1/inventory/6GR6EWJO4RARJAGQH2OEVPKGME.jpg|https://media.getedealer.com/w_1280,h_960,q_90,c_l,v1/inventory/F2HXYN6KEFCU7ESZG5BAG3DJJE.jpg|https://media.getedealer.com/w_1280,h_960,q_90,c_l,v1/inventory/NYEIFNODKFBUNBJFAUN3NXJLEY.jpg|https://media.getedealer.com/w_1280,h_960,q_90,c_l,v1/inventory/IXTQM6LXJNDOBALGWE7PEQMHCY.jpg|https://media.getedealer.com/w_1280,h_960,q_90,c_l,v1/inventory/HIFQAWCVZVF7JHO4HNYL5HKHGI.jpg|https://media.getedealer.com/w_1280,h_960,q_90,c_l,v1/inventory/6JZXTO2OARANRPBCNX7M5V2Y7Y.jpg|https://media.getedealer.com/w_1280,h_960,q_90,c_l,v1/inventory/MU57JYS4BVCT5L4JJTPTAXO33Y.jpg|https://media.getedealer.com/w_1280,h_960,q_90,c_l,v1/inventory/JRT4OBLCVRDKNFWBO6TQWRSEJM.jpg|https://media.getedealer.com/w_1280,h_960,q_90,c_l,v1/inventory/V4M5ZEGP7JFLPAUMR5DAMLH4VI.jpg|https://media.getedealer.com/w_1280,h_960,q_90,c_l,v1/inventory/CGMUZTPCHVG6VFFL3N5GGOMS3Q.jpg|https://media.getedealer.com/w_1280,h_960,q_90,c_l,v1/inventory/RPGKH7KMHBASJBC64G4IMCAFEQ.jpg|https://media.getedealer.com/w_1280,h_960,q_90,c_l,v1/inventory/2I5L3XJRSFCT5LWCHATKFIWGVE.jpg|https://media.getedealer.com/w_1280,h_960,q_90,c_l,v1/inventory/F7BJTOITWFCT5OQ7LSHV7JFYCY.jpg|https://media.getedealer.com/w_1280,h_960,q_90,c_l,v1/inventory/RIOKZM5RRZDUZLEYXKG4TXPK7M.jpg|https://media.getedealer.com/w_1280,h_960,q_90,c_l,v1/inventory/6GZBVISEAZGA5MSUBN5NP7JI6M.jpg|https://media.getedealer.com/w_1280,h_960,q_90,c_l,v1/inventory/JBKL6H7AYVE5DO3ZABKL7FXIXI.jpg|https://media.getedealer.com/w_1280,h_960,q_90,c_l,v1/inventory/ITMRDNZEVBDC7CMM2VHPHVT2JQ.jpg|https://media.getedealer.com/w_1280,h_960,q_90,c_l,v1/inventory/UWW4NUA7KZHVNNTP2FO3JESBCU.jpg|https://media.getedealer.com/w_1280,h_960,q_90,c_l,v1/inventory/5XAY7RYTUNHDRPHWJNW3V22Q3A.jpg|https://media.getedealer.com/w_1280,h_960,q_90,c_l,v1/inventory/DPFLC2XVNNGCPA7T52CHRPA3HU.jpg|https://media.getedealer.com/w_1280,h_960,q_90,c_l,v1/inventory/6VZZYOM4GNEZVJBTCLYPJYBQRM.jpg",10-02-2025 08:13,FALSE
g5JXS7yzTf2T0qDda8dM5A,CHILLIWACK MITSUBISHI,,+1 672-784-5040,45510 Yale Rd,Chilliwack,BC,V2P 2M9,49.151131,-121.963743,JuHpVD36RrmnWVotyyzP0g,JA4ATVAA4TZ604726,MI604726,NEW,2026,Mitsubishi,Eclipse Cross,GT,GT S-AWC,40373,24,SUV,White,,4,,Automatic,4Ã—4,1.5,4,Gasoline,,Air Conditioning|Alloy Wheels|Backup Camera|Bluetooth Connection|Brake Assist|Cruise Control|Heated Seats|Keyless Entry|Lane Assist|Power Windows|Satellite Radio|Smart Device Integration,"https://media.getedealer.com/w_1280,h_960,q_90,c_l,v1/inventory/WRH6B43JH5AI3BYNSZPQWTUW2Y.jpg|https://media.getedealer.com/w_1280,h_960,q_90,c_l,v1/inventory/AITPFLMFPZG3TAJVXFTOCVUBWA.jpg|https://media.getedealer.com/w_1280,h_960,q_90,c_l,v1/inventory/KUHSN37T4FEQHDZA2CMMNJISR4.jpg|https://media.getedealer.com/w_1280,h_960,q_90,c_l,v1/inventory/7EPCC3NZPZGI5ANC5PBLL6HRIQ.jpg|https://media.getedealer.com/w_1280,h_960,q_90,c_l,v1/inventory/3V7VCPXGYZAFHEL2Q4H5TQU7DA.jpg|https://media.getedealer.com/w_1280,h_960,q_90,c_l,v1/inventory/A3V2HOQ5EVGZNI7RFH3YB5WJNU.jpg|https://media.getedealer.com/w_1280,h_960,q_90,c_l,v1/inventory/46PATSVSDZDRPDVFY2NE3XDNNU.jpg|https://media.getedealer.com/w_1280,h_960,q_90,c_l,v1/inventory/4XXFEBB3GZF2NFCJ3SRBD7PBYI.jpg|https://media.getedealer.com/w_1280,h_960,q_90,c_l,v1/inventory/CSJXXDMP4FBTZLK6NRMA5LSLZU.jpg|https://media.getedealer.com/w_1280,h_960,q_90,c_l,v1/inventory/Y7CXQNPBWFCQFKCDAQGHJUP3FA.jpg|https://media.getedealer.com/w_1280,h_960,q_90,c_l,v1/inventory/7RK3MUNK65C7DKOQ44OAOW32XI.jpg|https://media.getedealer.com/w_1280,h_960,q_90,c_l,v1/inventory/KOWQAFJXKVELNGQAGJGGSOBN44.jpg|https://media.getedealer.com/w_1280,h_960,q_90,c_l,v1/inventory/WMHHGFDT4NE4BFLZ7H4AWZFTSA.jpg|https://media.getedealer.com/w_1280,h_960,q_90,c_l,v1/inventory/FLWBZA4R6ZDY7G2USQ663K2I6U.jpg|https://media.getedealer.com/w_1280,h_960,q_90,c_l,v1/inventory/57QSGJ7B7RC6LNICB7RT3Y3IBA.jpg|https://media.getedealer.com/w_1280,h_960,q_90,c_l,v1/inventory/F5UREXSBOFFWLEDYLLWL24LICI.jpg|https://media.getedealer.com/w_1280,h_960,q_90,c_l,v1/inventory/3UAM2MARDFG3FFOJ7UXG6ODVYI.jpg|https://media.getedealer.com/w_1280,h_960,q_90,c_l,v1/inventory/YVFDLEAIBZHWJDT3DILTN76UYQ.jpg|https://media.getedealer.com/w_1280,h_960,q_90,c_l,v1/inventory/SX62KI4IHFH7BMH7GAHBHRVQPY.jpg|https://media.getedealer.com/w_1280,h_960,q_90,c_l,v1/inventory/QUVWBBXKFVEN3HZMEJMX7WIDBQ.jpg|https://media.getedealer.com/w_1280,h_960,q_90,c_l,v1/inventory/VLTQZGF2UBAAHMQFOP75M5JJTI.jpg|https://media.getedealer.com/w_1280,h_960,q_90,c_l,v1/inventory/PIKEFIWMVZFNVJ2TEL3TQXQVCY.jpg|https://media.getedealer.com/w_1280,h_960,q_90,c_l,v1/inventory/47MY6GGYUZBQ5PTSMLRB6L34PQ.jpg|https://media.getedealer.com/w_1280,h_960,q_90,c_l,v1/inventory/PJQPSGGZIBE4LGDNR7L3BTHGCY.jpg|https://media.getedealer.com/w_1280,h_960,q_90,c_l,v1/inventory/QMO6OA7SJVCD5GDWBJ4H4GM7QE.jpg",12/13/2025 7:36:00,FALSE
g5JXS7yzTf2T0qDda8dM5A,CHILLIWACK MITSUBISHI,,+1 672-784-5040,45510 Yale Rd,Chilliwack,BC,V2P 2M9,49.151131,-121.963743,KJ0JJlCmTVqPrGGF6h4LGg,1C4AJWAG4HL649620,VA649620,USED,2017,Jeep,Wrangler,Sport,4WD 2dr Sport,23200,89339,SUV,Black,Black,2,,Manual,4Ã—4,3.6,6,Gasoline,,Brake Assist|Cruise Control,"https://media.getedealer.com/w_1280,h_960,q_90,c_l,v1/inventory/HBZP6PPVFVB3VNAIRSTLWHLFYE.jpg|https://media.getedealer.com/w_1280,h_960,q_90,c_l,v1/inventory/UG74AQOMH5GZFHB7BZLAHIAFU4.jpg|https://media.getedealer.com/w_1280,h_960,q_90,c_l,v1/inventory/QM2ISWFK2BGERFZ2HZZZRVDO7I.jpg|https://media.getedealer.com/w_1280,h_960,q_90,c_l,v1/inventory/FZ52QYINEVDXNICEM3SU67WVBY.jpg|https://media.getedealer.com/w_1280,h_960,q_90,c_l,v1/inventory/L326G7453NBG5NRGGRNCWLEYUQ.jpg|https://media.getedealer.com/w_1280,h_960,q_90,c_l,v1/inventory/N7LYIQLCR5DVFHSDYBGH5E5KQE.jpg|https://media.getedealer.com/w_1280,h_960,q_90,c_l,v1/inventory/SOSHDWIYLBATZGFRQY23BJ2O2I.jpg|https://media.getedealer.com/w_1280,h_960,q_90,c_l,v1/inventory/2BR2FXZQ6JFP7CZEAZUROUGE2Q.jpg|https://media.getedealer.com/w_1280,h_960,q_90,c_l,v1/inventory/6M7P7WGV6FFGVJBIA6PMQJISL4.jpg|https://media.getedealer.com/w_1280,h_960,q_90,c_l,v1/inventory/KNZRHHZIEJDMHOYLIHFYYQTDVY.jpg|https://media.getedealer.com/w_1280,h_960,q_90,c_l,v1/inventory/HRQF24I7A5EYLJO7U35ZCGP56Y.jpg|https://media.getedealer.com/w_1280,h_960,q_90,c_l,v1/inventory/QZSK6SJAUBEXHMO3FCN6TSMGTY.jpg|https://media.getedealer.com/w_1280,h_960,q_90,c_l,v1/inventory/T4NULX2ZK5GYXDLLQZXA2UYW7Y.jpg|https://media.getedealer.com/w_1280,h_960,q_90,c_l,v1/inventory/SWZJSYY5OJEAZPUDYLYTPLNG2E.jpg|https://media.getedealer.com/w_1280,h_960,q_90,c_l,v1/inventory/S37AOWCA7VES3MPUAPKPRLX2AI.jpg|https://media.getedealer.com/w_1280,h_960,q_90,c_l,v1/inventory/KV3ZZCTYBZCIXOFLBBILJJBGDM.jpg|https://media.getedealer.com/w_1280,h_960,q_90,c_l,v1/inventory/QVM2HKJZCVGCZFOKVRPJKR4SEY.jpg|https://media.getedealer.com/w_1280,h_960,q_90,c_l,v1/inventory/PHUWA3YIOBFP3EU2ZLP2PYBGDI.jpg|https://media.getedealer.com/w_1280,h_960,q_90,c_l,v1/inventory/BXMUEQMSC5CE3IIDEJKCFPAV6A.jpg|https://media.getedealer.com/w_1280,h_960,q_90,c_l,v1/inventory/JLU6MFROVRFLZLO3ICJESQH5LA.jpg|https://media.getedealer.com/w_1280,h_960,q_90,c_l,v1/inventory/7HS6B2TRUBCF3HCNLENAABR2Z4.jpg|https://media.getedealer.com/w_1280,h_960,q_90,c_l,v1/inventory/ZTZTUQAU65FKVMHAFPMLZORAWU.jpg|https://media.getedealer.com/w_1280,h_960,q_90,c_l,v1/inventory/B7XSCD2XMJCGZAIUBOS6HKPCGA.jpg|https://media.getedealer.com/w_1280,h_960,q_90,c_l,v1/inventory/MMXNGJSOGRCHXGAOILEBU24WUM.jpg",10-02-2025 08:12,FALSE
g5JXS7yzTf2T0qDda8dM5A,CHILLIWACK MITSUBISHI,,+1 672-784-5040,45510 Yale Rd,Chilliwack,BC,V2P 2M9,49.151131,-121.963743,KUB7ur0XTguRBEWXqHaidA,JA4ATUAA1TZ604371,MI604371,NEW,2026,Mitsubishi,Eclipse Cross,ES,ES S-AWC,31273,24,SUV,Silver,,4,,Automatic,4Ã—4,1.5,4,Gasoline,,Air Conditioning|Alloy Wheels|Backup Camera|Bluetooth Connection|Brake Assist|Cruise Control|Heated Seats|Keyless Entry|Power Windows|Satellite Radio|Smart Device Integration,"https://media.getedealer.com/w_1280,h_960,q_90,c_l,v1/inventory/T3T5KO4MHVGPJMZJ73ISGBWGYI.jpg|https://media.getedealer.com/w_1280,h_960,q_90,c_l,v1/inventory/EAQWBE5ULVDFDECSNYN532676M.jpg|https://media.getedealer.com/w_1280,h_960,q_90,c_l,v1/inventory/Q7F5ETI3IBHSHGXYZKMARUUTIA.jpg|https://media.getedealer.com/w_1280,h_960,q_90,c_l,v1/inventory/6YZQYKLCFNATJKZYVHY67J6XSU.jpg|https://media.getedealer.com/w_1280,h_960,q_90,c_l,v1/inventory/Z7LKRDAJPRB5FBDHS43QZVDM24.jpg|https://media.getedealer.com/w_1280,h_960,q_90,c_l,v1/inventory/JXOOM5DSJJA7ZLE5GBG67WRL3U.jpg|https://media.getedealer.com/w_1280,h_960,q_90,c_l,v1/inventory/FRO2O3A6GRC43E67A2JV4I5IDU.jpg|https://media.getedealer.com/w_1280,h_960,q_90,c_l,v1/inventory/T2XMTVKW3BF5VDGFEUI4IOMIHE.jpg|https://media.getedealer.com/w_1280,h_960,q_90,c_l,v1/inventory/43KLXYEKQNDOJIBDJFOIDQ3SFU.jpg|https://media.getedealer.com/w_1280,h_960,q_90,c_l,v1/inventory/V7ICIJJLURA4JJ5DLOCRKVVE64.jpg|https://media.getedealer.com/w_1280,h_960,q_90,c_l,v1/inventory/RJLXQDOSCRCW5IIJVWRGXFWNK4.jpg|https://media.getedealer.com/w_1280,h_960,q_90,c_l,v1/inventory/TZIXSO5OMFDLDMC7KUTQTOTBVE.jpg|https://media.getedealer.com/w_1280,h_960,q_90,c_l,v1/inventory/QMCQ2DX2MNFSTIKSTA53I5GXAQ.jpg|https://media.getedealer.com/w_1280,h_960,q_90,c_l,v1/inventory/R64YSFBX7RCHXN5B3RESD7YLTI.jpg|https://media.getedealer.com/w_1280,h_960,q_90,c_l,v1/inventory/Z5M4GMJ4EZEZ5HNDBYCPO43K2E.jpg|https://media.getedealer.com/w_1280,h_960,q_90,c_l,v1/inventory/VRY5XNXVY5HWZMRNUP3NTLSQBQ.jpg|https://media.getedealer.com/w_1280,h_960,q_90,c_l,v1/inventory/HGFVY6FG2ZFJJNTKT7H2INJEYQ.jpg|https://media.getedealer.com/w_1280,h_960,q_90,c_l,v1/inventory/ARQMWJEHARC3ROYFZP5YJRC55Q.jpg|https://media.getedealer.com/w_1280,h_960,q_90,c_l,v1/inventory/BDBVXTG3ZVETNB6LZBSJITFI6U.jpg|https://media.getedealer.com/w_1280,h_960,q_90,c_l,v1/inventory/4WWBGOCUVBB5XLS3IULKJDWKGI.jpg|https://media.getedealer.com/w_1280,h_960,q_90,c_l,v1/inventory/UGH4CBO7PJFKJLSNXHPAUXOC4Y.jpg|https://media.getedealer.com/w_1280,h_960,q_90,c_l,v1/inventory/MDNIDFKWOBGWFNLIELMOGBWXTM.jpg|https://media.getedealer.com/w_1280,h_960,q_90,c_l,v1/inventory/VXONEKI5DJB4JPKFKGLC6DADPA.jpg|https://media.getedealer.com/w_1280,h_960,q_90,c_l,v1/inventory/EQK52PDCXBCNPIHTBZ43HDG5PE.jpg|https://media.getedealer.com/w_1280,h_960,q_90,c_l,v1/inventory/QSAPEJ6LTFEADFF3EJA5XHVFBU.jpg",12/17/2025 7:31:57,FALSE
g5JXS7yzTf2T0qDda8dM5A,CHILLIWACK MITSUBISHI,,+1 672-784-5040,45510 Yale Rd,Chilliwack,BC,V2P 2M9,49.151131,-121.963743,LBqsgRd7R9albhGOZZTYjw,JA4T5VA95SZ603740,MI603740,NEW,2025,Mitsubishi,Outlander Plug-In Hybrid,SE,SE S-AWC,47598,30,SUV,Red,,4,,Automatic,4Ã—4,2.4,4,Gasoline / Electric Hybrid,,Air Conditioning|Alloy Wheels|Backup Camera|Bluetooth Connection|Brake Assist|Cruise Control|Heated Seats|Keyless Entry|Lane Assist|Parking Sensors|Power Windows|Satellite Radio|Smart Device Integration|Sunroof / Moonroof,"https://media.getedealer.com/w_1280,h_960,q_90,c_l,v1/inventory/IY4X7SVZLZCCJNWRZDWOHWBKDE.jpg|https://media.getedealer.com/w_1280,h_960,q_90,c_l,v1/inventory/H3XUM7QV2VAHJDNQF4IYX64VPE.jpg|https://media.getedealer.com/w_1280,h_960,q_90,c_l,v1/inventory/XBMGDQABDVHO5BAPMJNWJMJX4Y.jpg|https://media.getedealer.com/w_1280,h_960,q_90,c_l,v1/inventory/5ZTKOEQROVC7BLVHS2IBLOUQAQ.jpg|https://media.getedealer.com/w_1280,h_960,q_90,c_l,v1/inventory/E52D4C2PRNCXFDSBEYG3PDPMBM.jpg|https://media.getedealer.com/w_1280,h_960,q_90,c_l,v1/inventory/M4NLAXKZ2FBNNKNNRBNF3HCLP4.jpg|https://media.getedealer.com/w_1280,h_960,q_90,c_l,v1/inventory/6AUG4UGEXVE4VPSERXUPIBHYAA.jpg|https://media.getedealer.com/w_1280,h_960,q_90,c_l,v1/inventory/CHNZ6ROQGBAHLFF2VNJHMSCJTI.jpg|https://media.getedealer.com/w_1280,h_960,q_90,c_l,v1/inventory/5WLLQDJ6DNDRZGCCHNUWJDIANI.jpg|https://media.getedealer.com/w_1280,h_960,q_90,c_l,v1/inventory/QG65MEMVPNHFLEEJKXBPJZVOCA.jpg|https://media.getedealer.com/w_1280,h_960,q_90,c_l,v1/inventory/GZC5FWGEKVAE7AXPRNQW3ULO3Y.jpg|https://media.getedealer.com/w_1280,h_960,q_90,c_l,v1/inventory/NR277TZALNEUPEBSEYTGT33SYA.jpg|https://media.getedealer.com/w_1280,h_960,q_90,c_l,v1/inventory/BUNL6SUCW5BFDFZ6PUS2PCWOJU.jpg|https://media.getedealer.com/w_1280,h_960,q_90,c_l,v1/inventory/RU7GHPBREFCBLO2DKTQT5Q62FI.jpg|https://media.getedealer.com/w_1280,h_960,q_90,c_l,v1/inventory/IE2ZRGCDWNEIZL7EHQNDUM2JEY.jpg|https://media.getedealer.com/w_1280,h_960,q_90,c_l,v1/inventory/VOQUJEV6MFB2PDLGOIFTWASS24.jpg|https://media.getedealer.com/w_1280,h_960,q_90,c_l,v1/inventory/24EV7H3CWBDQTBMBFKXFV5U3Y4.jpg|https://media.getedealer.com/w_1280,h_960,q_90,c_l,v1/inventory/GRDDWVA27VBUJO72WVQ4LW3JI4.jpg|https://media.getedealer.com/w_1280,h_960,q_90,c_l,v1/inventory/DDSXA5VFXVBBDD23ICIJGFZH3A.jpg|https://media.getedealer.com/w_1280,h_960,q_90,c_l,v1/inventory/MWEQ3VXD7NDZRLXHIC7PJUGSFE.jpg|https://media.getedealer.com/w_1280,h_960,q_90,c_l,v1/inventory/VVBO446FW5EJ3OMWP6AHYLZLWA.jpg|https://media.getedealer.com/w_1280,h_960,q_90,c_l,v1/inventory/C7L4HVSUZJDXPLALX2AHEBVA44.jpg|https://media.getedealer.com/w_1280,h_960,q_90,c_l,v1/inventory/VOS6QP653FB7XDPIAK3FSBQ65U.jpg|https://media.getedealer.com/w_1280,h_960,q_90,c_l,v1/inventory/M4AY522HSFEY5JDH7H66WUXV2Q.jpg",10-02-2025 08:15,FALSE
g5JXS7yzTf2T0qDda8dM5A,CHILLIWACK MITSUBISHI,,+1 672-784-5040,45510 Yale Rd,Chilliwack,BC,V2P 2M9,49.151131,-121.963743,LCLkcMNLTlWqhL8OdNKRGg,JA4T5WA90SZ603165,MI603165,NEW,2025,Mitsubishi,Outlander Plug-In Hybrid,GT,GT S-AWC,54898,11495,SUV,Black,,4,,Automatic,4Ã—4,2.4,4,Gasoline / Electric Hybrid,,Air Conditioning|Alloy Wheels|Backup Camera|Bluetooth Connection|Brake Assist|Cruise Control|Heads Up Display|Heated Seats|Keyless Entry|Lane Assist|Leather Seats|Navigation System|Parking Sensors|Power Seats|Power Windows|Satellite Radio|Smart Device Integration|Sunroof / Moonroof,"https://media.getedealer.com/w_1280,h_960,q_90,c_l,v1/inventory/LI7YOY5F6JCGFI2GO6C4O2IWPU.jpg|https://media.getedealer.com/w_1280,h_960,q_90,c_l,v1/inventory/37V4CN6AVJEQTGLHAFWDPMUGUE.jpg|https://media.getedealer.com/w_1280,h_960,q_90,c_l,v1/inventory/ECI3AKCU7JAKLK6U5UI256J3HQ.jpg|https://media.getedealer.com/w_1280,h_960,q_90,c_l,v1/inventory/ZVKXNBVCKRE5FA3VA3T7ILB2UY.jpg|https://media.getedealer.com/w_1280,h_960,q_90,c_l,v1/inventory/X2GNL72G5FHTRJSEJWGNPVTAGE.jpg|https://media.getedealer.com/w_1280,h_960,q_90,c_l,v1/inventory/Y2CSJDOJHBCERGVQCXRXKJ7RHI.jpg|https://media.getedealer.com/w_1280,h_960,q_90,c_l,v1/inventory/52MMGAADWBFZLMOUT6ZKY5T2AM.jpg|https://media.getedealer.com/w_1280,h_960,q_90,c_l,v1/inventory/A2XNFMUZBNFQRILFUWQ4MAPCT4.jpg|https://media.getedealer.com/w_1280,h_960,q_90,c_l,v1/inventory/6GUAHZ3MK5GIJCZ7RF3456UJUU.jpg|https://media.getedealer.com/w_1280,h_960,q_90,c_l,v1/inventory/Q443MCC5FNE3ZLOS2IRFN75TV4.jpg|https://media.getedealer.com/w_1280,h_960,q_90,c_l,v1/inventory/BP6VAXDTXRFUZLYAHCEE6GKSEI.jpg|https://media.getedealer.com/w_1280,h_960,q_90,c_l,v1/inventory/CGJPDJ6GERGVJFAEDVPQWBGM3Y.jpg|https://media.getedealer.com/w_1280,h_960,q_90,c_l,v1/inventory/K7OUJUENKVDAFC7JJQLU3BQU5Q.jpg|https://media.getedealer.com/w_1280,h_960,q_90,c_l,v1/inventory/6XXEV7P5GZD47ELIBGB7ED6IN4.jpg|https://media.getedealer.com/w_1280,h_960,q_90,c_l,v1/inventory/NAFQV2GXDRHELGZVTLQOKH4V4Y.jpg|https://media.getedealer.com/w_1280,h_960,q_90,c_l,v1/inventory/W3AWJ2FE2BD6NNTAYC2F4D6PS4.jpg|https://media.getedealer.com/w_1280,h_960,q_90,c_l,v1/inventory/KBREDESLDZGYRJB72NDG3PM3U4.jpg|https://media.getedealer.com/w_1280,h_960,q_90,c_l,v1/inventory/FKTLXFCUT5H7BJI3P4CBDIQJIA.jpg|https://media.getedealer.com/w_1280,h_960,q_90,c_l,v1/inventory/EYXOJQURZBB2ZI5EBSGRSV7F5A.jpg|https://media.getedealer.com/w_1280,h_960,q_90,c_l,v1/inventory/CXKX7HYZU5D4POADYPPGXIIQQ4.jpg|https://media.getedealer.com/w_1280,h_960,q_90,c_l,v1/inventory/TYX66HVKW5G6LCJWEXSPLWMZP4.jpg|https://media.getedealer.com/w_1280,h_960,q_90,c_l,v1/inventory/RAFTTTSBJ5C2LD6ZUTXPHW3UEI.jpg|https://media.getedealer.com/w_1280,h_960,q_90,c_l,v1/inventory/2FZV4EHXNJG4ZOIE2APHMOZPCE.jpg|https://media.getedealer.com/w_1280,h_960,q_90,c_l,v1/inventory/LG56PR4ZGBBU5LPOTZJGFH6G6M.jpg|https://media.getedealer.com/w_1280,h_960,q_90,c_l,v1/inventory/VCPD4M7WSZAOXIEFGWEPLXFJTU.jpg",10-02-2025 08:15,FALSE
g5JXS7yzTf2T0qDda8dM5A,CHILLIWACK MITSUBISHI,,+1 672-784-5040,45510 Yale Rd,Chilliwack,BC,V2P 2M9,49.151131,-121.963743,LMdPEP8tSJaJmPcdWWZ2yQ,WMWLU1C51H2C41743,VAC41743,USED,2017,MINI,Cooper Clubman,Other,4dr HB ALL4,15150,172508,Sedan,Maroon,,4,,Manual,AWD,1.5,3,Gasoline,,Air Conditioning|Alloy Wheels|Bluetooth Connection|Brake Assist|Cruise Control|Keyless Entry|Power Windows|Smart Device Integration,"https://media.getedealer.com/w_1280,h_960,q_90,c_l,v1/inventory/H5PKBEHKHNBPTICZPZZNVRTO3Q.jpg|https://media.getedealer.com/w_1280,h_960,q_90,c_l,v1/inventory/2NTOF5TWIJAZHAYNGL3YDXGL2I.jpg|https://media.getedealer.com/w_1280,h_960,q_90,c_l,v1/inventory/XJXZQNCUTRFK5LIES6DJSNNB5Y.jpg|https://media.getedealer.com/w_1280,h_960,q_90,c_l,v1/inventory/KFFOQ5ZPBZGE3LSXKWT4HWBHXU.jpg|https://media.getedealer.com/w_1280,h_960,q_90,c_l,v1/inventory/ZWL5YUPMN5FJVIM2UNNDJLN7R4.jpg|https://media.getedealer.com/w_1280,h_960,q_90,c_l,v1/inventory/H6B5ZWOQSNASZBKGZHG7JS37LM.jpg|https://media.getedealer.com/w_1280,h_960,q_90,c_l,v1/inventory/AHBXWZCURRF57C7A2L2IOWKBJA.jpg|https://media.getedealer.com/w_1280,h_960,q_90,c_l,v1/inventory/UXV7LKW7A5CDDMGJFQQF3X4PD4.jpg|https://media.getedealer.com/w_1280,h_960,q_90,c_l,v1/inventory/CC3A2IQUR5C57E7WBHGJ3FBAOA.jpg|https://media.getedealer.com/w_1280,h_960,q_90,c_l,v1/inventory/5JTE3HDOEFAHLAHHWDTUD4OQXU.jpg|https://media.getedealer.com/w_1280,h_960,q_90,c_l,v1/inventory/4JCM2EFWXJAXJFINZPQFACLCOE.jpg|https://media.getedealer.com/w_1280,h_960,q_90,c_l,v1/inventory/UHU5637AD5HKJOA5I4UCKE5SNE.jpg|https://media.getedealer.com/w_1280,h_960,q_90,c_l,v1/inventory/HMRZB2V5FRDYRJYNWJVDEMQFNY.jpg|https://media.getedealer.com/w_1280,h_960,q_90,c_l,v1/inventory/LJRJKDICPNCWXNXIYZYRWRNRTQ.jpg|https://media.getedealer.com/w_1280,h_960,q_90,c_l,v1/inventory/AHNJ4ZQ3RRHVLCFMQLAZUKFGUU.jpg|https://media.getedealer.com/w_1280,h_960,q_90,c_l,v1/inventory/FVFE5HP335GIHDT2VRLGWHFQAY.jpg|https://media.getedealer.com/w_1280,h_960,q_90,c_l,v1/inventory/OB5UMV2BOJGRRL67PAOGKOFOPY.jpg|https://media.getedealer.com/w_1280,h_960,q_90,c_l,v1/inventory/GVISALBWLNFFZIUVNJ3OSZNKJM.jpg|https://media.getedealer.com/w_1280,h_960,q_90,c_l,v1/inventory/4SNOCED2SNBFHOA7WQIKBSKVEY.jpg|https://media.getedealer.com/w_1280,h_960,q_90,c_l,v1/inventory/DCL4JCIAUVC5TARKAEMEWRO4DU.jpg|https://media.getedealer.com/w_1280,h_960,q_90,c_l,v1/inventory/YAAN5JF52JHH3CIZF5OYBCEJNE.jpg|https://media.getedealer.com/w_1280,h_960,q_90,c_l,v1/inventory/PXVPKRGNBZDP3MWAXMDBN3URL4.jpg|https://media.getedealer.com/w_1280,h_960,q_90,c_l,v1/inventory/GOKVJTNHO5DEBDIX6NKB23OO7E.jpg|https://media.getedealer.com/w_1280,h_960,q_90,c_l,v1/inventory/4GTIHRAI4NF2LOVJ4XWGAABODQ.jpg",01-08-2026 07:30,FALSE
g5JXS7yzTf2T0qDda8dM5A,CHILLIWACK MITSUBISHI,,+1 672-784-5040,45510 Yale Rd,Chilliwack,BC,V2P 2M9,49.151131,-121.963743,LeU3AhTnS3eQVgnHumXx6w,3C4PDCCG6KT862111,NA862111,USED,2019,Dodge,Journey,SXT,SXT,23700,79947,SUV,White,Black,4,,Automatic,FWD,3.6,6,Gasoline,,Air Conditioning|Alloy Wheels|Backup Camera|Brake Assist|Cruise Control|Keyless Entry|Power Windows,"https://media.getedealer.com/w_1280,h_960,q_90,c_l,v1/inventory/SBLEXKATEVA5JDHLW4FQJXCZ7Q.jpg|https://media.getedealer.com/w_1280,h_960,q_90,c_l,v1/inventory/EXQD3PSR5RD4LJWM2KRG4DCVD4.jpg|https://media.getedealer.com/w_1280,h_960,q_90,c_l,v1/inventory/6R3WSJGFXFCO7D64GN27VB2JAA.jpg|https://media.getedealer.com/w_1280,h_960,q_90,c_l,v1/inventory/NFGNGOGNMJDLNFXHIEFTRAHLYQ.jpg|https://media.getedealer.com/w_1280,h_960,q_90,c_l,v1/inventory/TDBDGQBFPJC6XHAVME7RSNJWCA.jpg|https://media.getedealer.com/w_1280,h_960,q_90,c_l,v1/inventory/K7Z4PE6JGREUDJFPSNPAENOWFA.jpg|https://media.getedealer.com/w_1280,h_960,q_90,c_l,v1/inventory/ZQA2YV5FJZGKRIIEYYGZ4XNWQ4.jpg|https://media.getedealer.com/w_1280,h_960,q_90,c_l,v1/inventory/LY6KSCMJFJG6ZHHXSJEPIAC4UY.jpg|https://media.getedealer.com/w_1280,h_960,q_90,c_l,v1/inventory/OBEQQDX2F5DIPESWOK623UM7UM.jpg|https://media.getedealer.com/w_1280,h_960,q_90,c_l,v1/inventory/3CVLMSO335G5BBZXYPCZFHGRSA.jpg|https://media.getedealer.com/w_1280,h_960,q_90,c_l,v1/inventory/IHJXSPJ2HBDHPCSKNTEL2357FM.jpg|https://media.getedealer.com/w_1280,h_960,q_90,c_l,v1/inventory/PCUDC3SXNBG4DBIZN6OBUD5ZJY.jpg",10-02-2025 08:13,FALSE
g5JXS7yzTf2T0qDda8dM5A,CHILLIWACK MITSUBISHI,,+1 672-784-5040,45510 Yale Rd,Chilliwack,BC,V2P 2M9,49.151131,-121.963743,LnV7OOiuSEqsoUY2jPrdng,1D7HL32X03S313098,UU313098,USED,2003,Dodge,Dakota,Sport,Club Cab 6.5 Ft Box Sport,2950,344311,Truck,Silver,,2,,,RWD,3.9,6,Gasoline,,Air Conditioning|Alloy Wheels,"https://media.getedealer.com/w_1280,h_960,q_90,c_l,v1/inventory/2X5UZGRX3ZHGHNVRVA43LCQT6Y.jpg|https://media.getedealer.com/w_1280,h_960,q_90,c_l,v1/inventory/UE2CF77USVCLVJF4VMGEGRPL2M.jpg|https://media.getedealer.com/w_1280,h_960,q_90,c_l,v1/inventory/Y5F75XRG5FFWFMV2WK7PEBHI3I.jpg|https://media.getedealer.com/w_1280,h_960,q_90,c_l,v1/inventory/6JYVQRO67NH3DJC5NEYZV5T3NQ.jpg|https://media.getedealer.com/w_1280,h_960,q_90,c_l,v1/inventory/3EY2GGZETFHDHHMUNYZYS7FQ7Y.jpg|https://media.getedealer.com/w_1280,h_960,q_90,c_l,v1/inventory/ONAIBA3IUZFAVGR52AZLAF7LGA.jpg|https://media.getedealer.com/w_1280,h_960,q_90,c_l,v1/inventory/HCJKEAFQANDSVEXRL7WVLOI5MY.jpg|https://media.getedealer.com/w_1280,h_960,q_90,c_l,v1/inventory/MKLKEBQXUJAG7D3DN5EEOB4XDE.jpg|https://media.getedealer.com/w_1280,h_960,q_90,c_l,v1/inventory/S7Y6NFRY7BHP3POE7D6XFCWR4A.jpg|https://media.getedealer.com/w_1280,h_960,q_90,c_l,v1/inventory/Z3UT7N7M6FCDDDJ4TPAFVII2QE.jpg|https://media.getedealer.com/w_1280,h_960,q_90,c_l,v1/inventory/6TW5MLNGIBAD7ACBHVOCXR4IS4.jpg|https://media.getedealer.com/w_1280,h_960,q_90,c_l,v1/inventory/TDZI7AR54ZDF5CIJEFTWXBR5EA.jpg|https://media.getedealer.com/w_1280,h_960,q_90,c_l,v1/inventory/OFPTR63KKVCW7FH3ABNSD3FLSQ.jpg|https://media.getedealer.com/w_1280,h_960,q_90,c_l,v1/inventory/JZAHIYWJANEPLAD76DD2KLA74I.jpg|https://media.getedealer.com/w_1280,h_960,q_90,c_l,v1/inventory/FIBBHCVGMFEZZCKN3GRDCDP34I.jpg|https://media.getedealer.com/w_1280,h_960,q_90,c_l,v1/inventory/LHNQEEA5B5ABHN4B3BL7ZPB75A.jpg|https://media.getedealer.com/w_1280,h_960,q_90,c_l,v1/inventory/XDJQFK2NL5BOZHOPVZXNAC2OJI.jpg|https://media.getedealer.com/w_1280,h_960,q_90,c_l,v1/inventory/PI4HWCWT6ZBB7FNXSPNU42XSJA.jpg|https://media.getedealer.com/w_1280,h_960,q_90,c_l,v1/inventory/KWZLD6MNQNGDROX37AM7XSAF6A.jpg|https://media.getedealer.com/w_1280,h_960,q_90,c_l,v1/inventory/4LY3WBG3UJHSLFPGVWTOZKX4II.jpg|https://media.getedealer.com/w_1280,h_960,q_90,c_l,v1/inventory/TBRLZNEZAZFG5NSWFTZLENYT2I.jpg|https://media.getedealer.com/w_1280,h_960,q_90,c_l,v1/inventory/3KHSR5Y2VRAOHHS4YZOY5FWLME.jpg|https://media.getedealer.com/w_1280,h_960,q_90,c_l,v1/inventory/ST7U4RPWHRAZHPOAZDHSKKSXFQ.jpg|https://media.getedealer.com/w_1280,h_960,q_90,c_l,v1/inventory/HL5ZRTBOUJHCPPIAGSDN63HSUI.jpg",10-02-2025 08:12,FALSE
g5JXS7yzTf2T0qDda8dM5A,CHILLIWACK MITSUBISHI,,+1 672-784-5040,45510 Yale Rd,Chilliwack,BC,V2P 2M9,49.151131,-121.963743,MGIl0mzwRjGuUdWMQja7gA,5UXXW7C30H0U26759,VAU26759,USED,2017,BMW,X4,M40i,AWD 4dr M40i,32600,96805,SUV,,,4,,Automatic,AWD,3,6,Gasoline,,Air Conditioning|Alloy Wheels|Backup Camera|Bluetooth Connection|Brake Assist|Cruise Control|Heated Seats|Keyless Entry|Leather Seats|Parking Sensors|Power Seats|Power Windows|Sunroof / Moonroof,,10-02-2025 08:14,FALSE
g5JXS7yzTf2T0qDda8dM5A,CHILLIWACK MITSUBISHI,,+1 672-784-5040,45510 Yale Rd,Chilliwack,BC,V2P 2M9,49.151131,-121.963743,MOAhb9M8S7iQmEnsreyFdw,JA4ATUAA9RZ617118,VA617118,USED,2024,Mitsubishi,Eclipse Cross,ES,ES S-AWC,29900,16840,SUV,Black,,4,,Automatic,4Ã—4,1.5,4,Gasoline,,Air Conditioning|Alloy Wheels|Backup Camera|Bluetooth Connection|Brake Assist|Cruise Control|Heated Seats|Keyless Entry|Power Windows|Satellite Radio|Smart Device Integration,"https://media.getedealer.com/w_1280,h_960,q_90,c_l,v1/inventory/MGX54YUBLBEZTBC4BRDMM2G7VQ.jpg|https://media.getedealer.com/w_1280,h_960,q_90,c_l,v1/inventory/VWFG76SCTBGQJKMMJEQ4FMT6EI.jpg|https://media.getedealer.com/w_1280,h_960,q_90,c_l,v1/inventory/ZHWJSJMBTBC3ROUMCLNWPRUWMU.jpg|https://media.getedealer.com/w_1280,h_960,q_90,c_l,v1/inventory/IDXMMQY4INERBIW2DWRDN7NF24.jpg|https://media.getedealer.com/w_1280,h_960,q_90,c_l,v1/inventory/KP5QAGIBZBA4RBTWOJJ67RHLWM.jpg|https://media.getedealer.com/w_1280,h_960,q_90,c_l,v1/inventory/2D3ZGFSKOVAFVND3HUNJXN2JKI.jpg|https://media.getedealer.com/w_1280,h_960,q_90,c_l,v1/inventory/NJ5DXP3TW5ALBOS2IE6ZG3PS5M.jpg|https://media.getedealer.com/w_1280,h_960,q_90,c_l,v1/inventory/2K5KC25M6FBVJN6BBAZXQ7BG4Q.jpg|https://media.getedealer.com/w_1280,h_960,q_90,c_l,v1/inventory/4NLMAKV6Y5GMBLZEILLIO4GLMQ.jpg|https://media.getedealer.com/w_1280,h_960,q_90,c_l,v1/inventory/HUCVN7LPZRARREIW7JZJTRCJKI.jpg|https://media.getedealer.com/w_1280,h_960,q_90,c_l,v1/inventory/GPGQL2TLHRDGZBI7TSM7ES7ZLM.jpg|https://media.getedealer.com/w_1280,h_960,q_90,c_l,v1/inventory/J6HJXO5BR5GKRMD5TU37YV2JEM.jpg|https://media.getedealer.com/w_1280,h_960,q_90,c_l,v1/inventory/MUAW3PYXVFB3HPSEUZ4EF2BYII.jpg|https://media.getedealer.com/w_1280,h_960,q_90,c_l,v1/inventory/S5IYUFK77ZGODBY737LO7BYDOY.jpg|https://media.getedealer.com/w_1280,h_960,q_90,c_l,v1/inventory/62BPXFKCAZDC3GRPP3TJNMLOBQ.jpg|https://media.getedealer.com/w_1280,h_960,q_90,c_l,v1/inventory/6756VQL3CVERDODH26TD64L7XM.jpg|https://media.getedealer.com/w_1280,h_960,q_90,c_l,v1/inventory/MG25G55OYBBALMHY5IPSA32364.jpg|https://media.getedealer.com/w_1280,h_960,q_90,c_l,v1/inventory/OOGMCZMVOFEBJJJOZAY2OIMGFU.jpg|https://media.getedealer.com/w_1280,h_960,q_90,c_l,v1/inventory/LOPJ3A7HHZCUVNAYXLNTLGBRFE.jpg|https://media.getedealer.com/w_1280,h_960,q_90,c_l,v1/inventory/6VED66ZK4VGF3E2LXMA7K4PU3Y.jpg|https://media.getedealer.com/w_1280,h_960,q_90,c_l,v1/inventory/XFOMHV2O4ZGOBKIMJDRDDRGICY.jpg|https://media.getedealer.com/w_1280,h_960,q_90,c_l,v1/inventory/H3B5CSG2GBGSJEZKMNYH2VL5AU.jpg|https://media.getedealer.com/w_1280,h_960,q_90,c_l,v1/inventory/6IIVTPDK2NBA5AP4YUZGURONYA.jpg|https://media.getedealer.com/w_1280,h_960,q_90,c_l,v1/inventory/533ZTPXLJJE47KNZ6IV5VS5P6I.jpg",10-02-2025 08:14,FALSE
g5JXS7yzTf2T0qDda8dM5A,CHILLIWACK MITSUBISHI,,+1 672-784-5040,45510 Yale Rd,Chilliwack,BC,V2P 2M9,49.151131,-121.963743,MuiOrgazRZ2h33jfvdxBrw,JA4J4VA80SZ625257,UU625257,USED,2025,Mitsubishi,Outlander,SEL,SEL S-AWC,43798,312,SUV,White,,4,,Automatic,4Ã—4,2.5,4,Gasoline,,Air Conditioning|Alloy Wheels|Backup Camera|Bluetooth Connection|Brake Assist|Cruise Control|Heated Seats|Keyless Entry|Lane Assist|Parking Sensors|Power Windows|Satellite Radio|Smart Device Integration|Sunroof / Moonroof,"https://media.getedealer.com/w_1280,h_960,q_90,c_l,v1/inventory/U276RCWDDBCXTCM34U6KGBTX2M.jpg|https://media.getedealer.com/w_1280,h_960,q_90,c_l,v1/inventory/FXO6DA356NCBTLDKVED4LUOIEQ.jpg|https://media.getedealer.com/w_1280,h_960,q_90,c_l,v1/inventory/C3SBENP3FRE3HJJMQQOLWM34NA.jpg|https://media.getedealer.com/w_1280,h_960,q_90,c_l,v1/inventory/XN5PR63RYZA2DKCR33UDZUD3SA.jpg|https://media.getedealer.com/w_1280,h_960,q_90,c_l,v1/inventory/2G42ZHNMYNETJP4UILYG6BG35U.jpg|https://media.getedealer.com/w_1280,h_960,q_90,c_l,v1/inventory/EO3XCMJ4EBC7NBARF46SJB7YMU.jpg|https://media.getedealer.com/w_1280,h_960,q_90,c_l,v1/inventory/GMHHRVAG4RGYTLKBY6XNNRJOCI.jpg|https://media.getedealer.com/w_1280,h_960,q_90,c_l,v1/inventory/FZR7GOIBUZDEJCACZZD2ZNRMKQ.jpg|https://media.getedealer.com/w_1280,h_960,q_90,c_l,v1/inventory/VKSIKK54MBEE3JA6MOAEIBAULU.jpg|https://media.getedealer.com/w_1280,h_960,q_90,c_l,v1/inventory/522ZKWJ7VVEPZD2UFCKGMUOSQM.jpg|https://media.getedealer.com/w_1280,h_960,q_90,c_l,v1/inventory/6ZTJBEOVXJDCPCU25CXKZEOJ7A.jpg|https://media.getedealer.com/w_1280,h_960,q_90,c_l,v1/inventory/EUQX7HQADJFCXN4VHDXLXOHQ2Q.jpg|https://media.getedealer.com/w_1280,h_960,q_90,c_l,v1/inventory/MVMMCVFEFBFN5J4LPL5RPFWUOI.jpg|https://media.getedealer.com/w_1280,h_960,q_90,c_l,v1/inventory/SSB4LCI5BJDARNZG4C4WY76UTY.jpg|https://media.getedealer.com/w_1280,h_960,q_90,c_l,v1/inventory/Y6KWI5LWS5CZLH4AHXUQ4V2IVM.jpg|https://media.getedealer.com/w_1280,h_960,q_90,c_l,v1/inventory/KJYDCSIGFFHTRJAP7J6F534GAY.jpg|https://media.getedealer.com/w_1280,h_960,q_90,c_l,v1/inventory/RJ5DI7STAZGF5O7LUML3KP6HQM.jpg|https://media.getedealer.com/w_1280,h_960,q_90,c_l,v1/inventory/VOGJPVA33NDTRLDKMKKBRCDIG4.jpg|https://media.getedealer.com/w_1280,h_960,q_90,c_l,v1/inventory/G46SUGYQCZCMRAVT3KBJNF5R54.jpg|https://media.getedealer.com/w_1280,h_960,q_90,c_l,v1/inventory/Y464K5U24ZCWBEEE5MPGGCNKKY.jpg|https://media.getedealer.com/w_1280,h_960,q_90,c_l,v1/inventory/WG2CSPDJJNF23BZPNUO5DGKKKY.jpg|https://media.getedealer.com/w_1280,h_960,q_90,c_l,v1/inventory/FOTGI5HFYBF47IMTY4XV3G6JMY.jpg|https://media.getedealer.com/w_1280,h_960,q_90,c_l,v1/inventory/KF6YX6DK5BG4BMGRVWORMFI7AI.jpg",10-02-2025 08:14,FALSE
g5JXS7yzTf2T0qDda8dM5A,CHILLIWACK MITSUBISHI,,+1 672-784-5040,45510 Yale Rd,Chilliwack,BC,V2P 2M9,49.151131,-121.963743,N7vvOWp9Qmyx4futCCWNKQ,JA4J4VA8XSZ614623,MI614623,NEW,2025,Mitsubishi,Outlander,SEL,SEL S-AWC,44598,4798,SUV,Gray,,4,,Automatic,4Ã—4,2.5,4,Gasoline,,Air Conditioning|Alloy Wheels|Backup Camera|Bluetooth Connection|Brake Assist|Cruise Control|Heated Seats|Keyless Entry|Lane Assist|Parking Sensors|Power Windows|Satellite Radio|Smart Device Integration|Sunroof / Moonroof,"https://media.getedealer.com/w_1280,h_960,q_90,c_l,v1/inventory/4ZZAXSKP35HJZAYAA6FB3QPDF4.jpg|https://media.getedealer.com/w_1280,h_960,q_90,c_l,v1/inventory/LN5TAARPCJHZNBMWRPPDM3CSDQ.jpg|https://media.getedealer.com/w_1280,h_960,q_90,c_l,v1/inventory/R6YHYSBU35HCREKWITBKTAH6RM.jpg|https://media.getedealer.com/w_1280,h_960,q_90,c_l,v1/inventory/REJQQD6KYRBSPIAPFOKD4SA5VQ.jpg|https://media.getedealer.com/w_1280,h_960,q_90,c_l,v1/inventory/4RT6ZGP73NC45ONUEH7QNDTYNY.jpg|https://media.getedealer.com/w_1280,h_960,q_90,c_l,v1/inventory/XIOZTKVJMNFGJF4ERVBMT6NZ3Y.jpg|https://media.getedealer.com/w_1280,h_960,q_90,c_l,v1/inventory/R2PRC3Z7EREKRCTPHIGAY23J2U.jpg|https://media.getedealer.com/w_1280,h_960,q_90,c_l,v1/inventory/2AVWZZ67VNEFBJDEELPX4JXBUM.jpg|https://media.getedealer.com/w_1280,h_960,q_90,c_l,v1/inventory/BGOV3SAKQVGJFEV3UUGJLGITMA.jpg|https://media.getedealer.com/w_1280,h_960,q_90,c_l,v1/inventory/X7YVSQ6K3VF67J63H2WWCJJXB4.jpg|https://media.getedealer.com/w_1280,h_960,q_90,c_l,v1/inventory/FPYNXFLSDFAZHIDRL2ZGAUXCQU.jpg|https://media.getedealer.com/w_1280,h_960,q_90,c_l,v1/inventory/QOHCAXJREFEEVIE5V4TNRAOYVU.jpg|https://media.getedealer.com/w_1280,h_960,q_90,c_l,v1/inventory/OPM6ZKTGUVE6TMPHAPQTWRLNDM.jpg|https://media.getedealer.com/w_1280,h_960,q_90,c_l,v1/inventory/5QLIVO3XYNCMLO4DKL53ZLM27Y.jpg|https://media.getedealer.com/w_1280,h_960,q_90,c_l,v1/inventory/YV72PWE67FF7HLLANK6SJXGUKI.jpg|https://media.getedealer.com/w_1280,h_960,q_90,c_l,v1/inventory/ZXZIYZSG2VCORGDJ2UGQGAJKJQ.jpg|https://media.getedealer.com/w_1280,h_960,q_90,c_l,v1/inventory/VCXN75UATFBL3IN4NFZRW2BOVM.jpg|https://media.getedealer.com/w_1280,h_960,q_90,c_l,v1/inventory/7UD3E67ECRD3NPCVTKG24EM5HA.jpg|https://media.getedealer.com/w_1280,h_960,q_90,c_l,v1/inventory/IWPDCUNXTVHUZPPIDD2EA3TXXY.jpg|https://media.getedealer.com/w_1280,h_960,q_90,c_l,v1/inventory/MKEWGLUEBNC4HBVMH6KKXNAYHY.jpg|https://media.getedealer.com/w_1280,h_960,q_90,c_l,v1/inventory/BLIVCOIWUNCRPDBIFGQVW3A4YQ.jpg|https://media.getedealer.com/w_1280,h_960,q_90,c_l,v1/inventory/7DN2MPVP4JGHPFE6EE4KW66PHQ.jpg|https://media.getedealer.com/w_1280,h_960,q_90,c_l,v1/inventory/PEBWS4A2AFE4RKMIIZ4KAG3Y3M.jpg|https://media.getedealer.com/w_1280,h_960,q_90,c_l,v1/inventory/WD5GQBAYONCI5KLQLOX5YU3VNE.jpg",10-02-2025 08:15,FALSE
g5JXS7yzTf2T0qDda8dM5A,CHILLIWACK MITSUBISHI,,+1 672-784-5040,45510 Yale Rd,Chilliwack,BC,V2P 2M9,49.151131,-121.963743,NFmF2tw6SFe0tm5JwlZPAg,5XYPGDA32KG591701,VA591701,USED,2019,Kia,Sorento,LX,LX AWD,23100,74413,SUV,Black,,4,,Automatic,AWD,2.4,4,Gasoline,,Air Conditioning|Alloy Wheels|Backup Camera|Bluetooth Connection|Brake Assist|Cruise Control|Heated Seats|Keyless Entry|Power Windows|Smart Device Integration,"https://media.getedealer.com/w_1280,h_960,q_90,c_l,v1/inventory/YEWC3EMIUNH2TMFDVIREXTYRSA.jpg|https://media.getedealer.com/w_1280,h_960,q_90,c_l,v1/inventory/WULYKI3SQZDVRHOQFHANUJJFL4.jpg|https://media.getedealer.com/w_1280,h_960,q_90,c_l,v1/inventory/7NDU3G3UW5BCVMM2RPCLE364QU.jpg|https://media.getedealer.com/w_1280,h_960,q_90,c_l,v1/inventory/YNTNV6UDSBBC5AWMSGXZDKJL64.jpg|https://media.getedealer.com/w_1280,h_960,q_90,c_l,v1/inventory/YFYGFLDY5RE3JD5D45EKNN4ZJU.jpg|https://media.getedealer.com/w_1280,h_960,q_90,c_l,v1/inventory/W5VHXRORYFF5BFJKPGVFCNK26U.jpg|https://media.getedealer.com/w_1280,h_960,q_90,c_l,v1/inventory/2Z3CYMPTXFGAPKOAIMI27IATG4.jpg|https://media.getedealer.com/w_1280,h_960,q_90,c_l,v1/inventory/CEKCGVLWQNEQDP2YWSULSUP3FI.jpg|https://media.getedealer.com/w_1280,h_960,q_90,c_l,v1/inventory/CI7L6GIMXZHNVOLK56F4SOCZ3I.jpg|https://media.getedealer.com/w_1280,h_960,q_90,c_l,v1/inventory/F5TQ5DPCW5EI5IGFYMMKCNJH3A.jpg|https://media.getedealer.com/w_1280,h_960,q_90,c_l,v1/inventory/XSSW3LK7QZAXFNL7DT5IJPLOCQ.jpg|https://media.getedealer.com/w_1280,h_960,q_90,c_l,v1/inventory/TBPYLOZUE5ABHOQLCORWVM62YA.jpg|https://media.getedealer.com/w_1280,h_960,q_90,c_l,v1/inventory/BHPQXXRKVNG5ZG2ENEEXAUHG6Y.jpg|https://media.getedealer.com/w_1280,h_960,q_90,c_l,v1/inventory/KO4Z47TKY5G5DE45Q7WXNJBJ6Y.jpg|https://media.getedealer.com/w_1280,h_960,q_90,c_l,v1/inventory/OW47DKC7C5HD7NCJR4KKQWHIM4.jpg|https://media.getedealer.com/w_1280,h_960,q_90,c_l,v1/inventory/ZHMFFUOO5NCMNGZM3XXEGFSIDQ.jpg|https://media.getedealer.com/w_1280,h_960,q_90,c_l,v1/inventory/ZDBJNJSQMJBAVKUMMWMLR32INQ.jpg|https://media.getedealer.com/w_1280,h_960,q_90,c_l,v1/inventory/426RUDOPPJAEXNYHEVDRCHRZTE.jpg|https://media.getedealer.com/w_1280,h_960,q_90,c_l,v1/inventory/NFSXN4XL4JGFTPEFXEMBTMLQ5Y.jpg|https://media.getedealer.com/w_1280,h_960,q_90,c_l,v1/inventory/6C2VXQOJRJH5TI45YRNHCKASAM.jpg|https://media.getedealer.com/w_1280,h_960,q_90,c_l,v1/inventory/PIBKUVJMBFE3VCB3XNWFS5J654.jpg|https://media.getedealer.com/w_1280,h_960,q_90,c_l,v1/inventory/UNGWTO2HWFFZDGDEKPKMIVVPQQ.jpg|https://media.getedealer.com/w_1280,h_960,q_90,c_l,v1/inventory/3VYSDEUDP5GARHRDT6C645ZSKY.jpg|https://media.getedealer.com/w_1280,h_960,q_90,c_l,v1/inventory/QKVQJMZH7ZCMDPYHH4M7IZOE4Q.jpg",10-02-2025 08:14,FALSE
g5JXS7yzTf2T0qDda8dM5A,CHILLIWACK MITSUBISHI,,+1 672-784-5040,45510 Yale Rd,Chilliwack,BC,V2P 2M9,49.151131,-121.963743,NFwowURHRqeuhw9kuslL3w,JA4AJUAU0PU600833,AA600833,USED,2023,Mitsubishi,RVR,ES,ES AWC,26250,82999,SUV,Black,Black,4,,Automatic,4Ã—4,2,4,Gasoline,,Air Conditioning|Backup Camera|Bluetooth Connection|Brake Assist|Cruise Control|Heated Seats|Keyless Entry|Power Windows|Satellite Radio|Smart Device Integration,"https://media.getedealer.com/w_1280,h_960,q_90,c_l,v1/inventory/XTXGQ6DWCVBPZEVYQDNM7NIFRU.jpg|https://media.getedealer.com/w_1280,h_960,q_90,c_l,v1/inventory/BMAWX6BGIZAYBGYW3SV7V5WOZQ.jpg|https://media.getedealer.com/w_1280,h_960,q_90,c_l,v1/inventory/GLJIIIGINJBQZLSJFODJZV5ND4.jpg|https://media.getedealer.com/w_1280,h_960,q_90,c_l,v1/inventory/NILI6UWZBNBILJUNW6JYIET5NE.jpg|https://media.getedealer.com/w_1280,h_960,q_90,c_l,v1/inventory/4BB6QPLYE5AILH2LNQTMTT27VU.jpg|https://media.getedealer.com/w_1280,h_960,q_90,c_l,v1/inventory/5LBBF2OHZFC53EBNJ65WFQEM74.jpg|https://media.getedealer.com/w_1280,h_960,q_90,c_l,v1/inventory/BGGY73YWK5FZ5EX2BPWCWRLCUU.jpg|https://media.getedealer.com/w_1280,h_960,q_90,c_l,v1/inventory/7UYVSS3G3BEHJEV7MKGJTCUBOI.jpg|https://media.getedealer.com/w_1280,h_960,q_90,c_l,v1/inventory/3ZGB2LL45VDGTARJPKCUF23WPU.jpg|https://media.getedealer.com/w_1280,h_960,q_90,c_l,v1/inventory/DDIYUKRIVZB5FIPCJC2MBMYCBM.jpg|https://media.getedealer.com/w_1280,h_960,q_90,c_l,v1/inventory/TFFPAFFYS5GJJPWJ3WGS7C3NPI.jpg|https://media.getedealer.com/w_1280,h_960,q_90,c_l,v1/inventory/X52B5667PNBLTBZK7RQFTBTD6Y.jpg|https://media.getedealer.com/w_1280,h_960,q_90,c_l,v1/inventory/XXFBSRJOTBECXOARWFWWZVFALE.jpg|https://media.getedealer.com/w_1280,h_960,q_90,c_l,v1/inventory/HEQ7IASEMBCY7O7EFUWQXBG7JQ.jpg|https://media.getedealer.com/w_1280,h_960,q_90,c_l,v1/inventory/NEQSV7JBYVGOFNCHEO2YZI5MJM.jpg|https://media.getedealer.com/w_1280,h_960,q_90,c_l,v1/inventory/R4UIJDKWFNE6LG4FEI25E7ADNM.jpg|https://media.getedealer.com/w_1280,h_960,q_90,c_l,v1/inventory/LAPYN5NVUZCRBMUCBSK5XNZN4Q.jpg|https://media.getedealer.com/w_1280,h_960,q_90,c_l,v1/inventory/Z4OMULD2P5CSZDCJIP7KVJS6R4.jpg|https://media.getedealer.com/w_1280,h_960,q_90,c_l,v1/inventory/KU4RAPLI4FETDGBBXDDXDAMGNI.jpg|https://media.getedealer.com/w_1280,h_960,q_90,c_l,v1/inventory/TNI55ROWZFFB7DYR4XNSG3D6ZU.jpg|https://media.getedealer.com/w_1280,h_960,q_90,c_l,v1/inventory/73JMOHQE5FBUJJI2WGESVBPTGU.jpg|https://media.getedealer.com/w_1280,h_960,q_90,c_l,v1/inventory/P3XLXWSXXFCGRKHD373SOH6V54.jpg|https://media.getedealer.com/w_1280,h_960,q_90,c_l,v1/inventory/BOSWGFLSPZHCBHYTQISHWSKU3E.jpg|https://media.getedealer.com/w_1280,h_960,q_90,c_l,v1/inventory/VTNYWXO26RDTFEHKNFQQIUCFVY.jpg|https://media.getedealer.com/w_1280,h_960,q_90,c_l,v1/inventory/EFJGNXKDI5FMDFOVFJRATKJDCE.jpg",10/25/2025 7:13:29,FALSE
g5JXS7yzTf2T0qDda8dM5A,CHILLIWACK MITSUBISHI,,+1 672-784-5040,45510 Yale Rd,Chilliwack,BC,V2P 2M9,49.151131,-121.963743,NI9Neh5tQX2iI4Yknqfnag,JA4ATVAA3RZ603608,VA603608,USED,2024,Mitsubishi,Eclipse Cross,SE,SE S-AWC,33750,20747,SUV,Silver,Black,4,,Automatic,4Ã—4,1.5,4,Gasoline,,Air Conditioning|Alloy Wheels|Backup Camera|Bluetooth Connection|Brake Assist|Cruise Control|Heated Seats|Keyless Entry|Lane Assist|Power Windows|Satellite Radio|Smart Device Integration,"https://media.getedealer.com/w_1280,h_960,q_90,c_l,v1/inventory/J5BDL5XYXFCALJCLIZYM4MHNIM.jpg|https://media.getedealer.com/w_1280,h_960,q_90,c_l,v1/inventory/YF4ZXEWXJNFZXHTQNW5F6OTMNA.jpg|https://media.getedealer.com/w_1280,h_960,q_90,c_l,v1/inventory/YSTOPQ7QXNEUBKMREVZH7FUGZA.jpg|https://media.getedealer.com/w_1280,h_960,q_90,c_l,v1/inventory/GMVF2EH5LZCH3DZXXZTJWD3NJM.jpg|https://media.getedealer.com/w_1280,h_960,q_90,c_l,v1/inventory/KN5YBHRJA5BGRIEJ6KM5XAO5WQ.jpg|https://media.getedealer.com/w_1280,h_960,q_90,c_l,v1/inventory/UWBZZ35LQRHZXNDFDLYROJCMVA.jpg|https://media.getedealer.com/w_1280,h_960,q_90,c_l,v1/inventory/Q7DQT7SUKJFJHO77LH2WI5L2BE.jpg|https://media.getedealer.com/w_1280,h_960,q_90,c_l,v1/inventory/NFUNAVVZZNEKJHRWXKJQKWF5RI.jpg|https://media.getedealer.com/w_1280,h_960,q_90,c_l,v1/inventory/TXHNZSUB4FGUHCARWMASHEFQVI.jpg|https://media.getedealer.com/w_1280,h_960,q_90,c_l,v1/inventory/RFXYKPX4AFGGXHUMCJZ5PEYVUY.jpg|https://media.getedealer.com/w_1280,h_960,q_90,c_l,v1/inventory/OMTC4YJ6NJGCPIAIKKOYQHORFA.jpg|https://media.getedealer.com/w_1280,h_960,q_90,c_l,v1/inventory/QOF7LHM6CZGPHCTDECBSCE3OJA.jpg|https://media.getedealer.com/w_1280,h_960,q_90,c_l,v1/inventory/ZCH7OMHXXJH2HEKCZ5W653K6CM.jpg|https://media.getedealer.com/w_1280,h_960,q_90,c_l,v1/inventory/H3WNYO3ZFJFSFMMY2H67FU24OA.jpg|https://media.getedealer.com/w_1280,h_960,q_90,c_l,v1/inventory/QCBPYAHBZFAJPEDHU4O74AKWGU.jpg|https://media.getedealer.com/w_1280,h_960,q_90,c_l,v1/inventory/YDJF6NBOABGXVL7JRL27S5ERSM.jpg|https://media.getedealer.com/w_1280,h_960,q_90,c_l,v1/inventory/EKRH3JMDWJHRJHKHPSKH4HDXFE.jpg|https://media.getedealer.com/w_1280,h_960,q_90,c_l,v1/inventory/SZWAGKWWMJBWLEPAX2MWC5F3PI.jpg|https://media.getedealer.com/w_1280,h_960,q_90,c_l,v1/inventory/GRXTOYD7T5G3JAQCYXF5BBZJU4.jpg|https://media.getedealer.com/w_1280,h_960,q_90,c_l,v1/inventory/NMABLQL2CRBAPHC74CFUR4EX3I.jpg|https://media.getedealer.com/w_1280,h_960,q_90,c_l,v1/inventory/QLY7RHHXHFDITFTVGNOFUSVQXA.jpg",10-02-2025 08:14,FALSE
g5JXS7yzTf2T0qDda8dM5A,CHILLIWACK MITSUBISHI,,+1 672-784-5040,45510 Yale Rd,Chilliwack,BC,V2P 2M9,49.151131,-121.963743,NzYc1XQKTiOnM71dNRtCTg,1C4RJYC6XP8798912,VA798912,USED,2023,Jeep,Grand Cherokee 4xe,Trailhawk,Trailhawk 4x4,59950,10030,SUV,White,Black,4,,Automatic,4Ã—4,2,4,Gasoline / Electric Hybrid,,Air Conditioning|Alloy Wheels|Backup Camera|Bluetooth Connection|Brake Assist|Cooled Seats|Cruise Control|Heated Seats|Keyless Entry|Lane Assist|Navigation System|Parking Sensors|Power Seats|Power Windows|Remote Start|Satellite Radio|Smart Device Integration|Wi-Fi Hotspot,"https://media.getedealer.com/w_1280,h_960,q_90,c_l,v1/inventory/JRXQ2HUN4RDZLBD73DKXAGSZRA.jpg|https://media.getedealer.com/w_1280,h_960,q_90,c_l,v1/inventory/P7R7LAWS6BA6VH33YY25EPXY6Q.jpg|https://media.getedealer.com/w_1280,h_960,q_90,c_l,v1/inventory/FXRRZDDZGVEHRCJUHMDAYCX64Q.jpg|https://media.getedealer.com/w_1280,h_960,q_90,c_l,v1/inventory/IMODMO4DMBD3TIPO2REZUGAHEQ.jpg|https://media.getedealer.com/w_1280,h_960,q_90,c_l,v1/inventory/2V3SDKNEVJDARDEKWBXQILCXZE.jpg|https://media.getedealer.com/w_1280,h_960,q_90,c_l,v1/inventory/3SH24NEXJZCU5OTE7YIISMOW64.jpg|https://media.getedealer.com/w_1280,h_960,q_90,c_l,v1/inventory/UZ33JGZV7VFEXPXL76CIISJRJU.jpg|https://media.getedealer.com/w_1280,h_960,q_90,c_l,v1/inventory/WEJPOMGWD5AZ7NGXPII64DSREY.jpg|https://media.getedealer.com/w_1280,h_960,q_90,c_l,v1/inventory/FDJIYMYDCZDV3LOL4JEV3IAUMU.jpg|https://media.getedealer.com/w_1280,h_960,q_90,c_l,v1/inventory/3HRZ32XFH5FO5BBB4HBX4AZGFU.jpg|https://media.getedealer.com/w_1280,h_960,q_90,c_l,v1/inventory/W2T36MD7M5DJ3GVFRBB6OKXZAQ.jpg|https://media.getedealer.com/w_1280,h_960,q_90,c_l,v1/inventory/JNC3D2754BEC7MQ5MLU2JCGVYQ.jpg|https://media.getedealer.com/w_1280,h_960,q_90,c_l,v1/inventory/VFEED7UGN5HNRND36QVFMI3URI.jpg|https://media.getedealer.com/w_1280,h_960,q_90,c_l,v1/inventory/25BWIJMP3RHEPG677IJYIRLGHA.jpg|https://media.getedealer.com/w_1280,h_960,q_90,c_l,v1/inventory/EV4JO2OKT5DZNDEM3WHZIUBVAI.jpg|https://media.getedealer.com/w_1280,h_960,q_90,c_l,v1/inventory/IUHXOYRCFVDMZCCQQRVG2YQGDQ.jpg|https://media.getedealer.com/w_1280,h_960,q_90,c_l,v1/inventory/T4TH7GHL3RDQFOUKB3KLZRLY7U.jpg|https://media.getedealer.com/w_1280,h_960,q_90,c_l,v1/inventory/PY74YQIXB5EO3HVMJFH5YKHO2A.jpg|https://media.getedealer.com/w_1280,h_960,q_90,c_l,v1/inventory/ND3AG4Z2D5B2XFJGUZC5MEJ3UU.jpg|https://media.getedealer.com/w_1280,h_960,q_90,c_l,v1/inventory/BCJWGOEXVBCHRE7QHT7WI2SW4I.jpg|https://media.getedealer.com/w_1280,h_960,q_90,c_l,v1/inventory/P7CBAPSVI5HFPN5APFWASGNZHA.jpg|https://media.getedealer.com/w_1280,h_960,q_90,c_l,v1/inventory/LRFUOY2GVZCNTKHWX6A5M3D4QI.jpg|https://media.getedealer.com/w_1280,h_960,q_90,c_l,v1/inventory/PWIZJDKSUBAJ7NETNKO5JGMOFM.jpg|https://media.getedealer.com/w_1280,h_960,q_90,c_l,v1/inventory/UPE56E2SBVAS3P3E2GQDPJS3IY.jpg|https://media.getedealer.com/w_1280,h_960,q_90,c_l,v1/inventory/QTTY5FGIU5FUJK7VNEZVNGQJEI.jpg",10-02-2025 08:12,FALSE
g5JXS7yzTf2T0qDda8dM5A,CHILLIWACK MITSUBISHI,,+1 672-784-5040,45510 Yale Rd,Chilliwack,BC,V2P 2M9,49.151131,-121.963743,OG0tVrkqRnGZXjwwiJ6Qrw,1C4RJFBG7NC146158,UU146158,USED,2022,Jeep,Grand Cherokee WK,Limited,Limited 4x4,37450,103565,SUV,White,Black,4,,Automatic,4Ã—4,3.6,6,Gasoline,,Air Conditioning|Alloy Wheels|Backup Camera|Bluetooth Connection|Brake Assist|Cruise Control|Heated Seats|Keyless Entry|Lane Assist|Leather Seats|Navigation System|Parking Sensors|Power Seats|Power Windows|Remote Start|Satellite Radio|Smart Device Integration|Wi-Fi Hotspot,"https://media.getedealer.com/w_1280,h_960,q_90,c_l,v1/inventory/LW4SRNWIXFCGNMBPONGNI2F4KE.jpg|https://media.getedealer.com/w_1280,h_960,q_90,c_l,v1/inventory/WQI6LRCKVRG4TA6HAIIUPFNNFY.jpg|https://media.getedealer.com/w_1280,h_960,q_90,c_l,v1/inventory/C6VLARE7XJEEPEIX4X5J4C7PR4.jpg|https://media.getedealer.com/w_1280,h_960,q_90,c_l,v1/inventory/76HWHIC5GRG2RFDAEQO23BXGOQ.jpg|https://media.getedealer.com/w_1280,h_960,q_90,c_l,v1/inventory/RFUJ524RUNE3POSH3IYMGM47DI.jpg|https://media.getedealer.com/w_1280,h_960,q_90,c_l,v1/inventory/UWCMGWKTKRB4PEDCZ5TS5LBA2I.jpg|https://media.getedealer.com/w_1280,h_960,q_90,c_l,v1/inventory/O6VSXPXVLVBJHP7IISOM6KV4XE.jpg|https://media.getedealer.com/w_1280,h_960,q_90,c_l,v1/inventory/H35XURME3ZAXJJKGYVNXU5IDLY.jpg|https://media.getedealer.com/w_1280,h_960,q_90,c_l,v1/inventory/7FHJ5DQJ4BESLKIXSBRCR66XVU.jpg|https://media.getedealer.com/w_1280,h_960,q_90,c_l,v1/inventory/CT6JMHWLJVDFLPCWQMGPG6HMCU.jpg|https://media.getedealer.com/w_1280,h_960,q_90,c_l,v1/inventory/KCAMYUWFNJCLVG6TLLKOMRVYUY.jpg|https://media.getedealer.com/w_1280,h_960,q_90,c_l,v1/inventory/V3E7NYOSSFHM3J7C2FWSSIXSWY.jpg|https://media.getedealer.com/w_1280,h_960,q_90,c_l,v1/inventory/W65V3XYKCVDADJ6SP47OQGLANQ.jpg|https://media.getedealer.com/w_1280,h_960,q_90,c_l,v1/inventory/VOC6VNFMYVEVXKX4VQAU4H37GI.jpg|https://media.getedealer.com/w_1280,h_960,q_90,c_l,v1/inventory/KBHRUREKANEGXBLFRI63OPNC2Q.jpg|https://media.getedealer.com/w_1280,h_960,q_90,c_l,v1/inventory/63UK2HQ7GNFCLIJ5ED5W52BVIY.jpg|https://media.getedealer.com/w_1280,h_960,q_90,c_l,v1/inventory/J6VP5JCPFFDI7ICXS36IPASMCM.jpg|https://media.getedealer.com/w_1280,h_960,q_90,c_l,v1/inventory/4PEP4PRIZJESJED2FL4IJT6LNM.jpg|https://media.getedealer.com/w_1280,h_960,q_90,c_l,v1/inventory/CM2Q47AM75G2ZEDWBWFTOMT3VQ.jpg|https://media.getedealer.com/w_1280,h_960,q_90,c_l,v1/inventory/YNJQWVACFRGXJFSULLWPXMLHTQ.jpg|https://media.getedealer.com/w_1280,h_960,q_90,c_l,v1/inventory/6TAM5F3Q6FCQTAE3L5GONC2HDI.jpg|https://media.getedealer.com/w_1280,h_960,q_90,c_l,v1/inventory/DFAXVHVN5BFMZKHQUOHH3ZUKAM.jpg|https://media.getedealer.com/w_1280,h_960,q_90,c_l,v1/inventory/MHWJUF6JE5CUBGX5SZFVF3T3PU.jpg|https://media.getedealer.com/w_1280,h_960,q_90,c_l,v1/inventory/HELUCFFULNHD5PGPKLHGIL6SX4.jpg",10-02-2025 08:12,FALSE
g5JXS7yzTf2T0qDda8dM5A,CHILLIWACK MITSUBISHI,,+1 672-784-5040,45510 Yale Rd,Chilliwack,BC,V2P 2M9,49.151131,-121.963743,OO2Sv1QUS12XzHumXMlDLQ,JA4T5VA97SZ605828,MI605828,NEW,2025,Mitsubishi,Outlander Plug-In Hybrid,SE,SE S-AWC,47598,30,SUV,Silver,,4,,Automatic,4Ã—4,2.4,4,Gasoline / Electric Hybrid,,Air Conditioning|Alloy Wheels|Backup Camera|Bluetooth Connection|Brake Assist|Cruise Control|Heated Seats|Keyless Entry|Lane Assist|Parking Sensors|Power Windows|Satellite Radio|Smart Device Integration|Sunroof / Moonroof,"https://media.getedealer.com/w_1280,h_960,q_90,c_l,v1/inventory/S55BQG7NQRCIPPWWKGMRLZXRSU.jpg|https://media.getedealer.com/w_1280,h_960,q_90,c_l,v1/inventory/4FBX4UIV3NAFFEQUGQ44YZACCA.jpg|https://media.getedealer.com/w_1280,h_960,q_90,c_l,v1/inventory/U3FUWOESIZE4TM7YPCK5IH6T6U.jpg|https://media.getedealer.com/w_1280,h_960,q_90,c_l,v1/inventory/7AK44TTB7VDUTPQZQHPPFTNJCE.jpg|https://media.getedealer.com/w_1280,h_960,q_90,c_l,v1/inventory/KDN7TPW4JBCPLFLZANLDMBCB7U.jpg|https://media.getedealer.com/w_1280,h_960,q_90,c_l,v1/inventory/SXKVJFNWT5BJ5IZDEUCQ7JLVDQ.jpg|https://media.getedealer.com/w_1280,h_960,q_90,c_l,v1/inventory/4EE5AAJ2ZVGWLHKX7WAJYQRC24.jpg|https://media.getedealer.com/w_1280,h_960,q_90,c_l,v1/inventory/GSU4PK7XHNDL5NZIGWJQGVZJ6M.jpg|https://media.getedealer.com/w_1280,h_960,q_90,c_l,v1/inventory/AKXI4HKDIJATLMLTAT5L6YYPWI.jpg|https://media.getedealer.com/w_1280,h_960,q_90,c_l,v1/inventory/BXD4DV3T25BOLBA5S2CYMDNOGQ.jpg|https://media.getedealer.com/w_1280,h_960,q_90,c_l,v1/inventory/RBM2LM5NL5BDLNYPQJ3C4IM5WM.jpg|https://media.getedealer.com/w_1280,h_960,q_90,c_l,v1/inventory/YJJL24UPEBB3FMCBZOF6G7LLNM.jpg|https://media.getedealer.com/w_1280,h_960,q_90,c_l,v1/inventory/FFQWAMEOXFCY3KKONOOG3X32XQ.jpg|https://media.getedealer.com/w_1280,h_960,q_90,c_l,v1/inventory/WCPLHO7HTJHJRDEZTE6KSQYVBE.jpg|https://media.getedealer.com/w_1280,h_960,q_90,c_l,v1/inventory/3ELVL46MYZB6NNVMVWZCLKIYF4.jpg|https://media.getedealer.com/w_1280,h_960,q_90,c_l,v1/inventory/2W3JAXNZJNFEFCICHH3YSXIBEA.jpg|https://media.getedealer.com/w_1280,h_960,q_90,c_l,v1/inventory/Q6YPX6ZPJ5FJBPZ7CN5HEQOCYQ.jpg|https://media.getedealer.com/w_1280,h_960,q_90,c_l,v1/inventory/UXMJZWPANFG6BFKMNW7PG2AYYY.jpg|https://media.getedealer.com/w_1280,h_960,q_90,c_l,v1/inventory/D7JKXKI5K5HADAA5UOB7OYEUOA.jpg|https://media.getedealer.com/w_1280,h_960,q_90,c_l,v1/inventory/XDYJ6T2GXZDS7IRRPIFQXBOMDQ.jpg|https://media.getedealer.com/w_1280,h_960,q_90,c_l,v1/inventory/O63IPINKJZCWBKT5CECD5WQZ7E.jpg|https://media.getedealer.com/w_1280,h_960,q_90,c_l,v1/inventory/4SMG7PPXNZCT7FRJKTBM6YWMAM.jpg|https://media.getedealer.com/w_1280,h_960,q_90,c_l,v1/inventory/QEZE7EFK35CMRMSKBUV4TNKF64.jpg|https://media.getedealer.com/w_1280,h_960,q_90,c_l,v1/inventory/OATVCY6I4FFFTDGDGTWBVLJPRY.jpg",10-02-2025 08:15,FALSE
g5JXS7yzTf2T0qDda8dM5A,CHILLIWACK MITSUBISHI,,+1 672-784-5040,45510 Yale Rd,Chilliwack,BC,V2P 2M9,49.151131,-121.963743,OSzaZiIpSfqKpmWtoc9TQw,JA4AT4AA4LZ604932,UU604932,USED,2020,Mitsubishi,Eclipse Cross,SE,SE S-AWC,20450,144236,SUV,Blue,,4,,Automatic,4Ã—4,1.5,4,Gasoline,,Air Conditioning|Alloy Wheels|Backup Camera|Bluetooth Connection|Brake Assist|Cruise Control|Heated Seats|Keyless Entry|Lane Assist|Power Windows|Satellite Radio|Smart Device Integration,"https://media.getedealer.com/w_1280,h_960,q_90,c_l,v1/inventory/WEVWEOSTXJDOXD5Y54FXO7CBCE.jpg|https://media.getedealer.com/w_1280,h_960,q_90,c_l,v1/inventory/YC2EN45O6FBZJKLHBUB3IBN7GU.jpg|https://media.getedealer.com/w_1280,h_960,q_90,c_l,v1/inventory/DI4ILSIWUJC5TCRY6IZ4VTTOMI.jpg|https://media.getedealer.com/w_1280,h_960,q_90,c_l,v1/inventory/I2U4CBZ6H5D6FOMETOOCYIETNU.jpg|https://media.getedealer.com/w_1280,h_960,q_90,c_l,v1/inventory/J3WDWF7N5NA7ZN6BFXZ6TWNPPI.jpg|https://media.getedealer.com/w_1280,h_960,q_90,c_l,v1/inventory/R6QAGDZO6FGWVDHHIHM65DPXGY.jpg|https://media.getedealer.com/w_1280,h_960,q_90,c_l,v1/inventory/RV56U6FMAVBWNOG6HTINZ25ZDA.jpg|https://media.getedealer.com/w_1280,h_960,q_90,c_l,v1/inventory/NSORCSVPTVB7ZM7W2647HQSDOY.jpg|https://media.getedealer.com/w_1280,h_960,q_90,c_l,v1/inventory/C25XUV6MP5BSVLUNGK4CRHPKQ4.jpg|https://media.getedealer.com/w_1280,h_960,q_90,c_l,v1/inventory/F4CL4K6EDBAWBATJKD5XHBHT6Q.jpg|https://media.getedealer.com/w_1280,h_960,q_90,c_l,v1/inventory/LQN7FVJFIJAD7EFWZL7QI7DMWQ.jpg|https://media.getedealer.com/w_1280,h_960,q_90,c_l,v1/inventory/GJRULPV2A5GVDPF6FVBMGEBNDE.jpg|https://media.getedealer.com/w_1280,h_960,q_90,c_l,v1/inventory/DYRHAODYRVEW7DNVGJIYCDGICM.jpg|https://media.getedealer.com/w_1280,h_960,q_90,c_l,v1/inventory/ZAORATZACZASHCYTIKJTV4IGYA.jpg|https://media.getedealer.com/w_1280,h_960,q_90,c_l,v1/inventory/7CZKNIJNZNAXDNBNTOPSYVV47Y.jpg|https://media.getedealer.com/w_1280,h_960,q_90,c_l,v1/inventory/T7KMUYQ2UNFPBK62ILLWQXKEUU.jpg|https://media.getedealer.com/w_1280,h_960,q_90,c_l,v1/inventory/I3BZNUS7Z5HGZK6IRNFU6D4MRQ.jpg|https://media.getedealer.com/w_1280,h_960,q_90,c_l,v1/inventory/VC5BVWFDVBH4FPN67W2QX6ENHE.jpg|https://media.getedealer.com/w_1280,h_960,q_90,c_l,v1/inventory/FX3TCSD4PVDMLPOYRS46OBPZFM.jpg|https://media.getedealer.com/w_1280,h_960,q_90,c_l,v1/inventory/YZZSIPPW7JGPBH2XLGMG2N6Q24.jpg|https://media.getedealer.com/w_1280,h_960,q_90,c_l,v1/inventory/PKW74CUZ7RE7FEJQ63JLTOGICI.jpg|https://media.getedealer.com/w_1280,h_960,q_90,c_l,v1/inventory/2EVAICZE2VGNLCSAV6TSC5VL6M.jpg|https://media.getedealer.com/w_1280,h_960,q_90,c_l,v1/inventory/WO6I42CNA5G5NAX5MH2JFP3R4A.jpg|https://media.getedealer.com/w_1280,h_960,q_90,c_l,v1/inventory/2DAJTJY765FN5OKYKSNYVVQED4.jpg|https://media.getedealer.com/w_1280,h_960,q_90,c_l,v1/inventory/PBINOSB24VFOTPYZ7V5I2MKUHI.jpg",12-11-2025 07:35,FALSE
g5JXS7yzTf2T0qDda8dM5A,CHILLIWACK MITSUBISHI,,+1 672-784-5040,45510 Yale Rd,Chilliwack,BC,V2P 2M9,49.151131,-121.963743,OiVccsquQPammai1zdArTw,2C4RDGEG4KR664191,AA664191,USED,2019,Dodge,Grand Caravan,GT,GT,25150,128907,Van,Red,Black,4,,Automatic,FWD,3.6,6,Flex Fuel,,Air Conditioning|Alloy Wheels|Backup Camera|Bluetooth Connection|Brake Assist|Cruise Control|Heated Seats|Keyless Entry|Leather Seats|Power Seats|Power Windows|Remote Start,"https://media.getedealer.com/w_1280,h_960,q_90,c_l,v1/inventory/UVUGV2S5CFGBLB7Q5VLIDDDP7Y.jpg|https://media.getedealer.com/w_1280,h_960,q_90,c_l,v1/inventory/2XUZWD4T3JGTBNAF6GK4HWPLJM.jpg|https://media.getedealer.com/w_1280,h_960,q_90,c_l,v1/inventory/WUL5NAM7FZDCPHENMQULK5PQVQ.jpg|https://media.getedealer.com/w_1280,h_960,q_90,c_l,v1/inventory/BBCTJOCC3VBKNLUFYEXXBJSHLA.jpg|https://media.getedealer.com/w_1280,h_960,q_90,c_l,v1/inventory/5ELUZXXFHVEPZD35JTJKXLXYO4.jpg|https://media.getedealer.com/w_1280,h_960,q_90,c_l,v1/inventory/LCEJ5HCX75EHLGTCF4NHKPCCVA.jpg|https://media.getedealer.com/w_1280,h_960,q_90,c_l,v1/inventory/MMHHKM66TJCMLEA57UIFHPSYUM.jpg|https://media.getedealer.com/w_1280,h_960,q_90,c_l,v1/inventory/B55EIGCM4BD7LKTT4QIWAKU7OI.jpg|https://media.getedealer.com/w_1280,h_960,q_90,c_l,v1/inventory/7SD5WA7Z2RBE5OZLWXWBDPHTZI.jpg|https://media.getedealer.com/w_1280,h_960,q_90,c_l,v1/inventory/7EXIND74YFFALHSWF5IMVXTEI4.jpg|https://media.getedealer.com/w_1280,h_960,q_90,c_l,v1/inventory/YN3AVJFBQNF2PNQCLWBH5723EM.jpg|https://media.getedealer.com/w_1280,h_960,q_90,c_l,v1/inventory/MEXURBOTIVBNJAVGQHIETJERRQ.jpg|https://media.getedealer.com/w_1280,h_960,q_90,c_l,v1/inventory/B2QXKQZRERAYFBHSZMLZGWWPGQ.jpg|https://media.getedealer.com/w_1280,h_960,q_90,c_l,v1/inventory/BY3YC2R67VFMNKQD2MDW74NP5U.jpg|https://media.getedealer.com/w_1280,h_960,q_90,c_l,v1/inventory/VOWQA24Y2NHUFIS45V6AWFSRFA.jpg|https://media.getedealer.com/w_1280,h_960,q_90,c_l,v1/inventory/SY6IUIFVVVDCJIAKYTL2L3ZEK4.jpg|https://media.getedealer.com/w_1280,h_960,q_90,c_l,v1/inventory/TB35Q7H3JNC4PAQYM7KULLQWII.jpg|https://media.getedealer.com/w_1280,h_960,q_90,c_l,v1/inventory/CFMNXS5ID5H3XI7LSNY5N656QM.jpg|https://media.getedealer.com/w_1280,h_960,q_90,c_l,v1/inventory/TQSJCAGJXNGMLA2KEZ66QPXDWE.jpg|https://media.getedealer.com/w_1280,h_960,q_90,c_l,v1/inventory/4OSZAAL36FHCTLMYBQURM3ZHME.jpg|https://media.getedealer.com/w_1280,h_960,q_90,c_l,v1/inventory/OUCDRVJY5FGFXJ3XNMWYYNWPLM.jpg|https://media.getedealer.com/w_1280,h_960,q_90,c_l,v1/inventory/UHVBD76LKNFHZIBB2IUWONETVQ.jpg|https://media.getedealer.com/w_1280,h_960,q_90,c_l,v1/inventory/6WLBWQXK3BBO3DQWO4GWZIB2FI.jpg|https://media.getedealer.com/w_1280,h_960,q_90,c_l,v1/inventory/3YTNTZXNMBDY3OIP2V7VM67WF4.jpg|https://media.getedealer.com/w_1280,h_960,q_90,c_l,v1/inventory/VTT45IYJLRDLRCSE6KM4NR3HDE.jpg",10-02-2025 08:13,FALSE
g5JXS7yzTf2T0qDda8dM5A,CHILLIWACK MITSUBISHI,,+1 672-784-5040,45510 Yale Rd,Chilliwack,BC,V2P 2M9,49.151131,-121.963743,OleAGpYKQJyrA5EzVzxmlA,WVGJV7AX9FW535811,UU535811,USED,2015,Volkswagen,Tiguan,Comfortline,4MOTION 4dr Auto Comfortline,14250,184580,SUV,Gray,,4,,Automatic,AWD,2,4,Gasoline,,Air Conditioning|Alloy Wheels|Bluetooth Connection|Brake Assist|Cruise Control|Keyless Entry|Power Windows,"https://media.getedealer.com/w_1280,h_960,q_90,c_l,v1/inventory/JCFLB2SPXJFQ5KXXSFANTSDVN4.jpg|https://media.getedealer.com/w_1280,h_960,q_90,c_l,v1/inventory/ZIX6BEQQXFEORBSOIH24YAKPWM.jpg|https://media.getedealer.com/w_1280,h_960,q_90,c_l,v1/inventory/HYXII7ZWS5EW3ICL2ZEL7CQB2M.jpg|https://media.getedealer.com/w_1280,h_960,q_90,c_l,v1/inventory/PDTEMOFAC5GMVLZ3IIY3S3CTTE.jpg|https://media.getedealer.com/w_1280,h_960,q_90,c_l,v1/inventory/P4IT72UPYVDJJLB5J6BW5S7USA.jpg|https://media.getedealer.com/w_1280,h_960,q_90,c_l,v1/inventory/O6XZGTYFJNCQXFK4XR7DYK7QMY.jpg|https://media.getedealer.com/w_1280,h_960,q_90,c_l,v1/inventory/2CNZIKSUXVHHXFUREL7ZESZ72Y.jpg|https://media.getedealer.com/w_1280,h_960,q_90,c_l,v1/inventory/SR7AQHH2HZAWBHVL2EZFCQ2YUU.jpg|https://media.getedealer.com/w_1280,h_960,q_90,c_l,v1/inventory/SUBXTMVAUFHLDKVIZROZZ7WIW4.jpg|https://media.getedealer.com/w_1280,h_960,q_90,c_l,v1/inventory/FUWBTVFGH5HKBMKSCI46P2XAOU.jpg|https://media.getedealer.com/w_1280,h_960,q_90,c_l,v1/inventory/J43ZYFV2J5BUFA2LVO24SSCCVM.jpg|https://media.getedealer.com/w_1280,h_960,q_90,c_l,v1/inventory/XSCLRU76KJHN3FMJAC6SA4C3MI.jpg|https://media.getedealer.com/w_1280,h_960,q_90,c_l,v1/inventory/QWRSFJWGOBCABINIUZ43ULAPSE.jpg|https://media.getedealer.com/w_1280,h_960,q_90,c_l,v1/inventory/MESSPMLJS5EPJEYU7C5MH3FCGY.jpg|https://media.getedealer.com/w_1280,h_960,q_90,c_l,v1/inventory/EA4DQHQPRFEPVOJ5YPJCO4ZFOI.jpg|https://media.getedealer.com/w_1280,h_960,q_90,c_l,v1/inventory/NJIZRJMV5ZAB5F6X2MH7NG67KM.jpg|https://media.getedealer.com/w_1280,h_960,q_90,c_l,v1/inventory/F6IIRYEZCVBLZJPJGE5HUA7UCE.jpg|https://media.getedealer.com/w_1280,h_960,q_90,c_l,v1/inventory/HTCTKIDAERFK7CG3FNPKPOD2SI.jpg|https://media.getedealer.com/w_1280,h_960,q_90,c_l,v1/inventory/Q2UHPKFEKBCRBPECF3XONXCMUE.jpg|https://media.getedealer.com/w_1280,h_960,q_90,c_l,v1/inventory/ODN66B4IQZEZXGZ2JXHSH4CNCY.jpg|https://media.getedealer.com/w_1280,h_960,q_90,c_l,v1/inventory/GGTKHNPAMFBGTCSWI5HLDS6RLM.jpg|https://media.getedealer.com/w_1280,h_960,q_90,c_l,v1/inventory/MQEF4QUTWBBTFG5DNJPDQNRSYI.jpg|https://media.getedealer.com/w_1280,h_960,q_90,c_l,v1/inventory/HSJJNDLCPBBTNAC4ULJJOGVPFU.jpg|https://media.getedealer.com/w_1280,h_960,q_90,c_l,v1/inventory/AIOOLZG77VFTLHQCLROTJW47KQ.jpg",10-02-2025 08:16,FALSE
g5JXS7yzTf2T0qDda8dM5A,CHILLIWACK MITSUBISHI,,+1 672-784-5040,45510 Yale Rd,Chilliwack,BC,V2P 2M9,49.151131,-121.963743,OylRQ9dSTn6R6nbbD3NGEA,WDDGF81X59F345886,NA345886,USED,2009,Mercedes-Benz,C-Class,3.0L,C300 4MATIC,7950,168253,Sedan,,,4,,Automatic,AWD,3,6,Gasoline,,Air Conditioning|Alloy Wheels|Bluetooth Connection|Brake Assist|Cruise Control|Heated Seats|Keyless Entry|Power Seats|Power Windows|Sunroof / Moonroof,"https://media.getedealer.com/w_1280,h_960,q_90,c_l,v1/inventory/S5U6LCTXBVAHHKR7KHQPNBPRGQ.jpg|https://media.getedealer.com/w_1280,h_960,q_90,c_l,v1/inventory/25C7TN4M4FFWVNTVW3O6GMOSB4.jpg|https://media.getedealer.com/w_1280,h_960,q_90,c_l,v1/inventory/WRH5BFDITNCJRCN73W4GKBCDQU.jpg|https://media.getedealer.com/w_1280,h_960,q_90,c_l,v1/inventory/5GPDE4IGNVFETNQX6R7FE3WZWA.jpg|https://media.getedealer.com/w_1280,h_960,q_90,c_l,v1/inventory/J3SRN4TNCBF65MTBBZ2HQU57CA.jpg|https://media.getedealer.com/w_1280,h_960,q_90,c_l,v1/inventory/SAPYVSBK3BFDFBMEGSRLUORIMI.jpg|https://media.getedealer.com/w_1280,h_960,q_90,c_l,v1/inventory/M76XYTNIYNHWBNFDDHYRVNGOLQ.jpg|https://media.getedealer.com/w_1280,h_960,q_90,c_l,v1/inventory/23Y4HLFY2BDSLCMG2YXUFGNPFY.jpg|https://media.getedealer.com/w_1280,h_960,q_90,c_l,v1/inventory/MFN5WIB6KJF4FIZZMYUL5VT2NM.jpg|https://media.getedealer.com/w_1280,h_960,q_90,c_l,v1/inventory/DVLW6PS3YBA57CTVJ36IGAP6OU.jpg|https://media.getedealer.com/w_1280,h_960,q_90,c_l,v1/inventory/MA2NVLLF65G4BIWR7FCCSHALB4.jpg|https://media.getedealer.com/w_1280,h_960,q_90,c_l,v1/inventory/MI4U5GQFKNAPHCHBKUGVHBUG7A.jpg|https://media.getedealer.com/w_1280,h_960,q_90,c_l,v1/inventory/XIIES2RSGZCONPKVWM4ZVQANMI.jpg|https://media.getedealer.com/w_1280,h_960,q_90,c_l,v1/inventory/FUWGWNBG45H4VBJEVLKNK6OMNA.jpg|https://media.getedealer.com/w_1280,h_960,q_90,c_l,v1/inventory/YTCH4G55LZHPXK4NAA3H2DS4FY.jpg|https://media.getedealer.com/w_1280,h_960,q_90,c_l,v1/inventory/LJG5NNLOBZAIJCHFFJTNBSYJHM.jpg|https://media.getedealer.com/w_1280,h_960,q_90,c_l,v1/inventory/5CD2URTJ6RCRFITYBLR2FHI3RY.jpg|https://media.getedealer.com/w_1280,h_960,q_90,c_l,v1/inventory/Y6K6B64UWNA7TKRW4JIZPID5VU.jpg|https://media.getedealer.com/w_1280,h_960,q_90,c_l,v1/inventory/6JCV3KPISFEMPA5X62KLDBH624.jpg|https://media.getedealer.com/w_1280,h_960,q_90,c_l,v1/inventory/RAGGM2ZDFRC2TLWAVF62BA6SEU.jpg|https://media.getedealer.com/w_1280,h_960,q_90,c_l,v1/inventory/FG24TLLRTFFDPHGLDO5H2ECRAM.jpg|https://media.getedealer.com/w_1280,h_960,q_90,c_l,v1/inventory/LAYXITRIKVFUJLF4EBAXQC6FIQ.jpg|https://media.getedealer.com/w_1280,h_960,q_90,c_l,v1/inventory/QWLYSPAP5BD3DLZAUKYRLFDWSU.jpg|https://media.getedealer.com/w_1280,h_960,q_90,c_l,v1/inventory/G6YAN4PCUZF2JIYG54ZLQAOTTA.jpg|https://media.getedealer.com/w_1280,h_960,q_90,c_l,v1/inventory/QY5WBKB325D2VPNSXLIEOSX2KI.jpg",10-02-2025 08:16,FALSE
g5JXS7yzTf2T0qDda8dM5A,CHILLIWACK MITSUBISHI,,+1 672-784-5040,45510 Yale Rd,Chilliwack,BC,V2P 2M9,49.151131,-121.963743,PGgi0QcPSBmlGwdOpPUmdw,5N1AT2MV4GC831616,UU831616,USED,2016,Nissan,Rogue,SV,AWD 4dr SV,13150,177576,SUV,Silver,,4,,Automatic,AWD,2.5,4,Gasoline,,Air Conditioning|Backup Camera|Bluetooth Connection|Brake Assist|Cruise Control|Keyless Entry|Power Windows|Satellite Radio|Smart Device Integration,"https://media.getedealer.com/w_1280,h_960,q_90,c_l,v1/inventory/TEX6EXFNJBBH3FYZF76B36BAH4.jpg|https://media.getedealer.com/w_1280,h_960,q_90,c_l,v1/inventory/DMOYKFBDTJHKPOHL7M42B34Z74.jpg|https://media.getedealer.com/w_1280,h_960,q_90,c_l,v1/inventory/IDIDWP6QNJBDHP4SROS3V77JVU.jpg|https://media.getedealer.com/w_1280,h_960,q_90,c_l,v1/inventory/2YY7PXYOHVHA3NWXUGRYKFMNWA.jpg|https://media.getedealer.com/w_1280,h_960,q_90,c_l,v1/inventory/XOEMHY743RDHLCS6VGZ3MQMJEA.jpg|https://media.getedealer.com/w_1280,h_960,q_90,c_l,v1/inventory/6YAX4UKNZFD4RHGEA434KL5IYM.jpg|https://media.getedealer.com/w_1280,h_960,q_90,c_l,v1/inventory/5Q5XVRI4ERH4LBIMUQ5RXHUSOQ.jpg|https://media.getedealer.com/w_1280,h_960,q_90,c_l,v1/inventory/DIOD24I63BGTRHZRJQEAXOFCIQ.jpg|https://media.getedealer.com/w_1280,h_960,q_90,c_l,v1/inventory/5ZJNCXYAT5ANBAHGA5RPDEDW4A.jpg|https://media.getedealer.com/w_1280,h_960,q_90,c_l,v1/inventory/RBLSN2HPURDRBODFBISS4T6WI4.jpg|https://media.getedealer.com/w_1280,h_960,q_90,c_l,v1/inventory/TVSGMQOSJFHKVAWNYQEN2MWPUU.jpg|https://media.getedealer.com/w_1280,h_960,q_90,c_l,v1/inventory/HSUPUWQRDNGL3HLRZ2BVZ7BPIM.jpg|https://media.getedealer.com/w_1280,h_960,q_90,c_l,v1/inventory/ERADJFERJNFFRORASBYUDS44ZI.jpg|https://media.getedealer.com/w_1280,h_960,q_90,c_l,v1/inventory/DB7QAHF52BEI3B5UVJ7W6GXB2U.jpg|https://media.getedealer.com/w_1280,h_960,q_90,c_l,v1/inventory/TRUPVP5FXZFTBMC2L7D4PZUE6A.jpg|https://media.getedealer.com/w_1280,h_960,q_90,c_l,v1/inventory/DKER5V7JZFAY5JZOAVJRJBPSR4.jpg|https://media.getedealer.com/w_1280,h_960,q_90,c_l,v1/inventory/QQM6NWZ5SRHYXNT6VBGUGNTDTM.jpg|https://media.getedealer.com/w_1280,h_960,q_90,c_l,v1/inventory/RQP4GORTTZG3FP5Z2FZQS2EA4I.jpg|https://media.getedealer.com/w_1280,h_960,q_90,c_l,v1/inventory/KZDTCM7XBBE7TEEFBOLUJ3K7G4.jpg|https://media.getedealer.com/w_1280,h_960,q_90,c_l,v1/inventory/JVT3A3G4ZZGIRJJSG2CB3IHZIE.jpg|https://media.getedealer.com/w_1280,h_960,q_90,c_l,v1/inventory/6WJS6O4KQ5B5JJ2THU3KRANPSM.jpg|https://media.getedealer.com/w_1280,h_960,q_90,c_l,v1/inventory/BJQNORV3UVF77F6FCYRR65XFKY.jpg|https://media.getedealer.com/w_1280,h_960,q_90,c_l,v1/inventory/UI5GESVURNDMRBJYRBOXGXMUVI.jpg|https://media.getedealer.com/w_1280,h_960,q_90,c_l,v1/inventory/AHTCWXAUBFGXLATC5Q444JYQEE.jpg|https://media.getedealer.com/w_1280,h_960,q_90,c_l,v1/inventory/O76FRGFT2VD6ZNEDOYHOYBC7CA.jpg",10-02-2025 08:14,FALSE
g5JXS7yzTf2T0qDda8dM5A,CHILLIWACK MITSUBISHI,,+1 672-784-5040,45510 Yale Rd,Chilliwack,BC,V2P 2M9,49.151131,-121.963743,QOmNg57xSDWWzgkXLCV6Eg,1C4PJMBX4KD479855,UU479855,USED,2019,Jeep,Cherokee,Trailhawk,Trailhawk 4x4,27700,75782,SUV,Gray,Black,4,,Automatic,4Ã—4,3.2,6,Gasoline,,Air Conditioning|Alloy Wheels|Backup Camera|Bluetooth Connection|Brake Assist|Cruise Control|Keyless Entry|Power Seats|Power Windows|Satellite Radio|Smart Device Integration,"https://media.getedealer.com/w_1280,h_960,q_90,c_l,v1/inventory/7XU2D7U2JZEZPLD3LYS5LJ5LU4.jpg|https://media.getedealer.com/w_1280,h_960,q_90,c_l,v1/inventory/26VRXPJWRZGR3DPTISVO36DSKQ.jpg|https://media.getedealer.com/w_1280,h_960,q_90,c_l,v1/inventory/EEGZAOYPUZCGRB3YU2MQTIYH3U.jpg|https://media.getedealer.com/w_1280,h_960,q_90,c_l,v1/inventory/PIQXHQQ7OZDMNKTBX5XKYPG6FM.jpg|https://media.getedealer.com/w_1280,h_960,q_90,c_l,v1/inventory/UBASNG3ON5HJHGIOSNNHMIFPVI.jpg|https://media.getedealer.com/w_1280,h_960,q_90,c_l,v1/inventory/E2EJ2RV7SZFIZITHJVMS64TBSI.jpg|https://media.getedealer.com/w_1280,h_960,q_90,c_l,v1/inventory/CXWMVD7KCZGY7NTNY6ORRKM5OY.jpg|https://media.getedealer.com/w_1280,h_960,q_90,c_l,v1/inventory/4WQQOV4ASFBXRJFWCNZTQOCWWY.jpg|https://media.getedealer.com/w_1280,h_960,q_90,c_l,v1/inventory/6SMK7DMRXJAYRLBWLVUQX3SF3M.jpg|https://media.getedealer.com/w_1280,h_960,q_90,c_l,v1/inventory/P2DQ2UZY4JELXM5UMQABTBKAHM.jpg|https://media.getedealer.com/w_1280,h_960,q_90,c_l,v1/inventory/ZQ2SXRQNN5BU3OXNGYHS7LLJ7A.jpg|https://media.getedealer.com/w_1280,h_960,q_90,c_l,v1/inventory/3A5BKUGSKRDE3ILOGRYMBDYHMM.jpg|https://media.getedealer.com/w_1280,h_960,q_90,c_l,v1/inventory/ZGUZU725WBCQDDSMOP6HOP5NXM.jpg|https://media.getedealer.com/w_1280,h_960,q_90,c_l,v1/inventory/7OHYEU2SCRETRJSVX5RTLCRNGU.jpg|https://media.getedealer.com/w_1280,h_960,q_90,c_l,v1/inventory/6QVIMYBEGBFEXNTPIVRHDPXO7M.jpg|https://media.getedealer.com/w_1280,h_960,q_90,c_l,v1/inventory/OCVYSDRV2NG23HGWTQ3LPJ374Q.jpg|https://media.getedealer.com/w_1280,h_960,q_90,c_l,v1/inventory/6DCBX2HCNNCSBCQLDB6EXWV374.jpg|https://media.getedealer.com/w_1280,h_960,q_90,c_l,v1/inventory/W7WSCYCBVBF75IPZYHOAYDW73I.jpg|https://media.getedealer.com/w_1280,h_960,q_90,c_l,v1/inventory/EPAYCVBTTFAJHJ5OOXKJDQRTTQ.jpg|https://media.getedealer.com/w_1280,h_960,q_90,c_l,v1/inventory/EHFUWHY53VGZNGL5EHIADT52FA.jpg|https://media.getedealer.com/w_1280,h_960,q_90,c_l,v1/inventory/WMFLKBFTAZF2BEYRUD2G25UOZE.jpg|https://media.getedealer.com/w_1280,h_960,q_90,c_l,v1/inventory/4LNBEA4NKVEFPPYO3TOY5QKYHY.jpg|https://media.getedealer.com/w_1280,h_960,q_90,c_l,v1/inventory/2YUUYMDJCFAAXH2VY2EBCWX5SU.jpg|https://media.getedealer.com/w_1280,h_960,q_90,c_l,v1/inventory/WUVXNB7HJ5HRBMIKJF4Y4IL2VU.jpg|https://media.getedealer.com/w_1280,h_960,q_90,c_l,v1/inventory/UGX6GTMAUVCVVI4SD7X3EOVEWA.jpg",10-02-2025 08:12,FALSE
g5JXS7yzTf2T0qDda8dM5A,CHILLIWACK MITSUBISHI,,+1 672-784-5040,45510 Yale Rd,Chilliwack,BC,V2P 2M9,49.151131,-121.963743,QRkp8CuDQLCkXJLSTxYfhw,JA4T5UA98SZ615942,MI615942,NEW,2025,Mitsubishi,Outlander Plug-In Hybrid,ES,ES S-AWC,45498,30,SUV,Red,,4,,Automatic,4Ã—4,2.4,4,Gasoline / Electric Hybrid,,Air Conditioning|Alloy Wheels|Backup Camera|Bluetooth Connection|Brake Assist|Cruise Control|Heated Seats|Keyless Entry|Lane Assist|Parking Sensors|Power Windows|Satellite Radio|Smart Device Integration,"https://media.getedealer.com/w_1280,h_960,q_90,c_l,v1/inventory/6LHWXTQAQFA6NEJDORZ7OAF62M.jpg|https://media.getedealer.com/w_1280,h_960,q_90,c_l,v1/inventory/7OQUHGGSR5BINEFY7IOYO2FUJI.jpg|https://media.getedealer.com/w_1280,h_960,q_90,c_l,v1/inventory/52AAMNVZ2JDSBPEOVSZIS6UMVA.jpg|https://media.getedealer.com/w_1280,h_960,q_90,c_l,v1/inventory/NJFH52JR6VEENECTYY42K6VVBE.jpg|https://media.getedealer.com/w_1280,h_960,q_90,c_l,v1/inventory/37XUNKFP35A65F7QJE4A2PTAKE.jpg|https://media.getedealer.com/w_1280,h_960,q_90,c_l,v1/inventory/L7JH5CEVANDVXLER2BXTULLAFE.jpg|https://media.getedealer.com/w_1280,h_960,q_90,c_l,v1/inventory/VBJAEPJLA5BAJEUNKEZRVPN32E.jpg|https://media.getedealer.com/w_1280,h_960,q_90,c_l,v1/inventory/5WRHA35TCFD2XGWI4N2DQEI2D4.jpg|https://media.getedealer.com/w_1280,h_960,q_90,c_l,v1/inventory/U3HSGXTBR5E3XIZPFNRZIJZV2U.jpg|https://media.getedealer.com/w_1280,h_960,q_90,c_l,v1/inventory/EOVFQSWQ7FEW5OXOKNARN64NMM.jpg|https://media.getedealer.com/w_1280,h_960,q_90,c_l,v1/inventory/7SALS7OYPFBF5EVBUEGDIGU4WU.jpg|https://media.getedealer.com/w_1280,h_960,q_90,c_l,v1/inventory/NNI3NKQOLVGQVCMVDEPF5QSNVA.jpg|https://media.getedealer.com/w_1280,h_960,q_90,c_l,v1/inventory/K3BL6G5HQNFWJM7SZUL65KSRP4.jpg|https://media.getedealer.com/w_1280,h_960,q_90,c_l,v1/inventory/QM62EW6EGNGOPF5ETICMQLLVMI.jpg|https://media.getedealer.com/w_1280,h_960,q_90,c_l,v1/inventory/G7PVPLETYBAQNP33QGM5EE7NVM.jpg|https://media.getedealer.com/w_1280,h_960,q_90,c_l,v1/inventory/3KAJWDIWZVB5VIAYP4HLJVJOCI.jpg|https://media.getedealer.com/w_1280,h_960,q_90,c_l,v1/inventory/642QU3TSTJFRDKWO5JSVQ6DBMU.jpg|https://media.getedealer.com/w_1280,h_960,q_90,c_l,v1/inventory/O3WCCF5EQZC5RKMLOOBDKSV3XU.jpg|https://media.getedealer.com/w_1280,h_960,q_90,c_l,v1/inventory/5JFBLB2L5FBLBDVP3X4Y26CN6I.jpg|https://media.getedealer.com/w_1280,h_960,q_90,c_l,v1/inventory/UMXBKJLX7ZCBRI5KBRKPD5WWXY.jpg|https://media.getedealer.com/w_1280,h_960,q_90,c_l,v1/inventory/SEWT3ET6FND5PA3ZS3M7V3IEPY.jpg|https://media.getedealer.com/w_1280,h_960,q_90,c_l,v1/inventory/OHL36FZOANCMFD7TEE4UX5VQNM.jpg|https://media.getedealer.com/w_1280,h_960,q_90,c_l,v1/inventory/3M7SAFV7YNG4RG276JSO54FM3I.jpg|https://media.getedealer.com/w_1280,h_960,q_90,c_l,v1/inventory/P53P4X4FE5ES3F44J2FI5472YM.jpg",10-02-2025 08:15,FALSE
g5JXS7yzTf2T0qDda8dM5A,CHILLIWACK MITSUBISHI,,+1 672-784-5040,45510 Yale Rd,Chilliwack,BC,V2P 2M9,49.151131,-121.963743,QaGV7oYdQyWaqgwwbKaFEA,JA4AJ3AU5KU605772,AA605772,USED,2019,Mitsubishi,RVR,SE,SE AWC,20500,142677,SUV,Red,,4,,Automatic,4Ã—4,2,4,Gasoline,,Air Conditioning|Alloy Wheels|Backup Camera|Bluetooth Connection|Brake Assist|Cruise Control|Heated Seats|Keyless Entry|Power Windows|Satellite Radio|Smart Device Integration,"https://media.getedealer.com/w_1280,h_960,q_90,c_l,v1/inventory/JPRGZUYO2RGALJV2TY6SK4U54U.jpg|https://media.getedealer.com/w_1280,h_960,q_90,c_l,v1/inventory/TX7IWZ5TCFBU3ACFBMS3MV4VLY.jpg|https://media.getedealer.com/w_1280,h_960,q_90,c_l,v1/inventory/N55KIT7G2BH4TEZD73UXZQ76WM.jpg|https://media.getedealer.com/w_1280,h_960,q_90,c_l,v1/inventory/MFOKVWXWSRHBPOVXKPXRDGB77A.jpg|https://media.getedealer.com/w_1280,h_960,q_90,c_l,v1/inventory/YCLUJ5NUMRA4VCBPXWTT5NQB24.jpg|https://media.getedealer.com/w_1280,h_960,q_90,c_l,v1/inventory/2L7BUFBIPZD4HKNA625QSX5M2U.jpg|https://media.getedealer.com/w_1280,h_960,q_90,c_l,v1/inventory/VBEP3Y6S4ZEJHNPX2TYTDRR3AA.jpg|https://media.getedealer.com/w_1280,h_960,q_90,c_l,v1/inventory/VA2KPC7AJ5BPPMRNPBKJP7JUBI.jpg|https://media.getedealer.com/w_1280,h_960,q_90,c_l,v1/inventory/IVFJPPQGGVA7JINFXTHE2FXMTA.jpg|https://media.getedealer.com/w_1280,h_960,q_90,c_l,v1/inventory/SXJX64WUYZCKHPPIHI4TKXUHBE.jpg|https://media.getedealer.com/w_1280,h_960,q_90,c_l,v1/inventory/QJLIJ33OGJBGBKEJNLTTFIAH3E.jpg|https://media.getedealer.com/w_1280,h_960,q_90,c_l,v1/inventory/4CKJ7CZT2ZEGXKAXOG6JORER3Y.jpg|https://media.getedealer.com/w_1280,h_960,q_90,c_l,v1/inventory/C5QD2AKB3ZESNLGX3PTXWQQ2M4.jpg|https://media.getedealer.com/w_1280,h_960,q_90,c_l,v1/inventory/VY4EEHUH5BEAZIBIVVB3ZUETNI.jpg|https://media.getedealer.com/w_1280,h_960,q_90,c_l,v1/inventory/AT5JO6J3GFBF5LL4D5G6HP3EGM.jpg|https://media.getedealer.com/w_1280,h_960,q_90,c_l,v1/inventory/S5XRBEHLHFFNFNJGRJ6EDNU53E.jpg|https://media.getedealer.com/w_1280,h_960,q_90,c_l,v1/inventory/MMIEPVYXVFDHTMDX5G5I5YH3VA.jpg|https://media.getedealer.com/w_1280,h_960,q_90,c_l,v1/inventory/BCPYA566XVHD7DCJ3KL2GWNSTM.jpg|https://media.getedealer.com/w_1280,h_960,q_90,c_l,v1/inventory/OQJPGJUOYVGBFETSMYJ45UDK4Q.jpg|https://media.getedealer.com/w_1280,h_960,q_90,c_l,v1/inventory/CURE3GBKSJEBFICJ34UH3XP76U.jpg|https://media.getedealer.com/w_1280,h_960,q_90,c_l,v1/inventory/DFXJIAFBMVDQTMXTRQZ7YSOYCA.jpg|https://media.getedealer.com/w_1280,h_960,q_90,c_l,v1/inventory/YGCL2P4JGFEGDP63QD36VAS4XQ.jpg|https://media.getedealer.com/w_1280,h_960,q_90,c_l,v1/inventory/PGKDHHTLZRHZLJGTEDMFEEUVNM.jpg|https://media.getedealer.com/w_1280,h_960,q_90,c_l,v1/inventory/ZAWU7SRSSVFH5APZ7IQWII46PQ.jpg",10-02-2025 08:14,FALSE
g5JXS7yzTf2T0qDda8dM5A,CHILLIWACK MITSUBISHI,,+1 672-784-5040,45510 Yale Rd,Chilliwack,BC,V2P 2M9,49.151131,-121.963743,QlSkz6b8SqmQmOAosxxqDA,JA4T5VA93SZ605695,MI605695,NEW,2025,Mitsubishi,Outlander Plug-In Hybrid,SEL,SEL S-AWC,52598,42,SUV,Gray,,4,,Automatic,4Ã—4,2.4,4,Gasoline / Electric Hybrid,,Air Conditioning|Alloy Wheels|Backup Camera|Bluetooth Connection|Brake Assist|Cruise Control|Heated Seats|Keyless Entry|Lane Assist|Parking Sensors|Power Windows|Satellite Radio|Smart Device Integration|Sunroof / Moonroof,"https://media.getedealer.com/w_1280,h_960,q_90,c_l,v1/inventory/SIAID777XBAJPMBQUPIDY4XQCE.jpg|https://media.getedealer.com/w_1280,h_960,q_90,c_l,v1/inventory/5ETZHD2K7ZESXNAZR2U2KVOSMU.jpg|https://media.getedealer.com/w_1280,h_960,q_90,c_l,v1/inventory/Z26IESORE5FGDA7O2CI4LM6M7E.jpg|https://media.getedealer.com/w_1280,h_960,q_90,c_l,v1/inventory/SQHFQVD5VJF3JI2EKOKZWQMIAM.jpg|https://media.getedealer.com/w_1280,h_960,q_90,c_l,v1/inventory/H4CB7YZTXFBNTMPN25PSHLRYIQ.jpg|https://media.getedealer.com/w_1280,h_960,q_90,c_l,v1/inventory/Y44YZREB6FBQZA45OXR7GE5GOY.jpg|https://media.getedealer.com/w_1280,h_960,q_90,c_l,v1/inventory/E5PX4FNXZFAGZH7RYRGMXEZPYQ.jpg|https://media.getedealer.com/w_1280,h_960,q_90,c_l,v1/inventory/6KJLS4IJ2VAR5JVXVE77DOUCQI.jpg|https://media.getedealer.com/w_1280,h_960,q_90,c_l,v1/inventory/RVCJAJVSORB63DE743SCKIQPFE.jpg|https://media.getedealer.com/w_1280,h_960,q_90,c_l,v1/inventory/5GP34HLRK5EBTNUBXJ7J3QX4L4.jpg|https://media.getedealer.com/w_1280,h_960,q_90,c_l,v1/inventory/JKG274GYXJHSPPPODGLOFTQHA4.jpg|https://media.getedealer.com/w_1280,h_960,q_90,c_l,v1/inventory/FDDZCEVYF5A67A4DCXHUADNB2A.jpg|https://media.getedealer.com/w_1280,h_960,q_90,c_l,v1/inventory/55AWMX7HPNGPNMFVS7ZIXB7RBE.jpg|https://media.getedealer.com/w_1280,h_960,q_90,c_l,v1/inventory/6QVZI56NENBFNNRZ3PGWU2NGRI.jpg|https://media.getedealer.com/w_1280,h_960,q_90,c_l,v1/inventory/KFM2HRQLGJHQHIZAH242XP45NY.jpg|https://media.getedealer.com/w_1280,h_960,q_90,c_l,v1/inventory/NAT4AUJANVBU3KX4WW2TCNTGT4.jpg|https://media.getedealer.com/w_1280,h_960,q_90,c_l,v1/inventory/TXUWCNGOYBERZEY3MIXQX2RMRI.jpg|https://media.getedealer.com/w_1280,h_960,q_90,c_l,v1/inventory/VESP3GE5JNGTRPHWK5Q4F7PAKU.jpg|https://media.getedealer.com/w_1280,h_960,q_90,c_l,v1/inventory/US3KHQJ2ENH6ZKZF3GHBBUN3JQ.jpg|https://media.getedealer.com/w_1280,h_960,q_90,c_l,v1/inventory/UVE7FZERHREM7DOPZOOP5MJ33M.jpg|https://media.getedealer.com/w_1280,h_960,q_90,c_l,v1/inventory/R6KFGVBBRJF47GYOIH3M5SC3XQ.jpg|https://media.getedealer.com/w_1280,h_960,q_90,c_l,v1/inventory/NZKZFTCACNBRBO2RBZJNEBSGWY.jpg|https://media.getedealer.com/w_1280,h_960,q_90,c_l,v1/inventory/UTJ5AJJER5CGZBMIVHDBFET7HA.jpg|https://media.getedealer.com/w_1280,h_960,q_90,c_l,v1/inventory/BM3XL34NZZAQ5HA5Q7537F6KKM.jpg",10-02-2025 08:15,FALSE
g5JXS7yzTf2T0qDda8dM5A,CHILLIWACK MITSUBISHI,,+1 672-784-5040,45510 Yale Rd,Chilliwack,BC,V2P 2M9,49.151131,-121.963743,QwrmMtwlRX289o2Jc4MI4A,JA4AZ2A39KZ605318,UU605318,USED,2019,Mitsubishi,Outlander,ES,ES AWC,16150,180252,SUV,Blue,Black,4,,Automatic,4Ã—4,2.4,4,Gasoline,,Air Conditioning|Alloy Wheels|Bluetooth Connection|Brake Assist|Cruise Control|Heated Seats|Keyless Entry|Power Windows|Satellite Radio|Smart Device Integration,"https://media.getedealer.com/w_1280,h_960,q_90,c_l,v1/trim/X7FI72CPH5GAXLZMD67ZZLPY3Y.jpg|https://media.getedealer.com/w_1280,h_960,q_90,c_l,v1/trim/GM34M4RC75COXBCHEOTHVFS7YQ.jpg|https://media.getedealer.com/w_1280,h_960,q_90,c_l,v1/trim/FZBJAWRZVZDS3PV37HHJT2UT6Q.jpg|https://media.getedealer.com/w_1280,h_960,q_90,c_l,v1/trim/BUGKWDLSZFEGRLKLPYGWUBLPAM.jpg|https://media.getedealer.com/w_1280,h_960,q_90,c_l,v1/trim/IIB66F7BHVEE7DUEKUFFKLQCMQ.jpg|https://media.getedealer.com/w_1280,h_960,q_90,c_l,v1/trim/HTNDCN4NABDCRB7PS3XRSEHTXQ.jpg|https://media.getedealer.com/w_1280,h_960,q_90,c_l,v1/trim/Y2H6P34MKBDAHETPQKZHEDBYMM.jpg|https://media.getedealer.com/w_1280,h_960,q_90,c_l,v1/trim/BM3B5MQHBFBMLO43OIFW3SMIQI.jpg|https://media.getedealer.com/w_1280,h_960,q_90,c_l,v1/trim/RADM4FTQ7JFRBIVNX4NL3I6UV4.jpg|https://media.getedealer.com/w_1280,h_960,q_90,c_l,v1/trim/36ANRTRY7VG2XF6I6JBZ6PJMR4.jpg|https://media.getedealer.com/w_1280,h_960,q_90,c_l,v1/trim/EHVLBWQWFRDKTKLLOX5QHUJEG4.jpg|https://media.getedealer.com/w_1280,h_960,q_90,c_l,v1/trim/6DOES7AL4RFLVCED56GHYPXWI4.jpg",01-06-2026 07:41,FALSE
g5JXS7yzTf2T0qDda8dM5A,CHILLIWACK MITSUBISHI,,+1 672-784-5040,45510 Yale Rd,Chilliwack,BC,V2P 2M9,49.151131,-121.963743,QxEJs7X1TSOqaunj1MqeHA,JA4T5WA95SZ601928,MI601928,NEW,2025,Mitsubishi,Outlander Plug-In Hybrid,GT,GT S-AWC,54898,16195,SUV,Black,,4,,Automatic,4Ã—4,2.4,4,Gasoline / Electric Hybrid,,Air Conditioning|Alloy Wheels|Backup Camera|Bluetooth Connection|Brake Assist|Cruise Control|Heads Up Display|Heated Seats|Keyless Entry|Lane Assist|Leather Seats|Navigation System|Parking Sensors|Power Seats|Power Windows|Satellite Radio|Smart Device Integration|Sunroof / Moonroof,"https://media.getedealer.com/w_1280,h_960,q_90,c_l,v1/inventory/7QOTUZ7QAFCP3HOUEYXHNJJ6XQ.jpg|https://media.getedealer.com/w_1280,h_960,q_90,c_l,v1/inventory/CJL2U2PMYJBSVNAKXY2T65AY5M.jpg|https://media.getedealer.com/w_1280,h_960,q_90,c_l,v1/inventory/OTKEZZR5UJHBXLJXDRKUZRRWUQ.jpg|https://media.getedealer.com/w_1280,h_960,q_90,c_l,v1/inventory/FLJ2WWYSWJDEJIZFPCS53QIYCA.jpg|https://media.getedealer.com/w_1280,h_960,q_90,c_l,v1/inventory/7L7U3SO3F5GYHBFUGKBCLEM3KE.jpg|https://media.getedealer.com/w_1280,h_960,q_90,c_l,v1/inventory/JPQVCY7OJVH5VEILRESGEMBA74.jpg|https://media.getedealer.com/w_1280,h_960,q_90,c_l,v1/inventory/BOPXHZ2OEBHZ3DHGHULX6ZMAIM.jpg|https://media.getedealer.com/w_1280,h_960,q_90,c_l,v1/inventory/DT5M2GAY5RGRLJTQEXMJL4NHLU.jpg|https://media.getedealer.com/w_1280,h_960,q_90,c_l,v1/inventory/SYJ3ENNIFFES7LM6XSE2K6P6NI.jpg|https://media.getedealer.com/w_1280,h_960,q_90,c_l,v1/inventory/YRVF6Y22FVDYTFYBIAF3AWBUDU.jpg|https://media.getedealer.com/w_1280,h_960,q_90,c_l,v1/inventory/ETRUPFYM2RELBHOKRADPXMFT2U.jpg|https://media.getedealer.com/w_1280,h_960,q_90,c_l,v1/inventory/CXZ2FZEA3VDO7C7SD7ZF7XTB24.jpg|https://media.getedealer.com/w_1280,h_960,q_90,c_l,v1/inventory/4D4E6QYMO5HHBADGG3QYHJMLCM.jpg|https://media.getedealer.com/w_1280,h_960,q_90,c_l,v1/inventory/RASQQXW4IBEERENRVV4EJEXGXY.jpg|https://media.getedealer.com/w_1280,h_960,q_90,c_l,v1/inventory/JWPL25E6IJEU3FCAJPIDHQ25AA.jpg|https://media.getedealer.com/w_1280,h_960,q_90,c_l,v1/inventory/DE7N5Y6WFRCPDJERIH7EQ5VWAI.jpg|https://media.getedealer.com/w_1280,h_960,q_90,c_l,v1/inventory/X6K7GW5CHJHBLI72LTUPCWJDHU.jpg|https://media.getedealer.com/w_1280,h_960,q_90,c_l,v1/inventory/I3NO2LIYANCXVLWFKZX2D4KEO4.jpg|https://media.getedealer.com/w_1280,h_960,q_90,c_l,v1/inventory/BY2F6EPVEJA23BTW6D6TBOBUME.jpg|https://media.getedealer.com/w_1280,h_960,q_90,c_l,v1/inventory/JKFYUVRWG5EU5L3FM7OD6FHQME.jpg|https://media.getedealer.com/w_1280,h_960,q_90,c_l,v1/inventory/YEKS7HLTI5C7BIAPLMYQ5SS62M.jpg|https://media.getedealer.com/w_1280,h_960,q_90,c_l,v1/inventory/3PED4EOYUVEJTD6LYBSL2AG5PM.jpg|https://media.getedealer.com/w_1280,h_960,q_90,c_l,v1/inventory/GTYLZBM6J5HTDF7V5UX7FBOSYQ.jpg|https://media.getedealer.com/w_1280,h_960,q_90,c_l,v1/inventory/L6ZEQNQULJCIFPATLNCSXRU32I.jpg|https://media.getedealer.com/w_1280,h_960,q_90,c_l,v1/inventory/ORGIMC2ZVNBVZLZJ2J56EXQ4OY.jpg",10-02-2025 08:15,FALSE
g5JXS7yzTf2T0qDda8dM5A,CHILLIWACK MITSUBISHI,,+1 672-784-5040,45510 Yale Rd,Chilliwack,BC,V2P 2M9,49.151131,-121.963743,R5HJQ1uXS2K95vIx6yol1Q,3C4PDCCB2FT632768,NA632768,USED,2015,Dodge,Journey,SXT,4dr SXT,11450,171987,SUV,Red,Black,4,,Automatic,FWD,2.4,4,Gasoline,,Air Conditioning|Alloy Wheels|Brake Assist|Cruise Control|Keyless Entry|Power Windows,"https://media.getedealer.com/w_1280,h_960,q_90,c_l,v1/inventory/5QXBN6J3B5ACDNXF72BQ6T42WY.jpg|https://media.getedealer.com/w_1280,h_960,q_90,c_l,v1/inventory/7UVBW44NFFH7BCE7PYKFWRUFEE.jpg|https://media.getedealer.com/w_1280,h_960,q_90,c_l,v1/inventory/6WMG5HY7ZRCRBEDGLYJHTADKBM.jpg|https://media.getedealer.com/w_1280,h_960,q_90,c_l,v1/inventory/S6H3NLGS7ZH2XIPI3M2KWAQHZQ.jpg|https://media.getedealer.com/w_1280,h_960,q_90,c_l,v1/inventory/CPC44JJDBNFLRB3DH3KIIPE53M.jpg|https://media.getedealer.com/w_1280,h_960,q_90,c_l,v1/inventory/BFWAFOVWMRH25FYFFTIBCVTXO4.jpg|https://media.getedealer.com/w_1280,h_960,q_90,c_l,v1/inventory/E5IIBBM5ABGLJH56ZAM45M4DPU.jpg|https://media.getedealer.com/w_1280,h_960,q_90,c_l,v1/inventory/FQCNMF4J5FDW3GON73VDUYN6QI.jpg|https://media.getedealer.com/w_1280,h_960,q_90,c_l,v1/inventory/34LHDSI4CVCRDN442UW36SAP2E.jpg|https://media.getedealer.com/w_1280,h_960,q_90,c_l,v1/inventory/R5WK37YA5ZBZPEQVKKI5XDBJ3U.jpg|https://media.getedealer.com/w_1280,h_960,q_90,c_l,v1/inventory/Q5CJIYSXZJCFTFLHXTB3652DSE.jpg|https://media.getedealer.com/w_1280,h_960,q_90,c_l,v1/inventory/MVFQYVD23ZDANETJZZ6UGCNLY4.jpg|https://media.getedealer.com/w_1280,h_960,q_90,c_l,v1/inventory/5WCQNIDZCJEFPLMFMACLKYS6UI.jpg|https://media.getedealer.com/w_1280,h_960,q_90,c_l,v1/inventory/HLH7B4SSV5CQXO67S4LRDMEBUE.jpg|https://media.getedealer.com/w_1280,h_960,q_90,c_l,v1/inventory/NTDGRXRLVJGM5IWNSWBG73MDHY.jpg|https://media.getedealer.com/w_1280,h_960,q_90,c_l,v1/inventory/FH6B536XJFF4PBKTWNO6MXB44M.jpg|https://media.getedealer.com/w_1280,h_960,q_90,c_l,v1/inventory/JRHJL33BDFDP3ILVCWH3YNV7VE.jpg|https://media.getedealer.com/w_1280,h_960,q_90,c_l,v1/inventory/I6T5XSKAMREZLILMNAJD2XE4LQ.jpg|https://media.getedealer.com/w_1280,h_960,q_90,c_l,v1/inventory/MIUY7YDDSBHR3GXJQVSMGYJGVM.jpg|https://media.getedealer.com/w_1280,h_960,q_90,c_l,v1/inventory/2JN7YLS775FV7CJGEJYG55SYMY.jpg|https://media.getedealer.com/w_1280,h_960,q_90,c_l,v1/inventory/CFBYGPFWTBGR5ANZGH4OKEBQUA.jpg|https://media.getedealer.com/w_1280,h_960,q_90,c_l,v1/inventory/KEVA3UXCBZB23HBIR4KQRAPW7Y.jpg|https://media.getedealer.com/w_1280,h_960,q_90,c_l,v1/inventory/XLGVF5GCB5GF5CF2BMCEOKRJCU.jpg",10-02-2025 08:13,FALSE
g5JXS7yzTf2T0qDda8dM5A,CHILLIWACK MITSUBISHI,,+1 672-784-5040,45510 Yale Rd,Chilliwack,BC,V2P 2M9,49.151131,-121.963743,Rkv7BmtWRGSFMlip6MzLIg,JA4J4TA84PZ604424,UU604424,USED,2023,Mitsubishi,Outlander,ES,ES S-AWC,33750,40373,SUV,Brown,,4,,Automatic,4Ã—4,2.5,4,Gasoline,,Air Conditioning|Alloy Wheels|Backup Camera|Bluetooth Connection|Brake Assist|Cruise Control|Heated Seats|Keyless Entry|Lane Assist|Parking Sensors|Power Windows|Satellite Radio|Smart Device Integration,"https://media.getedealer.com/w_1280,h_960,q_90,c_l,v1/inventory/YAPL7KHJFZB7NMZZGGXPH5SPCM.jpg|https://media.getedealer.com/w_1280,h_960,q_90,c_l,v1/inventory/IG6HGF7JDZFTTPYMD42WQXEFVI.jpg|https://media.getedealer.com/w_1280,h_960,q_90,c_l,v1/inventory/NNE7FWQWGJH4DPHHZOGFK4A5F4.jpg|https://media.getedealer.com/w_1280,h_960,q_90,c_l,v1/inventory/LUGMYHDIHVHE3GJOGYWAUFW2NA.jpg|https://media.getedealer.com/w_1280,h_960,q_90,c_l,v1/inventory/CJ4VHEVWKBFGBHIAROCU7YZNYM.jpg|https://media.getedealer.com/w_1280,h_960,q_90,c_l,v1/inventory/5U4M532YHFBXJFJ2ULHDLTQZEA.jpg|https://media.getedealer.com/w_1280,h_960,q_90,c_l,v1/inventory/FXSDVZJLIJANDPQTM66QGII54A.jpg|https://media.getedealer.com/w_1280,h_960,q_90,c_l,v1/inventory/DOUQI2KWOJFGDPI4JEGQQXEJQY.jpg|https://media.getedealer.com/w_1280,h_960,q_90,c_l,v1/inventory/7TW6UHR74JCGBJZGX4SMLSJ4HI.jpg|https://media.getedealer.com/w_1280,h_960,q_90,c_l,v1/inventory/VC7ATGGVHRG33PK2RKP77NTVZA.jpg|https://media.getedealer.com/w_1280,h_960,q_90,c_l,v1/inventory/D27F5P43NJET3IN322766RUOK4.jpg|https://media.getedealer.com/w_1280,h_960,q_90,c_l,v1/inventory/4A6GJDTEX5H6XBPVG6EENYEDIA.jpg|https://media.getedealer.com/w_1280,h_960,q_90,c_l,v1/inventory/5Z32NYR3GFECTGITIALP4C45XI.jpg|https://media.getedealer.com/w_1280,h_960,q_90,c_l,v1/inventory/VWEO2WHCSFFMLIVJLQQV2M4YC4.jpg|https://media.getedealer.com/w_1280,h_960,q_90,c_l,v1/inventory/B3LLZZUSHVESZBGQQU42T5L73E.jpg|https://media.getedealer.com/w_1280,h_960,q_90,c_l,v1/inventory/BKICSGOHVBCILH64TQGN7SYOBM.jpg|https://media.getedealer.com/w_1280,h_960,q_90,c_l,v1/inventory/ZJXJTUULUZCZZDAAY46HA7T6TY.jpg|https://media.getedealer.com/w_1280,h_960,q_90,c_l,v1/inventory/UCBTIJGU6RBS7O4IHYSZI5ZVEU.jpg|https://media.getedealer.com/w_1280,h_960,q_90,c_l,v1/inventory/BEPX2MTY2ZGOTJSULK57Q4ZENM.jpg|https://media.getedealer.com/w_1280,h_960,q_90,c_l,v1/inventory/PA7DSBLYLVHFLI43JNWF2NASAI.jpg|https://media.getedealer.com/w_1280,h_960,q_90,c_l,v1/inventory/YBIYXGRDRJFMVFMLMFITAIVVSU.jpg|https://media.getedealer.com/w_1280,h_960,q_90,c_l,v1/inventory/JHROEZ5JLFC2DJNABBFYLYCP4I.jpg|https://media.getedealer.com/w_1280,h_960,q_90,c_l,v1/inventory/YFW5VHEXEZB73IREJXYO37IGF4.jpg|https://media.getedealer.com/w_1280,h_960,q_90,c_l,v1/inventory/BCK4MKDWXFDNBOPLOXLJBMP44Q.jpg",11/25/2025 7:30:56,FALSE
g5JXS7yzTf2T0qDda8dM5A,CHILLIWACK MITSUBISHI,,+1 672-784-5040,45510 Yale Rd,Chilliwack,BC,V2P 2M9,49.151131,-121.963743,RlmjA2ccR3C4Q6ZELiKq5A,JA4T5TA9XPZ619783,UU619783,USED,2023,Mitsubishi,Outlander PHEV,ES,ES S-AWC Midnight Pkg,42700,32839,SUV,Black,Black,4,,Automatic,4Ã—4,2.4,4,Gasoline / Electric Hybrid,,Air Conditioning|Alloy Wheels|Backup Camera|Bluetooth Connection|Brake Assist|Cruise Control|Heated Seats|Keyless Entry|Lane Assist|Parking Sensors|Power Windows|Satellite Radio|Smart Device Integration,"https://media.getedealer.com/w_1280,h_960,q_90,c_l,v1/inventory/RJMPN5IWD5BABNW5OXTGIJ54FI.jpg|https://media.getedealer.com/w_1280,h_960,q_90,c_l,v1/inventory/2FLWO2EVD5GOLAVQWX7JSAO36A.jpg|https://media.getedealer.com/w_1280,h_960,q_90,c_l,v1/inventory/S5NK6CD6CRCCBJEUPVUTDQWPRE.jpg|https://media.getedealer.com/w_1280,h_960,q_90,c_l,v1/inventory/AS6PFNLJANBBDNNTKBK4ILBIMA.jpg|https://media.getedealer.com/w_1280,h_960,q_90,c_l,v1/inventory/IT5S2Y3BVZCRHCQQHM7ZJ3MYR4.jpg|https://media.getedealer.com/w_1280,h_960,q_90,c_l,v1/inventory/43GRMVJDNRCPRPKQKJZEZIVXUI.jpg|https://media.getedealer.com/w_1280,h_960,q_90,c_l,v1/inventory/CJNSNW5UTRHULIPTL2VF5RBKNU.jpg|https://media.getedealer.com/w_1280,h_960,q_90,c_l,v1/inventory/A2E6BUNBUZBFNPWVXGMODXCSMQ.jpg|https://media.getedealer.com/w_1280,h_960,q_90,c_l,v1/inventory/DJ4VIBGDPFDHVFGJE7AB76UU6A.jpg|https://media.getedealer.com/w_1280,h_960,q_90,c_l,v1/inventory/W3XSHPPIQVDVJER3XQRLK5JJBI.jpg|https://media.getedealer.com/w_1280,h_960,q_90,c_l,v1/inventory/BCQADGDAQBHELGX7B4M5C2A3KE.jpg|https://media.getedealer.com/w_1280,h_960,q_90,c_l,v1/inventory/QW6BRZBCVJCP7BZASAEPAEEW5A.jpg|https://media.getedealer.com/w_1280,h_960,q_90,c_l,v1/inventory/5FJJGPFM3BBIRBWKB6OUANAFDU.jpg|https://media.getedealer.com/w_1280,h_960,q_90,c_l,v1/inventory/4JPYYFLODRDL3L2OYJ3ITDCSKE.jpg|https://media.getedealer.com/w_1280,h_960,q_90,c_l,v1/inventory/IXHJV25SYNA2FJAXFO3OAXZ7SA.jpg|https://media.getedealer.com/w_1280,h_960,q_90,c_l,v1/inventory/W6NUIDLUFVEL3A4XBYXL7Z64UI.jpg|https://media.getedealer.com/w_1280,h_960,q_90,c_l,v1/inventory/ZUO67B2SF5DV5EJ46VHQXTT44E.jpg|https://media.getedealer.com/w_1280,h_960,q_90,c_l,v1/inventory/YXDZNDNXMNFD7CQVCIW72WQEWU.jpg|https://media.getedealer.com/w_1280,h_960,q_90,c_l,v1/inventory/ZIHXL35NPVFDLH3777DAU4WTRE.jpg|https://media.getedealer.com/w_1280,h_960,q_90,c_l,v1/inventory/F4EMSUXOQ5HHBBW3AS6JSHC5HM.jpg|https://media.getedealer.com/w_1280,h_960,q_90,c_l,v1/inventory/JN5JMKS3MREBRI5MRD2HD4A5GM.jpg|https://media.getedealer.com/w_1280,h_960,q_90,c_l,v1/inventory/GJ57CSGP3RCVJITC6ZPUYZLRQ4.jpg|https://media.getedealer.com/w_1280,h_960,q_90,c_l,v1/inventory/GI6S2CY3XZA4BFEKCBTEBKMYBQ.jpg|https://media.getedealer.com/w_1280,h_960,q_90,c_l,v1/inventory/XCKQPAJJI5HEXEHBJILKLXNQSM.jpg|https://media.getedealer.com/w_1280,h_960,q_90,c_l,v1/inventory/U5KLKUMYJNC6TBGTTG46LYUH4E.jpg",10-02-2025 08:15,FALSE
g5JXS7yzTf2T0qDda8dM5A,CHILLIWACK MITSUBISHI,,+1 672-784-5040,45510 Yale Rd,Chilliwack,BC,V2P 2M9,49.151131,-121.963743,S3spmAh2S7WooflXUiofiQ,JA4AJVAWXMU605704,AA605704,USED,2021,Mitsubishi,RVR,SE,SE AWC,24600,77615,SUV,Black,,4,,Automatic,4Ã—4,2.4,4,Gasoline,,Air Conditioning|Alloy Wheels|Backup Camera|Bluetooth Connection|Brake Assist|Cruise Control|Heated Seats|Keyless Entry|Lane Assist|Power Windows|Satellite Radio|Smart Device Integration,"https://media.getedealer.com/w_1280,h_960,q_90,c_l,v1/inventory/6YBEJAHIZFGRVJFF245PQSP5UU.jpg|https://media.getedealer.com/w_1280,h_960,q_90,c_l,v1/inventory/RUUYXGHB5ZD2DBDF6WU7FUWDNA.jpg|https://media.getedealer.com/w_1280,h_960,q_90,c_l,v1/inventory/RPOGFC2LCNHYJESV2PL6TNXAJM.jpg|https://media.getedealer.com/w_1280,h_960,q_90,c_l,v1/inventory/TMFIA3ZUY5CSNK5KIYHU6RXISM.jpg|https://media.getedealer.com/w_1280,h_960,q_90,c_l,v1/inventory/RQC2UMSNLZECBPBJLU6EPFCKHY.jpg|https://media.getedealer.com/w_1280,h_960,q_90,c_l,v1/inventory/HCJV3HBEMBEABC6IPG5MI5ZCUA.jpg|https://media.getedealer.com/w_1280,h_960,q_90,c_l,v1/inventory/6PWLA5D7KJH6BHNYI7DAZYTLNM.jpg|https://media.getedealer.com/w_1280,h_960,q_90,c_l,v1/inventory/S2WM63GQENHHJB72HML7TTTX7E.jpg|https://media.getedealer.com/w_1280,h_960,q_90,c_l,v1/inventory/FILJIOSRHBCFDI2K4PY4DOB7CU.jpg|https://media.getedealer.com/w_1280,h_960,q_90,c_l,v1/inventory/4Q3P6MLFRNEXJNHYX6TGCQ34ZQ.jpg|https://media.getedealer.com/w_1280,h_960,q_90,c_l,v1/inventory/27WKPUSQDJFBTADGG6ROP342FM.jpg|https://media.getedealer.com/w_1280,h_960,q_90,c_l,v1/inventory/57ASMAM2RZDHHBGFJUG3LBFG7I.jpg|https://media.getedealer.com/w_1280,h_960,q_90,c_l,v1/inventory/HV7FHPJZZFHGPJ7PIGVYIXWLDE.jpg|https://media.getedealer.com/w_1280,h_960,q_90,c_l,v1/inventory/GAPOOHLGEZFWLOO2NUFVLWVJ74.jpg|https://media.getedealer.com/w_1280,h_960,q_90,c_l,v1/inventory/U7HGFFWXPVDZXAPY6WFCR52QUQ.jpg|https://media.getedealer.com/w_1280,h_960,q_90,c_l,v1/inventory/VCB5MZN6WFEWVOCJ7JU6L227EU.jpg|https://media.getedealer.com/w_1280,h_960,q_90,c_l,v1/inventory/ZQWOXOYT5ZEWZBU75IAKVSVXUM.jpg|https://media.getedealer.com/w_1280,h_960,q_90,c_l,v1/inventory/2PEBQ3QDGZGGVFECEZ77SPLYRU.jpg|https://media.getedealer.com/w_1280,h_960,q_90,c_l,v1/inventory/6NXPVLNENFDMJJRFKE7DTONK44.jpg|https://media.getedealer.com/w_1280,h_960,q_90,c_l,v1/inventory/5T3WRFSZLNGVXNRPRLPPZMOTZQ.jpg|https://media.getedealer.com/w_1280,h_960,q_90,c_l,v1/inventory/GWFDHIULHVHG3HBOOLVIOE45LE.jpg|https://media.getedealer.com/w_1280,h_960,q_90,c_l,v1/inventory/JNYKNGUBA5HSDGSC4P27J3JZAU.jpg|https://media.getedealer.com/w_1280,h_960,q_90,c_l,v1/inventory/EA4DFMAIVBGPFJGIVM422ID4MQ.jpg|https://media.getedealer.com/w_1280,h_960,q_90,c_l,v1/inventory/WZ4CI7Y7OFCYPMHSA7LK5LI2ZY.jpg|https://media.getedealer.com/w_1280,h_960,q_90,c_l,v1/inventory/2XRX7KLVUZFETCTVNBZU6WKN54.jpg",10-02-2025 08:14,FALSE
g5JXS7yzTf2T0qDda8dM5A,CHILLIWACK MITSUBISHI,,+1 672-784-5040,45510 Yale Rd,Chilliwack,BC,V2P 2M9,49.151131,-121.963743,SNYzQmuzSBqnL5jQsipyyg,4X4TCKT17N9135641,UU135641,USED,2022,Forest River,WOLF PUP,TRAILOR,,29950,28,,,,,,,,,,,,,"https://media.getedealer.com/w_1280,h_960,q_90,c_l,v1/inventory/NRGRDMAWAJDLFKSATLSMQ4IFNI.jpg|https://media.getedealer.com/w_1280,h_960,q_90,c_l,v1/inventory/CSPETIDMTZEUNC6NACPGBGHJAI.jpg|https://media.getedealer.com/w_1280,h_960,q_90,c_l,v1/inventory/LJ3DL3MJZJGWVEUZFLIVVUN5DQ.jpg|https://media.getedealer.com/w_1280,h_960,q_90,c_l,v1/inventory/VURA676YMRH7FBVWEV4TQNR4JY.jpg|https://media.getedealer.com/w_1280,h_960,q_90,c_l,v1/inventory/QTN3OKWHE5ENFCCCXEY5ZI5TCI.jpg|https://media.getedealer.com/w_1280,h_960,q_90,c_l,v1/inventory/IUVG4UROR5ABPAERMMGUT2EHWI.jpg|https://media.getedealer.com/w_1280,h_960,q_90,c_l,v1/inventory/FZN6I6YIB5CSPNO2S6Z2OHSCOM.jpg|https://media.getedealer.com/w_1280,h_960,q_90,c_l,v1/inventory/4R6KCJFR6FEVBAFQR45OTNNBJU.jpg|https://media.getedealer.com/w_1280,h_960,q_90,c_l,v1/inventory/GKP6DG6H5FBYPMF4BCWJP4JQ7U.jpg|https://media.getedealer.com/w_1280,h_960,q_90,c_l,v1/inventory/YF5Z6GGMJNHLJIAQM5KPLGTQLA.jpg|https://media.getedealer.com/w_1280,h_960,q_90,c_l,v1/inventory/ZIE7AQSVUND3LCUJ7JN2VP6TAU.jpg|https://media.getedealer.com/w_1280,h_960,q_90,c_l,v1/inventory/G6MOMTTXFJAI5KRUVHT3L435BA.jpg|https://media.getedealer.com/w_1280,h_960,q_90,c_l,v1/inventory/SASVPKYAVVE4PCCKCEHM7OQOSM.jpg|https://media.getedealer.com/w_1280,h_960,q_90,c_l,v1/inventory/YPHCFPVGQNFD5AGTFBN5UVZ3ZI.jpg|https://media.getedealer.com/w_1280,h_960,q_90,c_l,v1/inventory/3YJCAT6N5JFLDMAHOSCU2PFRAY.jpg|https://media.getedealer.com/w_1280,h_960,q_90,c_l,v1/inventory/YHY624HTRNHENGFY2FNWPQTXNM.jpg",10-02-2025 08:13,FALSE
g5JXS7yzTf2T0qDda8dM5A,CHILLIWACK MITSUBISHI,,+1 672-784-5040,45510 Yale Rd,Chilliwack,BC,V2P 2M9,49.151131,-121.963743,SWXxi47lSHi1pNh886vJ8Q,1C6SRFHT8MN706942,UU706942,USED,2021,Ram,1500,Limited,"Limited 4x4 Crew Cab 5'7"" Box",64950,51781,Truck,White,Black,4,,Automatic,4Ã—4,5.7,8,Gasoline,<p>Step into luxury and power with the 2021 Ram 1500 Limited. This truck is the epitome of sophistication and capability offering a refined driving experience like no other. From its elegant exterior design to its lavish interior every detail exudes premium quality and craftsmanship. Sink into the opulent leather seats and surround yourself with state-of-the-art technology from the advanced infotainment system to the innovative safety features. Underneath the hood a robust engine delivers impressive performance whether you&#39;re towing heavy loads or cruising down the highway. With the 2021 Ram 1500 Limited you&#39;ll experience the perfect blend of luxury and capability making every drive a truly exceptional journey.</p>,Air Conditioning|Alloy Wheels|Backup Camera|Bluetooth Connection|Brake Assist|Cooled Seats|Cruise Control|Heated Seats|Keyless Entry|Lane Assist|Leather Seats|Navigation System|Parking Sensors|Power Seats|Power Windows|Remote Start|Running Boards|Satellite Radio|Smart Device Integration|Wi-Fi Hotspot,"https://media.getedealer.com/w_1280,h_960,q_90,c_l,v1/inventory/QKBGOTJW3BGM3M5TBM5CV7BWGE.jpg|https://media.getedealer.com/w_1280,h_960,q_90,c_l,v1/inventory/7OBTQYB7JBCNDFED4SRAZTPE6Q.jpg|https://media.getedealer.com/w_1280,h_960,q_90,c_l,v1/inventory/YT5BE3Z6HFBRVBQL75TKPR6CAY.jpg|https://media.getedealer.com/w_1280,h_960,q_90,c_l,v1/inventory/GCYS5FUFANEFNOSY27OX7ZOSA4.jpg|https://media.getedealer.com/w_1280,h_960,q_90,c_l,v1/inventory/EWMHFT2JHJBAVA3RASX6TXE3ZM.jpg|https://media.getedealer.com/w_1280,h_960,q_90,c_l,v1/inventory/TNTYBCI72BET5ECGCU2MJWN2VA.jpg|https://media.getedealer.com/w_1280,h_960,q_90,c_l,v1/inventory/A5FFIVA7A5C4LJ57Z5XJNCIZPY.jpg|https://media.getedealer.com/w_1280,h_960,q_90,c_l,v1/inventory/ZNXJNBKYNVELPM7ZM4ZWHOIW5Y.jpg|https://media.getedealer.com/w_1280,h_960,q_90,c_l,v1/inventory/VDORY3B3KNHFXJARR5PJFXDDSM.jpg|https://media.getedealer.com/w_1280,h_960,q_90,c_l,v1/inventory/7HMOD6HQG5ELLEIZT773B4BOQE.jpg|https://media.getedealer.com/w_1280,h_960,q_90,c_l,v1/inventory/3E43Q4UNQFDSNDXM6AEW2PCC6Q.jpg|https://media.getedealer.com/w_1280,h_960,q_90,c_l,v1/inventory/A47JBYN56BGSLIAU2XRESDRVQ4.jpg|https://media.getedealer.com/w_1280,h_960,q_90,c_l,v1/inventory/6OBAK7KVWNAUTAKJM774VAM7ZE.jpg|https://media.getedealer.com/w_1280,h_960,q_90,c_l,v1/inventory/EWF2V3NNA5DCVARITU3CKIGJBU.jpg|https://media.getedealer.com/w_1280,h_960,q_90,c_l,v1/inventory/IIVG6ACS6FDJNOQ5ODADWPEY7Q.jpg|https://media.getedealer.com/w_1280,h_960,q_90,c_l,v1/inventory/CYWNRDSYMBBFPNMKQSDZZO3D3I.jpg|https://media.getedealer.com/w_1280,h_960,q_90,c_l,v1/inventory/HS6FGK3BXBAQDDNFLC7RBKUUUM.jpg|https://media.getedealer.com/w_1280,h_960,q_90,c_l,v1/inventory/ZKX6VTMF7RBQRMCCH7QBS6VFNM.jpg|https://media.getedealer.com/w_1280,h_960,q_90,c_l,v1/inventory/UAJUIKWTFNCVTAGHHFXASN4MN4.jpg|https://media.getedealer.com/w_1280,h_960,q_90,c_l,v1/inventory/COVCDRDXXBG7PIO6UGP7YYNWDY.jpg|https://media.getedealer.com/w_1280,h_960,q_90,c_l,v1/inventory/QQ5DUUCMZVGIVLO7EJ52SER4QE.jpg|https://media.getedealer.com/w_1280,h_960,q_90,c_l,v1/inventory/COZKKZ7ZRVHCFCMWBCWY7MG35M.jpg|https://media.getedealer.com/w_1280,h_960,q_90,c_l,v1/inventory/VELFWJRSXBBDJCWMAQH5R4GFEI.jpg",10-02-2025 08:12,FALSE
g5JXS7yzTf2T0qDda8dM5A,CHILLIWACK MITSUBISHI,,+1 672-784-5040,45510 Yale Rd,Chilliwack,BC,V2P 2M9,49.151131,-121.963743,Sj1IflmYSY2G6Rtyfdzgdg,3N1CK3CP7KL237319,NA237319,USED,2019,Nissan,Micra,S,S,12950,114939,Sedan,Black,,4,,Manual,FWD,1.6,4,Gasoline,,Backup Camera|Bluetooth Connection|Brake Assist,"https://media.getedealer.com/w_1280,h_960,q_90,c_l,v1/inventory/AVA2RAQNMVHL7L7CPGK7QXFTD4.jpg|https://media.getedealer.com/w_1280,h_960,q_90,c_l,v1/inventory/S5QGXBGUGZCVFOZPH6SRTIB5WM.jpg|https://media.getedealer.com/w_1280,h_960,q_90,c_l,v1/inventory/UBJ6J5Z7LBDU3CLXWKDFJ66PLI.jpg|https://media.getedealer.com/w_1280,h_960,q_90,c_l,v1/inventory/C73ECHDCOBATJNTQD2WWFZKVUY.jpg|https://media.getedealer.com/w_1280,h_960,q_90,c_l,v1/inventory/STTM4UCACZGULKLENJTWWKKT74.jpg|https://media.getedealer.com/w_1280,h_960,q_90,c_l,v1/inventory/IAWVR3GIERER7PVKIFVFDJTSQM.jpg|https://media.getedealer.com/w_1280,h_960,q_90,c_l,v1/inventory/CGRL2RSCFRD6TKEQFAZZKEWOQY.jpg|https://media.getedealer.com/w_1280,h_960,q_90,c_l,v1/inventory/DUIACHB4GNGLBKRYF2FJCGQCOQ.jpg|https://media.getedealer.com/w_1280,h_960,q_90,c_l,v1/inventory/CGXBUHGG5NFC7AEAJHV2YRRWBQ.jpg|https://media.getedealer.com/w_1280,h_960,q_90,c_l,v1/inventory/TE2NDZCTFVGOPC3PDSZMH6KSDM.jpg|https://media.getedealer.com/w_1280,h_960,q_90,c_l,v1/inventory/XUJO467OXVGGDB54UEKF5OQCTE.jpg|https://media.getedealer.com/w_1280,h_960,q_90,c_l,v1/inventory/M6QLLXOMONAWJFOISGVJP4533Q.jpg|https://media.getedealer.com/w_1280,h_960,q_90,c_l,v1/inventory/VFCX4IIUMJBI3KNDKHLZMKK6XQ.jpg|https://media.getedealer.com/w_1280,h_960,q_90,c_l,v1/inventory/6T4D6FVV5FBJVKAW7M7NPJMFEM.jpg|https://media.getedealer.com/w_1280,h_960,q_90,c_l,v1/inventory/EH3NYDHRPNFPVHEGKCTO3BRTMQ.jpg|https://media.getedealer.com/w_1280,h_960,q_90,c_l,v1/inventory/GCIJPWCDN5FSZMT6TMT3STGYEM.jpg|https://media.getedealer.com/w_1280,h_960,q_90,c_l,v1/inventory/QYRSA3O5CBGTZDHOOUUPZHH3FU.jpg|https://media.getedealer.com/w_1280,h_960,q_90,c_l,v1/inventory/DSZGUJ7YHBHTPBK34QUUGAYJSA.jpg|https://media.getedealer.com/w_1280,h_960,q_90,c_l,v1/inventory/HLJ73HGB6ZAI5DEA2L3OLHDGJ4.jpg|https://media.getedealer.com/w_1280,h_960,q_90,c_l,v1/inventory/GR3FEPRLMNEB7IQVAEVQCCHYHU.jpg|https://media.getedealer.com/w_1280,h_960,q_90,c_l,v1/inventory/WDP73KP3MFABPEYLVKJMETHXNQ.jpg|https://media.getedealer.com/w_1280,h_960,q_90,c_l,v1/inventory/6HPVRTSXJVGELE2IDKFULKRVWU.jpg",10-02-2025 08:13,FALSE
g5JXS7yzTf2T0qDda8dM5A,CHILLIWACK MITSUBISHI,,+1 672-784-5040,45510 Yale Rd,Chilliwack,BC,V2P 2M9,49.151131,-121.963743,TgnMi5qkSYKdvrUPxekJFw,JA4T5VA97SZ608342,MI608342,NEW,2025,Mitsubishi,Outlander Plug-In Hybrid,SEL,SEL S-AWC,52598,43,SUV,Blue,,4,,Automatic,4Ã—4,2.4,4,Gasoline / Electric Hybrid,,Air Conditioning|Alloy Wheels|Backup Camera|Bluetooth Connection|Brake Assist|Cruise Control|Heated Seats|Keyless Entry|Lane Assist|Parking Sensors|Power Windows|Satellite Radio|Smart Device Integration|Sunroof / Moonroof,"https://media.getedealer.com/w_1280,h_960,q_90,c_l,v1/inventory/M4OUZ3VWRNB6RFLLLWQVQ77TXA.jpg|https://media.getedealer.com/w_1280,h_960,q_90,c_l,v1/inventory/TQSGDEZLPFHEZAZ2Y2PYCN5WCA.jpg|https://media.getedealer.com/w_1280,h_960,q_90,c_l,v1/inventory/VEZCKWPOLFH3FCFNFPTOHRV5FM.jpg|https://media.getedealer.com/w_1280,h_960,q_90,c_l,v1/inventory/GODXGSSL3VBYFBWHRCI2Q2T6TQ.jpg|https://media.getedealer.com/w_1280,h_960,q_90,c_l,v1/inventory/VKYJOYGXCRB3VMHQUCUUED5G6Q.jpg|https://media.getedealer.com/w_1280,h_960,q_90,c_l,v1/inventory/OAANGJLHVRBKLH7C7Z2ZVTVSNY.jpg|https://media.getedealer.com/w_1280,h_960,q_90,c_l,v1/inventory/V3Z6MEW4RVHZ5BVX3VK7HRCZG4.jpg|https://media.getedealer.com/w_1280,h_960,q_90,c_l,v1/inventory/2IWBMKBPHNFMNF5RDVSJSB6O2E.jpg|https://media.getedealer.com/w_1280,h_960,q_90,c_l,v1/inventory/L5CIH5NA3JA6ZCI3EFLRWFYM4E.jpg|https://media.getedealer.com/w_1280,h_960,q_90,c_l,v1/inventory/2FO5P6H4YREUNJK5VPPI6T6S64.jpg|https://media.getedealer.com/w_1280,h_960,q_90,c_l,v1/inventory/HL3KC5RNWNB5BL4SIREORN5I7I.jpg|https://media.getedealer.com/w_1280,h_960,q_90,c_l,v1/inventory/3SMNIA6EC5F6TFXZEPCJHQKFE4.jpg|https://media.getedealer.com/w_1280,h_960,q_90,c_l,v1/inventory/SE3QRUKVFFEW7CNR66BS32NAD4.jpg|https://media.getedealer.com/w_1280,h_960,q_90,c_l,v1/inventory/3JJYHJCRFJGFXABAJ4VOH6L6XQ.jpg|https://media.getedealer.com/w_1280,h_960,q_90,c_l,v1/inventory/I5UF4LJOXRAETGKGWYSAYBYUGA.jpg|https://media.getedealer.com/w_1280,h_960,q_90,c_l,v1/inventory/AYTR2AEJ2ZD3VLSTG6BLFSLZRM.jpg|https://media.getedealer.com/w_1280,h_960,q_90,c_l,v1/inventory/Y5HENRKID5DOFALQZSZFF45LFM.jpg|https://media.getedealer.com/w_1280,h_960,q_90,c_l,v1/inventory/ZWPHHDVX2VAURDDOMEGEWLSENU.jpg|https://media.getedealer.com/w_1280,h_960,q_90,c_l,v1/inventory/KWJZPPVHJRCPFMZXJEDAYW7IF4.jpg|https://media.getedealer.com/w_1280,h_960,q_90,c_l,v1/inventory/VRL4GOQWQNCUPNQJAW236QH7PI.jpg|https://media.getedealer.com/w_1280,h_960,q_90,c_l,v1/inventory/EHRQBBM33RGK3ABYTWW653DSS4.jpg|https://media.getedealer.com/w_1280,h_960,q_90,c_l,v1/inventory/HDTUTAHSLNAAVPTDPW7I374O2M.jpg|https://media.getedealer.com/w_1280,h_960,q_90,c_l,v1/inventory/DZYMRZMLD5E43NDGYZLM7QU6IA.jpg|https://media.getedealer.com/w_1280,h_960,q_90,c_l,v1/inventory/ERRJ2RAGNZFBPEUVFGHFDIFAHA.jpg",10-02-2025 08:15,FALSE
g5JXS7yzTf2T0qDda8dM5A,CHILLIWACK MITSUBISHI,,+1 672-784-5040,45510 Yale Rd,Chilliwack,BC,V2P 2M9,49.151131,-121.963743,TpgoStJ4RkeOo9Dljbohiw,ZASPAKEV9P7D57004,RRD57004,USED,2023,Alfa Romeo,Stelvio,Quadrifoglio,Quadrifoglio AWD,,27000,SUV,,,4,,Automatic,AWD,2.9,6,Gasoline,,Air Conditioning|Alloy Wheels|Backup Camera|Bluetooth Connection|Brake Assist|Cruise Control|Heated Seats|Keyless Entry|Lane Assist|Navigation System|Parking Sensors|Power Seats|Power Windows|Remote Start|Satellite Radio|Smart Device Integration,,01/14/2026 7:47:23,FALSE
g5JXS7yzTf2T0qDda8dM5A,CHILLIWACK MITSUBISHI,,+1 672-784-5040,45510 Yale Rd,Chilliwack,BC,V2P 2M9,49.151131,-121.963743,U8rJS8a3Q7yY1Uz9v49idQ,JA4T5VA90SZ623829,MI623829,NEW,2025,Mitsubishi,Outlander Plug-In Hybrid,SEL,SEL S-AWC,52598,30,SUV,Silver,,4,,Automatic,4Ã—4,2.4,4,Gasoline / Electric Hybrid,,Air Conditioning|Alloy Wheels|Backup Camera|Bluetooth Connection|Brake Assist|Cruise Control|Heated Seats|Keyless Entry|Lane Assist|Parking Sensors|Power Windows|Satellite Radio|Smart Device Integration|Sunroof / Moonroof,"https://media.getedealer.com/w_1280,h_960,q_90,c_l,v1/inventory/ITQP2RYWFRACXKW7XNWUQF5NJ4.jpg|https://media.getedealer.com/w_1280,h_960,q_90,c_l,v1/inventory/6XIQLOWM6ZDTPBVXKB5RW43734.jpg|https://media.getedealer.com/w_1280,h_960,q_90,c_l,v1/inventory/ZZMUUMGPRNCVRMFGJYXLRNVFDM.jpg|https://media.getedealer.com/w_1280,h_960,q_90,c_l,v1/inventory/M5CFI5KDLVHEZHRV5GGHZVEU3E.jpg|https://media.getedealer.com/w_1280,h_960,q_90,c_l,v1/inventory/HAKHCLZ4ERCPREVPMY7K3GAPHE.jpg|https://media.getedealer.com/w_1280,h_960,q_90,c_l,v1/inventory/WJRAM2GEC5C7BFMLYIMABDUDFI.jpg|https://media.getedealer.com/w_1280,h_960,q_90,c_l,v1/inventory/CWEOUFMVZBH7NNWXZBCJUPPPQA.jpg|https://media.getedealer.com/w_1280,h_960,q_90,c_l,v1/inventory/2I64H2Q5M5AM5MJZV4HXC2SH5Q.jpg|https://media.getedealer.com/w_1280,h_960,q_90,c_l,v1/inventory/E6PZ7OQ6GNFGPLLXLCM56QFXKA.jpg|https://media.getedealer.com/w_1280,h_960,q_90,c_l,v1/inventory/ZECO6YY3ORGHTJV26SNQT5NQA4.jpg|https://media.getedealer.com/w_1280,h_960,q_90,c_l,v1/inventory/WWNLLEDUUVB45HXIF6MLKP4CXY.jpg|https://media.getedealer.com/w_1280,h_960,q_90,c_l,v1/inventory/2VVF5SMFNZA6HJGKGMEHSOHMZA.jpg|https://media.getedealer.com/w_1280,h_960,q_90,c_l,v1/inventory/MNZXH2XTHNCPPMTV24IC3SEU2U.jpg|https://media.getedealer.com/w_1280,h_960,q_90,c_l,v1/inventory/KBODQRSKBFFEPNLZ5S2Q276BFQ.jpg|https://media.getedealer.com/w_1280,h_960,q_90,c_l,v1/inventory/7JXI23PY7BEXFKYKLWPCNIBMP4.jpg|https://media.getedealer.com/w_1280,h_960,q_90,c_l,v1/inventory/JO3HNBJQBVBVLISSSG64KUQBK4.jpg|https://media.getedealer.com/w_1280,h_960,q_90,c_l,v1/inventory/2POLAO23MJASXFJUJYQQXOGAIY.jpg|https://media.getedealer.com/w_1280,h_960,q_90,c_l,v1/inventory/JHACJH55OFARHLZFAO46URTIAA.jpg|https://media.getedealer.com/w_1280,h_960,q_90,c_l,v1/inventory/ADCOAQOWCREYJKFUZJ7FYAQTYI.jpg|https://media.getedealer.com/w_1280,h_960,q_90,c_l,v1/inventory/PNCRG65PQZF5NOZT7JVOY6BUXI.jpg|https://media.getedealer.com/w_1280,h_960,q_90,c_l,v1/inventory/MWV3MTRXTVEYPFLEWHXXHOIJZ4.jpg|https://media.getedealer.com/w_1280,h_960,q_90,c_l,v1/inventory/45NJSA53WNG6RGMQQUBM4XMUDU.jpg|https://media.getedealer.com/w_1280,h_960,q_90,c_l,v1/inventory/BW24OMO45VBLJDGFLEDE7IBHJ4.jpg|https://media.getedealer.com/w_1280,h_960,q_90,c_l,v1/inventory/JVOJDCD2KVFXHO7OABHQPIXZ2Y.jpg|https://media.getedealer.com/w_1280,h_960,q_90,c_l,v1/inventory/2T32BYFGUZAHHJWEO3MTKJVDLI.jpg",10-02-2025 08:15,FALSE
g5JXS7yzTf2T0qDda8dM5A,CHILLIWACK MITSUBISHI,,+1 672-784-5040,45510 Yale Rd,Chilliwack,BC,V2P 2M9,49.151131,-121.963743,UHfztLkFRTCu3Eu1KLStVg,JA4J4VA84SZ617162,NA617162,USED,2025,Mitsubishi,Outlander,LE,LE S-AWC,47100,2084,SUV,Gray,,4,,Automatic,4Ã—4,2.5,4,Gasoline,,Air Conditioning|Alloy Wheels|Backup Camera|Bluetooth Connection|Brake Assist|Cruise Control|Heated Seats|Keyless Entry|Lane Assist|Parking Sensors|Power Windows|Satellite Radio|Smart Device Integration|Sunroof / Moonroof,"https://media.getedealer.com/w_1280,h_960,q_90,c_l,v1/inventory/45MMW3VNFNH6NC5TM2DLU6A5CQ.jpg|https://media.getedealer.com/w_1280,h_960,q_90,c_l,v1/inventory/MJ6MQE62XVA55OZKYVNV3ZCLUU.jpg|https://media.getedealer.com/w_1280,h_960,q_90,c_l,v1/inventory/3LZ7SBDISZDYTJR3TMBWZWNZ6U.jpg|https://media.getedealer.com/w_1280,h_960,q_90,c_l,v1/inventory/EYZVOS4GQRFT3I5ZO2TUXJNZZY.jpg|https://media.getedealer.com/w_1280,h_960,q_90,c_l,v1/inventory/Z24S3ZVDPRGHVC7KZMES5X27DQ.jpg|https://media.getedealer.com/w_1280,h_960,q_90,c_l,v1/inventory/GYX6MXD5UZACZFYFIEYKEPKDNI.jpg|https://media.getedealer.com/w_1280,h_960,q_90,c_l,v1/inventory/J2MGGRPS4NBBPCIY2GPZ5HU6VI.jpg|https://media.getedealer.com/w_1280,h_960,q_90,c_l,v1/inventory/BY5THP65K5EVBFGDKENC4HIWXM.jpg|https://media.getedealer.com/w_1280,h_960,q_90,c_l,v1/inventory/MYXL7FPRE5HYRIG7YU3VOLUN2A.jpg|https://media.getedealer.com/w_1280,h_960,q_90,c_l,v1/inventory/6XOFIW5HIRCDRPDFOD63CFQV2Y.jpg|https://media.getedealer.com/w_1280,h_960,q_90,c_l,v1/inventory/USTMNDM2K5GYNE33DZTNKMUGUA.jpg|https://media.getedealer.com/w_1280,h_960,q_90,c_l,v1/inventory/LF2XADHDFJAAXI53PD5S3ZQYCE.jpg|https://media.getedealer.com/w_1280,h_960,q_90,c_l,v1/inventory/7OQMSAMAUNA43MGEXX2V6JVMEE.jpg|https://media.getedealer.com/w_1280,h_960,q_90,c_l,v1/inventory/KW34YHNJD5BIDGD4SNPA5TW3YE.jpg|https://media.getedealer.com/w_1280,h_960,q_90,c_l,v1/inventory/CQLPX2X2JZFHFMRPO7OPFTS6TM.jpg|https://media.getedealer.com/w_1280,h_960,q_90,c_l,v1/inventory/D5RYTSAJBJCXTCIAUI2Z3T6I5Y.jpg|https://media.getedealer.com/w_1280,h_960,q_90,c_l,v1/inventory/64N5QP3IR5E2ZDEXX53GDYSAVU.jpg|https://media.getedealer.com/w_1280,h_960,q_90,c_l,v1/inventory/GFIZOQGMI5G6JIJGCNV6QBSQSM.jpg|https://media.getedealer.com/w_1280,h_960,q_90,c_l,v1/inventory/TSHJLKTIHBC2HDUGCQHDBKKFEM.jpg|https://media.getedealer.com/w_1280,h_960,q_90,c_l,v1/inventory/YQ5HDSFJWZCUTLZGRX62YM52LE.jpg|https://media.getedealer.com/w_1280,h_960,q_90,c_l,v1/inventory/YIFPWJRHU5GXFEZ7Z4X7YGV2BA.jpg|https://media.getedealer.com/w_1280,h_960,q_90,c_l,v1/inventory/DIQE4EKVMJCTLGBTQMF2ZQ4FWQ.jpg|https://media.getedealer.com/w_1280,h_960,q_90,c_l,v1/inventory/YZV6YOIR3JAXPJTHT6AEJ3CCIQ.jpg|https://media.getedealer.com/w_1280,h_960,q_90,c_l,v1/inventory/CKT7FEERSFAI7GTZCBDIXVSYZU.jpg",10-02-2025 08:14,FALSE
g5JXS7yzTf2T0qDda8dM5A,CHILLIWACK MITSUBISHI,,+1 672-784-5040,45510 Yale Rd,Chilliwack,BC,V2P 2M9,49.151131,-121.963743,UIOVPnMhRXaIyxKeDIB5Cg,3GNAXUEG2PS198023,UU198023,USED,2023,Chevrolet,Equinox,LT,AWD LT,28900,81133,SUV,White,,4,,Automatic,AWD,1.5,4,Gasoline,,Air Conditioning|Alloy Wheels|Backup Camera|Bluetooth Connection|Cruise Control|Heated Seats|Keyless Entry|Lane Assist|Power Seats|Power Windows|Remote Start|Satellite Radio|Smart Device Integration|Wi-Fi Hotspot,"https://media.getedealer.com/w_1280,h_960,q_90,c_l,v1/inventory/K73IHWBCMRCW7LGTJEWXYFJ2GU.jpg|https://media.getedealer.com/w_1280,h_960,q_90,c_l,v1/inventory/UOUQOKNELZGWLL36X22MNZOUDQ.jpg|https://media.getedealer.com/w_1280,h_960,q_90,c_l,v1/inventory/TQEJ2CCHZRFHNN7JIQEMU5YJI4.jpg|https://media.getedealer.com/w_1280,h_960,q_90,c_l,v1/inventory/NAVVEYVDGVC3ZDATSYISEL6BWY.jpg|https://media.getedealer.com/w_1280,h_960,q_90,c_l,v1/inventory/T657VW23VRFIJKZSKX7SD2SEH4.jpg|https://media.getedealer.com/w_1280,h_960,q_90,c_l,v1/inventory/C7G2CRP2KNGT5FNVHNVONNNUAU.jpg|https://media.getedealer.com/w_1280,h_960,q_90,c_l,v1/inventory/7ROYUY6FQVBCVDCEKX3DIPKPCI.jpg|https://media.getedealer.com/w_1280,h_960,q_90,c_l,v1/inventory/FYLVO5ICKVCC7DD5KL4L6RWSJE.jpg|https://media.getedealer.com/w_1280,h_960,q_90,c_l,v1/inventory/IMHYQOMZBRBGXI7NVGRJWJIAGA.jpg|https://media.getedealer.com/w_1280,h_960,q_90,c_l,v1/inventory/IOPVIB26Y5HPZOI6XF3L7UG5CY.jpg|https://media.getedealer.com/w_1280,h_960,q_90,c_l,v1/inventory/EBIX7L6A25A65HU6TJD3BELIIY.jpg|https://media.getedealer.com/w_1280,h_960,q_90,c_l,v1/inventory/JJAG5NW4FFGTLIM35NRWFSHHFE.jpg|https://media.getedealer.com/w_1280,h_960,q_90,c_l,v1/inventory/ACBHIII7NBHMPLW723J4W6U7JY.jpg|https://media.getedealer.com/w_1280,h_960,q_90,c_l,v1/inventory/VTCFFLP3J5AJNENFQXCGZY3J4M.jpg|https://media.getedealer.com/w_1280,h_960,q_90,c_l,v1/inventory/35K7HXA6JVFZTNPCIGRISDSMX4.jpg|https://media.getedealer.com/w_1280,h_960,q_90,c_l,v1/inventory/4DEDXLFANVDCDDGKSGBKWOZKMM.jpg|https://media.getedealer.com/w_1280,h_960,q_90,c_l,v1/inventory/PWTAGNAKU5DPDMSW44MP7EP4FY.jpg|https://media.getedealer.com/w_1280,h_960,q_90,c_l,v1/inventory/LL3KIOMZBBCOFKAHDGDIEQ5B6Q.jpg|https://media.getedealer.com/w_1280,h_960,q_90,c_l,v1/inventory/WW2XRHEGFBBGPPQZBJPXPJCX6Q.jpg|https://media.getedealer.com/w_1280,h_960,q_90,c_l,v1/inventory/GEXIOGXT35AG5MGYHJOLCRNE4I.jpg|https://media.getedealer.com/w_1280,h_960,q_90,c_l,v1/inventory/7K4ORDGHZNBK3DGZSPRIASG3N4.jpg|https://media.getedealer.com/w_1280,h_960,q_90,c_l,v1/inventory/EIWU65KBO5FKZKII6O7S45XRXU.jpg|https://media.getedealer.com/w_1280,h_960,q_90,c_l,v1/inventory/JE3PSBYKI5EINON4A2TBIXEP6A.jpg|https://media.getedealer.com/w_1280,h_960,q_90,c_l,v1/inventory/FLYZKKZ4VNDD5ALF5UZFNVMN2U.jpg|https://media.getedealer.com/w_1280,h_960,q_90,c_l,v1/inventory/6A4MOV7AIZD6NO5LJEA4S74XKQ.jpg",11/27/2025 7:37:39,FALSE
g5JXS7yzTf2T0qDda8dM5A,CHILLIWACK MITSUBISHI,,+1 672-784-5040,45510 Yale Rd,Chilliwack,BC,V2P 2M9,49.151131,-121.963743,UmUOFC7IQSGX9mQmE94n6g,1VWAA7A3XJC022281,UU022281,USED,2018,Volkswagen,Passat,Trendline+,Trendline+ Auto,10950,206242,Sedan,White,,4,,Automatic,FWD,2,4,Gasoline,,Air Conditioning|Alloy Wheels|Backup Camera|Bluetooth Connection|Brake Assist|Cruise Control|Heated Seats|Keyless Entry|Power Windows|Satellite Radio|Smart Device Integration,"https://media.getedealer.com/w_1280,h_960,q_90,c_l,v1/inventory/VXSPQPIN4JAQLOU2MAQUNJKDGA.jpg|https://media.getedealer.com/w_1280,h_960,q_90,c_l,v1/inventory/JVMAEWBYXRB65LC54VKX5E5MKU.jpg|https://media.getedealer.com/w_1280,h_960,q_90,c_l,v1/inventory/WBKS4WF3KFEAZND6AZPJXI5C5A.jpg|https://media.getedealer.com/w_1280,h_960,q_90,c_l,v1/inventory/G5SNOEJCMVHJFNTRK2WPBWIY4M.jpg|https://media.getedealer.com/w_1280,h_960,q_90,c_l,v1/inventory/C37ED75Y5VDBJA5GRAAML5NT5Y.jpg|https://media.getedealer.com/w_1280,h_960,q_90,c_l,v1/inventory/ZNMDGBLSPVHANHJXIOBHRSWFCI.jpg|https://media.getedealer.com/w_1280,h_960,q_90,c_l,v1/inventory/GLXQTY3JA5GDTKQHU2LO3YXVY4.jpg|https://media.getedealer.com/w_1280,h_960,q_90,c_l,v1/inventory/HLG47LECHZAIFLJKY2DL474SUY.jpg|https://media.getedealer.com/w_1280,h_960,q_90,c_l,v1/inventory/AZIFCFE5TRGGRNCIS6LZHBPNTE.jpg|https://media.getedealer.com/w_1280,h_960,q_90,c_l,v1/inventory/CKXMUPHUCVCM3KI35H3S7JEY5A.jpg|https://media.getedealer.com/w_1280,h_960,q_90,c_l,v1/inventory/JIYLMUAHLVHXXL37RAXB3G5MZ4.jpg|https://media.getedealer.com/w_1280,h_960,q_90,c_l,v1/inventory/3KGAC5EWLBBRJHRTPLWT3FS3PY.jpg|https://media.getedealer.com/w_1280,h_960,q_90,c_l,v1/inventory/DGV6KL6E3JBG3DDSONH5VLTUMA.jpg|https://media.getedealer.com/w_1280,h_960,q_90,c_l,v1/inventory/NU5C4LXYRNA4VMYF3GRJNZH76A.jpg|https://media.getedealer.com/w_1280,h_960,q_90,c_l,v1/inventory/UU7YHOSLHFEHDKJQBZ3QTVRZIQ.jpg|https://media.getedealer.com/w_1280,h_960,q_90,c_l,v1/inventory/WTJYSWSAVJCPBBKF23Z56N3QGE.jpg|https://media.getedealer.com/w_1280,h_960,q_90,c_l,v1/inventory/TCNANR3SGJGNFE6IQJL2A4MOAQ.jpg|https://media.getedealer.com/w_1280,h_960,q_90,c_l,v1/inventory/UW7D74SVDNE6VBN6KW2LCXISFI.jpg|https://media.getedealer.com/w_1280,h_960,q_90,c_l,v1/inventory/BODHTOYIRFAGPPCJF7O3WNMRD4.jpg|https://media.getedealer.com/w_1280,h_960,q_90,c_l,v1/inventory/G3LAK733Q5BERK3EKQYDFK5RDE.jpg|https://media.getedealer.com/w_1280,h_960,q_90,c_l,v1/inventory/M72YJ6EQSBAYHIHSUU2KVRE5PM.jpg|https://media.getedealer.com/w_1280,h_960,q_90,c_l,v1/inventory/6JHNI3QLLBGWXILY3GH6DYJP44.jpg|https://media.getedealer.com/w_1280,h_960,q_90,c_l,v1/inventory/SK6SDEKT6JEWRCNAKKY4QDTLX4.jpg|https://media.getedealer.com/w_1280,h_960,q_90,c_l,v1/inventory/7NUNEI5BJBF5RHTYWJLVXGEYHU.jpg",10-02-2025 08:12,FALSE
g5JXS7yzTf2T0qDda8dM5A,CHILLIWACK MITSUBISHI,,+1 672-784-5040,45510 Yale Rd,Chilliwack,BC,V2P 2M9,49.151131,-121.963743,UnHRloCASGi3m6OZ7E7Xnw,JA4J4VA83SZ620618,MI620618,NEW,2025,Mitsubishi,Outlander,SEL,SEL S-AWC,44598,34,SUV,Gray,,4,,Automatic,4Ã—4,2.5,4,Gasoline,,Air Conditioning|Alloy Wheels|Backup Camera|Bluetooth Connection|Brake Assist|Cruise Control|Heated Seats|Keyless Entry|Lane Assist|Parking Sensors|Power Windows|Satellite Radio|Smart Device Integration|Sunroof / Moonroof,"https://media.getedealer.com/w_1280,h_960,q_90,c_l,v1/inventory/CMF4A5K3SVC4FL3PKOYQCDNQKE.jpg|https://media.getedealer.com/w_1280,h_960,q_90,c_l,v1/inventory/POZZVMW7QFGGTJCLEUKJKXOXCU.jpg|https://media.getedealer.com/w_1280,h_960,q_90,c_l,v1/inventory/NYXILXAUUVBDRH6IS3PMS7YNYE.jpg|https://media.getedealer.com/w_1280,h_960,q_90,c_l,v1/inventory/ZZ74AKVYNRDHXEP6W5NNBFBB4Q.jpg|https://media.getedealer.com/w_1280,h_960,q_90,c_l,v1/inventory/SJIPCXHRIFEKRG743OQU65QDRE.jpg|https://media.getedealer.com/w_1280,h_960,q_90,c_l,v1/inventory/TKWRVCQJFZACDG5YDMZSGSRGNI.jpg|https://media.getedealer.com/w_1280,h_960,q_90,c_l,v1/inventory/DPR7ERB2IZG3LLKPX3CQS3QMPQ.jpg|https://media.getedealer.com/w_1280,h_960,q_90,c_l,v1/inventory/N75VXITL3RCWTHNKCJVCKBJMEM.jpg|https://media.getedealer.com/w_1280,h_960,q_90,c_l,v1/inventory/XYGVFVPLLVGNBG52DDSVKNLGMY.jpg|https://media.getedealer.com/w_1280,h_960,q_90,c_l,v1/inventory/DCLYPC62GJHPRFST4NTYWATV2U.jpg|https://media.getedealer.com/w_1280,h_960,q_90,c_l,v1/inventory/3SQOLCQE65CABLNSAEISILRZPI.jpg|https://media.getedealer.com/w_1280,h_960,q_90,c_l,v1/inventory/K5SUC27IXRBHTE4VM5GERXR4LM.jpg|https://media.getedealer.com/w_1280,h_960,q_90,c_l,v1/inventory/FZG2IEEDVRF2DGE3IF3UGWHIAI.jpg|https://media.getedealer.com/w_1280,h_960,q_90,c_l,v1/inventory/KGG77KHEM5F3VBCW4U3D6EK5EA.jpg|https://media.getedealer.com/w_1280,h_960,q_90,c_l,v1/inventory/A2QSFT323VFTRH6RQ2L5SDRLME.jpg|https://media.getedealer.com/w_1280,h_960,q_90,c_l,v1/inventory/WGEENECG6FCVVGAJ3VZVM4HFWM.jpg|https://media.getedealer.com/w_1280,h_960,q_90,c_l,v1/inventory/A56EFSIUM5ESHKWIWRTYURWWCM.jpg|https://media.getedealer.com/w_1280,h_960,q_90,c_l,v1/inventory/LCBNMLMXPBH63JEIDLKONKC7KM.jpg|https://media.getedealer.com/w_1280,h_960,q_90,c_l,v1/inventory/F25P3767ZBBNJGBJQDDXW4XRG4.jpg|https://media.getedealer.com/w_1280,h_960,q_90,c_l,v1/inventory/EFG7DF3BFRG5FAULK33DF75T5E.jpg|https://media.getedealer.com/w_1280,h_960,q_90,c_l,v1/inventory/ANAGJJDDXRD2HEA2P4QLFDYMTU.jpg|https://media.getedealer.com/w_1280,h_960,q_90,c_l,v1/inventory/N45H2II2PVFG5G3I4HYUGENOEA.jpg|https://media.getedealer.com/w_1280,h_960,q_90,c_l,v1/inventory/LQDBIIOG4VGHLCFCEJ6FDCBZY4.jpg|https://media.getedealer.com/w_1280,h_960,q_90,c_l,v1/inventory/YAF6HZOUBJHQRD6ERYBYFYTQ74.jpg",10-02-2025 08:14,FALSE
g5JXS7yzTf2T0qDda8dM5A,CHILLIWACK MITSUBISHI,,+1 672-784-5040,45510 Yale Rd,Chilliwack,BC,V2P 2M9,49.151131,-121.963743,VWFWE2DGR8GbrX4LuzGFZg,SMTD31G7XNTAH4971,UUAH4971,USED,2022,Triumph,Street Twin,TWIN,,12999,4466,,,,,,,,,,,,,"https://media.getedealer.com/w_1280,h_960,q_90,c_l,v1/inventory/UYOECTY6VFF7BDNWH5JSKEQEXM.jpg|https://media.getedealer.com/w_1280,h_960,q_90,c_l,v1/inventory/KNV3BSTQ25CFXDO6DENOW2ZQYY.jpg|https://media.getedealer.com/w_1280,h_960,q_90,c_l,v1/inventory/HT7BYZCH2VG5HAAT36NFE5WA2Y.jpg|https://media.getedealer.com/w_1280,h_960,q_90,c_l,v1/inventory/A6AKQORFLRFOTEFZ3L2JIFSOAE.jpg",10-02-2025 08:16,FALSE
g5JXS7yzTf2T0qDda8dM5A,CHILLIWACK MITSUBISHI,,+1 672-784-5040,45510 Yale Rd,Chilliwack,BC,V2P 2M9,49.151131,-121.963743,VoAVYu2FQdivGT1qJYdxqg,3N1AB8BV5RY211142,VA211142,USED,2024,Nissan,Sentra,S Plus,S Plus CVT,27400,14810,Sedan,Black,,4,,Automatic,FWD,2,4,Gasoline,,Air Conditioning|Backup Camera|Bluetooth Connection|Brake Assist|Cruise Control|Heated Seats|Keyless Entry|Lane Assist|Parking Sensors|Power Windows|Smart Device Integration,"https://media.getedealer.com/w_1280,h_960,q_90,c_l,v1/inventory/W7G32CLNHZD3XOUUKQRQPBLSNU.jpg|https://media.getedealer.com/w_1280,h_960,q_90,c_l,v1/inventory/QQTFTOWXHNFZTGA3I7P33IPJ3E.jpg|https://media.getedealer.com/w_1280,h_960,q_90,c_l,v1/inventory/FKWDHZALHVHTLAXWZIIK7BI4TM.jpg|https://media.getedealer.com/w_1280,h_960,q_90,c_l,v1/inventory/SAVLEQQW4RHMFB4TQIV7YLTQII.jpg|https://media.getedealer.com/w_1280,h_960,q_90,c_l,v1/inventory/WVU4RMRCHZDDPD32QNXRXHOVDE.jpg|https://media.getedealer.com/w_1280,h_960,q_90,c_l,v1/inventory/M2I452O5INFZPHTRWYUGRGDMHQ.jpg|https://media.getedealer.com/w_1280,h_960,q_90,c_l,v1/inventory/5DR3XBMK7ZDNVHZVZXHWHV3WNA.jpg|https://media.getedealer.com/w_1280,h_960,q_90,c_l,v1/inventory/5ETUQS3O3NH7FKSO4S6REK7JMU.jpg|https://media.getedealer.com/w_1280,h_960,q_90,c_l,v1/inventory/GB4X3PD5GJABDF6J4KJMIZKXBI.jpg|https://media.getedealer.com/w_1280,h_960,q_90,c_l,v1/inventory/X4272JUYONE4VIILLJIDCNAWPU.jpg|https://media.getedealer.com/w_1280,h_960,q_90,c_l,v1/inventory/DVSUH6KKU5FRDFOLCXYPWYHHQI.jpg|https://media.getedealer.com/w_1280,h_960,q_90,c_l,v1/inventory/TLYH3FYDXNEO5BNSTDC4AUUTFQ.jpg|https://media.getedealer.com/w_1280,h_960,q_90,c_l,v1/inventory/LDL74UTRYBB7XEDQJNRDAIHJ7Y.jpg|https://media.getedealer.com/w_1280,h_960,q_90,c_l,v1/inventory/QRE7LUGOKBDVDDG3VOH6IPF3M4.jpg|https://media.getedealer.com/w_1280,h_960,q_90,c_l,v1/inventory/RUBP7LZJWZDWBPBVDNNWLWQQLE.jpg|https://media.getedealer.com/w_1280,h_960,q_90,c_l,v1/inventory/6J4TGCLDQ5HJVKWFJWST6KHVDM.jpg|https://media.getedealer.com/w_1280,h_960,q_90,c_l,v1/inventory/3GMNG6PAUFAT3OX423EZD2KXWI.jpg|https://media.getedealer.com/w_1280,h_960,q_90,c_l,v1/inventory/F6T6WHRLYVAUFMAPHS5MIXSQKA.jpg|https://media.getedealer.com/w_1280,h_960,q_90,c_l,v1/inventory/MKRKJ33FXFFKZFZVD7LWMWGUVU.jpg|https://media.getedealer.com/w_1280,h_960,q_90,c_l,v1/inventory/YY432LV2LBA5VEL4T5TOSDVZ7Q.jpg|https://media.getedealer.com/w_1280,h_960,q_90,c_l,v1/inventory/SIXLY465ZVDN5DYV4H4D4QOEQA.jpg|https://media.getedealer.com/w_1280,h_960,q_90,c_l,v1/inventory/ZVYBVTJWWNAJXOLJJDOIOBMJW4.jpg|https://media.getedealer.com/w_1280,h_960,q_90,c_l,v1/inventory/LJS33KYTBRBSPEVZAZRCH5K3PE.jpg|https://media.getedealer.com/w_1280,h_960,q_90,c_l,v1/inventory/FQIMRRACOFF2FBT4TXEYHC7RAQ.jpg",10-02-2025 08:13,FALSE
g5JXS7yzTf2T0qDda8dM5A,CHILLIWACK MITSUBISHI,,+1 672-784-5040,45510 Yale Rd,Chilliwack,BC,V2P 2M9,49.151131,-121.963743,W2WtjQMOROqPMgwyb7S7bA,JA4J4UA81NZ609776,UU609776,USED,2022,Mitsubishi,Outlander,SE,SE S-AWC,31950,72134,SUV,Silver,,4,,Automatic,4Ã—4,2.5,4,Gasoline,,Air Conditioning|Alloy Wheels|Backup Camera|Bluetooth Connection|Brake Assist|Cruise Control|Heated Seats|Keyless Entry|Lane Assist|Parking Sensors|Power Windows|Satellite Radio|Smart Device Integration|Sunroof / Moonroof,"https://media.getedealer.com/w_1280,h_960,q_90,c_l,v1/inventory/ZYDOG4M6A5GENKKMB4KOBXNREA.jpg|https://media.getedealer.com/w_1280,h_960,q_90,c_l,v1/inventory/NUENV64ASBBFLFWOTV34NRE5LM.jpg|https://media.getedealer.com/w_1280,h_960,q_90,c_l,v1/inventory/YNNJKDUMRZC4NDHSXR3RFYPI2M.jpg|https://media.getedealer.com/w_1280,h_960,q_90,c_l,v1/inventory/QNIAFERXWNA3XENQU365WTFXUY.jpg|https://media.getedealer.com/w_1280,h_960,q_90,c_l,v1/inventory/XSGCY7RLU5FSZHBTTIZ6XFVBXQ.jpg|https://media.getedealer.com/w_1280,h_960,q_90,c_l,v1/inventory/73QPDLAZVZA3LNSF7A3AKECRMA.jpg|https://media.getedealer.com/w_1280,h_960,q_90,c_l,v1/inventory/TINMWIDU35BGPPMGGV6KUA2YAY.jpg|https://media.getedealer.com/w_1280,h_960,q_90,c_l,v1/inventory/YPEJ2VLXPVB2JBEI37IE6XEWNA.jpg|https://media.getedealer.com/w_1280,h_960,q_90,c_l,v1/inventory/6EZTQTOTP5CODFGVQLK62VUIVY.jpg|https://media.getedealer.com/w_1280,h_960,q_90,c_l,v1/inventory/2ZN3QX4LZ5FDJEW4WDUW22HM5Q.jpg|https://media.getedealer.com/w_1280,h_960,q_90,c_l,v1/inventory/3IJDFHX7JZGW7I6I5OJDYAYIZY.jpg|https://media.getedealer.com/w_1280,h_960,q_90,c_l,v1/inventory/CPGLHKEBMRF5PHM74FVMQ5AXUA.jpg|https://media.getedealer.com/w_1280,h_960,q_90,c_l,v1/inventory/QBDSPEMQMFE23C4W4QR5FC7FJM.jpg|https://media.getedealer.com/w_1280,h_960,q_90,c_l,v1/inventory/EBXRAUVCM5DV3IWGEUASFOUNPA.jpg|https://media.getedealer.com/w_1280,h_960,q_90,c_l,v1/inventory/AW6D4BWDN5ANTBV2S6RSPIJYJI.jpg|https://media.getedealer.com/w_1280,h_960,q_90,c_l,v1/inventory/UK5PUGJJDVCMRJFKCWM6UAFLQA.jpg|https://media.getedealer.com/w_1280,h_960,q_90,c_l,v1/inventory/LOVTIXMXJZH7HJNSS7B7XBJDCM.jpg|https://media.getedealer.com/w_1280,h_960,q_90,c_l,v1/inventory/D3E2LZGVKRBPHLYEDYFFEFV65E.jpg|https://media.getedealer.com/w_1280,h_960,q_90,c_l,v1/inventory/JFHNWPKF25BGLDONE76ULRX5JI.jpg|https://media.getedealer.com/w_1280,h_960,q_90,c_l,v1/inventory/A4BWKTLAURHJLL3U5TVT6GEWMY.jpg|https://media.getedealer.com/w_1280,h_960,q_90,c_l,v1/inventory/KPLLTHX5NFBBLNLWEXCGJQSGNA.jpg|https://media.getedealer.com/w_1280,h_960,q_90,c_l,v1/inventory/LZGVA7XSZRG7XGV2FQ2NCA24Z4.jpg|https://media.getedealer.com/w_1280,h_960,q_90,c_l,v1/inventory/6L7TJNYR6JE2VGCKFQXCHSGPKM.jpg|https://media.getedealer.com/w_1280,h_960,q_90,c_l,v1/inventory/PKFSV7JULJCRVNQFCGFPYEB24M.jpg|https://media.getedealer.com/w_1280,h_960,q_90,c_l,v1/inventory/6QJ6Y3EK25DRPD4ZZY4JU3JJIE.jpg",12-12-2025 07:32,FALSE
g5JXS7yzTf2T0qDda8dM5A,CHILLIWACK MITSUBISHI,,+1 672-784-5040,45510 Yale Rd,Chilliwack,BC,V2P 2M9,49.151131,-121.963743,WCKfghxaQgqqanEARlXeOw,JA4T5UA99SZ611205,MI611205,NEW,2025,Mitsubishi,Outlander Plug-In Hybrid,ES,ES S-AWC,45498,30,SUV,Black,,4,,Automatic,4Ã—4,2.4,4,Gasoline / Electric Hybrid,,Air Conditioning|Alloy Wheels|Backup Camera|Bluetooth Connection|Brake Assist|Cruise Control|Heated Seats|Keyless Entry|Lane Assist|Parking Sensors|Power Windows|Satellite Radio|Smart Device Integration,"https://media.getedealer.com/w_1280,h_960,q_90,c_l,v1/inventory/2BCT6XUMCREXPCNGVRAAL3I4ZA.jpg|https://media.getedealer.com/w_1280,h_960,q_90,c_l,v1/inventory/6L3RPI7WABC6LKWFHYBYTS325M.jpg|https://media.getedealer.com/w_1280,h_960,q_90,c_l,v1/inventory/6TTJKWFCTZATLEHG347F6BTUT4.jpg|https://media.getedealer.com/w_1280,h_960,q_90,c_l,v1/inventory/J4X67K6R7RHS5NYTH5K6JQUFFE.jpg|https://media.getedealer.com/w_1280,h_960,q_90,c_l,v1/inventory/OCS67Z7HURC5LDAHVT36XNAMYM.jpg|https://media.getedealer.com/w_1280,h_960,q_90,c_l,v1/inventory/7QAHEJJURREN7G5JDJIDZXSOVU.jpg|https://media.getedealer.com/w_1280,h_960,q_90,c_l,v1/inventory/P7QBXRZW25GR7NMXFNL7BN44KY.jpg|https://media.getedealer.com/w_1280,h_960,q_90,c_l,v1/inventory/VCDGAPPHMFG7JJFEBR2JGIEGQE.jpg|https://media.getedealer.com/w_1280,h_960,q_90,c_l,v1/inventory/OR22FM2YJ5HK5HDM3DKYA2O2IU.jpg|https://media.getedealer.com/w_1280,h_960,q_90,c_l,v1/inventory/IZFSR4ZCQ5FRPJR2DEWZM47KHM.jpg|https://media.getedealer.com/w_1280,h_960,q_90,c_l,v1/inventory/TVIPWSITVRGAXNFDYTSWN2G4FI.jpg|https://media.getedealer.com/w_1280,h_960,q_90,c_l,v1/inventory/VLTD5LNI2VDJTGNHZFTFOWD7RQ.jpg|https://media.getedealer.com/w_1280,h_960,q_90,c_l,v1/inventory/RKJCCCAAOJCFHHJU3GGDQWAOGM.jpg|https://media.getedealer.com/w_1280,h_960,q_90,c_l,v1/inventory/R5HF44UYWFH2HJPTU5VSGG2SPQ.jpg|https://media.getedealer.com/w_1280,h_960,q_90,c_l,v1/inventory/FQAJQY2RAZBDVO3CWNYMZRXVPI.jpg|https://media.getedealer.com/w_1280,h_960,q_90,c_l,v1/inventory/5RJ3HWDXJNBHRLRB3THN2L6DFY.jpg|https://media.getedealer.com/w_1280,h_960,q_90,c_l,v1/inventory/ZFZXD4JXDBFQZHLRROKYGR4N54.jpg|https://media.getedealer.com/w_1280,h_960,q_90,c_l,v1/inventory/7VPQCIOWEZBVZAFKB2EGRSHHZE.jpg|https://media.getedealer.com/w_1280,h_960,q_90,c_l,v1/inventory/LQXNMZ3PHVG5VPM4OH6T3K7EVY.jpg|https://media.getedealer.com/w_1280,h_960,q_90,c_l,v1/inventory/HXS3BDXSIVAENBVEGHUVAISQ7I.jpg|https://media.getedealer.com/w_1280,h_960,q_90,c_l,v1/inventory/XYG45O77TRHLRB4UETT2QV2CV4.jpg|https://media.getedealer.com/w_1280,h_960,q_90,c_l,v1/inventory/T5YXRM3HINBKBLLHYGADW4QTMI.jpg|https://media.getedealer.com/w_1280,h_960,q_90,c_l,v1/inventory/EUO7RTYGOFE65HK7YFAY2GMLMU.jpg|https://media.getedealer.com/w_1280,h_960,q_90,c_l,v1/inventory/HMYWILHGYNBNDFGQCXI5NWAWQI.jpg",10-02-2025 08:15,FALSE
g5JXS7yzTf2T0qDda8dM5A,CHILLIWACK MITSUBISHI,,+1 672-784-5040,45510 Yale Rd,Chilliwack,BC,V2P 2M9,49.151131,-121.963743,WKNH5XqrT9OviTJZOwxE2w,1B3HB48B57D197715,VA197715,USED,2007,Dodge,Caliber,SXT,4dr HB SXT FWD,2950,187000,Van,,,4,,Manual,FWD,2,4,Gasoline,,Air Conditioning|Keyless Entry|Power Windows,"https://media.getedealer.com/w_1280,h_960,q_90,c_l,v1/inventory/T5LBICO73JH2NLM55MUIF5ENQE.jpg|https://media.getedealer.com/w_1280,h_960,q_90,c_l,v1/inventory/Q4KVB5YKPZG5XFGTQ36ZWBKAXE.jpg|https://media.getedealer.com/w_1280,h_960,q_90,c_l,v1/inventory/QKFJOPQFJJAQNPYAJ2Q66ZH7EI.jpg|https://media.getedealer.com/w_1280,h_960,q_90,c_l,v1/inventory/TRY4AIDNGFBLFGKPIUNUCHVKCI.jpg|https://media.getedealer.com/w_1280,h_960,q_90,c_l,v1/inventory/5NH25PVOCJEW7LBIO66TRLMJN4.jpg|https://media.getedealer.com/w_1280,h_960,q_90,c_l,v1/inventory/ZW4VLBG6ANBRHBLX64VAT2UE24.jpg|https://media.getedealer.com/w_1280,h_960,q_90,c_l,v1/inventory/2J5WUCFLGZHLDCIYW7HB2AXXJQ.jpg|https://media.getedealer.com/w_1280,h_960,q_90,c_l,v1/inventory/WHEI4TSYA5CFPJEGVIOXRXKU5M.jpg|https://media.getedealer.com/w_1280,h_960,q_90,c_l,v1/inventory/2A327M4GJJB3TDD52VGJL4THNI.jpg|https://media.getedealer.com/w_1280,h_960,q_90,c_l,v1/inventory/OKH4CIBUHJGCXPSHHXNRAZSMRA.jpg|https://media.getedealer.com/w_1280,h_960,q_90,c_l,v1/inventory/CZYP6XJETREL3JATHB77CETEPY.jpg|https://media.getedealer.com/w_1280,h_960,q_90,c_l,v1/inventory/SCPNXPD3IZHCZDDLNPPOTG3TI4.jpg|https://media.getedealer.com/w_1280,h_960,q_90,c_l,v1/inventory/GEKSNDLOOJGI5L27VE36PJQGF4.jpg|https://media.getedealer.com/w_1280,h_960,q_90,c_l,v1/inventory/2VVLGGANCZFEBBXEULW6L5OSZI.jpg|https://media.getedealer.com/w_1280,h_960,q_90,c_l,v1/inventory/G4DUEA5QFBFJVPZBPIT2AQ6KOA.jpg|https://media.getedealer.com/w_1280,h_960,q_90,c_l,v1/inventory/VUAMHLSD6JCGFKZ457JFCM5XGI.jpg|https://media.getedealer.com/w_1280,h_960,q_90,c_l,v1/inventory/GYOCOKUMQJEMDBQ5C37D4MKP5M.jpg|https://media.getedealer.com/w_1280,h_960,q_90,c_l,v1/inventory/TXFNGUIEEJGJVCQYQO6DHUTNEI.jpg|https://media.getedealer.com/w_1280,h_960,q_90,c_l,v1/inventory/E5LSK3GL5ZFDZGMD4PNADKJ6U4.jpg|https://media.getedealer.com/w_1280,h_960,q_90,c_l,v1/inventory/CGQJPHVSGRBVXNYO5MKXKNK7IM.jpg|https://media.getedealer.com/w_1280,h_960,q_90,c_l,v1/inventory/G6JYMHQD6JD5TBDZFFFN5PHZYY.jpg|https://media.getedealer.com/w_1280,h_960,q_90,c_l,v1/inventory/VWGUQR3O45GUNEXL2SRBQDYCLQ.jpg|https://media.getedealer.com/w_1280,h_960,q_90,c_l,v1/inventory/SKF7C4RZXJDWPOMBTSDQMOZ2TE.jpg",10-02-2025 08:12,FALSE
g5JXS7yzTf2T0qDda8dM5A,CHILLIWACK MITSUBISHI,,+1 672-784-5040,45510 Yale Rd,Chilliwack,BC,V2P 2M9,49.151131,-121.963743,WKzRlMhfQz6kB1LpDxrbPQ,JA4J4VA84SZ621423,MI621423,NEW,2025,Mitsubishi,Outlander,SEL,SEL S-AWC,44598,30,SUV,White,,4,,Automatic,4Ã—4,2.5,4,Gasoline,,Air Conditioning|Alloy Wheels|Backup Camera|Bluetooth Connection|Brake Assist|Cruise Control|Heated Seats|Keyless Entry|Lane Assist|Parking Sensors|Power Windows|Satellite Radio|Smart Device Integration|Sunroof / Moonroof,"https://media.getedealer.com/w_1280,h_960,q_90,c_l,v1/inventory/OKRD364KYZBOTB4W7SSIYQYCPQ.jpg|https://media.getedealer.com/w_1280,h_960,q_90,c_l,v1/inventory/FQ3KMAGSPBDMDPDCJ3UZEAJ6TE.jpg|https://media.getedealer.com/w_1280,h_960,q_90,c_l,v1/inventory/AO7IXR7WBVEGPJEPM7D4M7ABUM.jpg|https://media.getedealer.com/w_1280,h_960,q_90,c_l,v1/inventory/LBHFUHLXPNFPVIZ4FXG2YT3XUM.jpg|https://media.getedealer.com/w_1280,h_960,q_90,c_l,v1/inventory/2MCGAJMILJHN5BXF2LIDNZ2C5A.jpg|https://media.getedealer.com/w_1280,h_960,q_90,c_l,v1/inventory/D3HPVG3DSFAVLD2PCZ3NMSRL7I.jpg|https://media.getedealer.com/w_1280,h_960,q_90,c_l,v1/inventory/G6SKVLEV65BXPKGWK37OBQKEGI.jpg|https://media.getedealer.com/w_1280,h_960,q_90,c_l,v1/inventory/TFEVHXGLOBB7ZLOCW5SPEQIYM4.jpg|https://media.getedealer.com/w_1280,h_960,q_90,c_l,v1/inventory/PJ42ROMXSBGNTJDYCKDSKUXR4I.jpg|https://media.getedealer.com/w_1280,h_960,q_90,c_l,v1/inventory/WK7XIJ76SBAVPOKMCSMQ53ZJ2I.jpg|https://media.getedealer.com/w_1280,h_960,q_90,c_l,v1/inventory/Q2TBBY2SURBTPGVWVY3KDLBG3A.jpg|https://media.getedealer.com/w_1280,h_960,q_90,c_l,v1/inventory/U4MEO7M255CYVBGJQEZ5FJHR3U.jpg|https://media.getedealer.com/w_1280,h_960,q_90,c_l,v1/inventory/A5UCNLL5BREGNKSK5AGCTWFC5E.jpg|https://media.getedealer.com/w_1280,h_960,q_90,c_l,v1/inventory/6DF24BJSRJEYXMAP5XEBA5TSOM.jpg|https://media.getedealer.com/w_1280,h_960,q_90,c_l,v1/inventory/QUFOZO733VBGBGXBMU6BM4UKVY.jpg|https://media.getedealer.com/w_1280,h_960,q_90,c_l,v1/inventory/3Z2Y5HCCTNB6FLSNN4JEA222V4.jpg|https://media.getedealer.com/w_1280,h_960,q_90,c_l,v1/inventory/UR2LRBOEWNF2VP5QEUQ7X6FCGY.jpg|https://media.getedealer.com/w_1280,h_960,q_90,c_l,v1/inventory/HX65ZAZKORDRDIUJMIOAM7WWJU.jpg|https://media.getedealer.com/w_1280,h_960,q_90,c_l,v1/inventory/FIRBTWYYJRANNJL6MO2A623CKI.jpg|https://media.getedealer.com/w_1280,h_960,q_90,c_l,v1/inventory/634EXDNLJJCODMMZWHKWNHVTMI.jpg|https://media.getedealer.com/w_1280,h_960,q_90,c_l,v1/inventory/2RVY44GTXBE6BHAQR4C45NCBOY.jpg|https://media.getedealer.com/w_1280,h_960,q_90,c_l,v1/inventory/V42UBVAZDVEPDAREUZCQJIRBCI.jpg|https://media.getedealer.com/w_1280,h_960,q_90,c_l,v1/inventory/33CKSVEXAFBSHIHJQETBUSYQ7U.jpg|https://media.getedealer.com/w_1280,h_960,q_90,c_l,v1/inventory/C2GZM6BMVNE47PGJ26C6DMUAWQ.jpg",10-02-2025 08:14,FALSE
g5JXS7yzTf2T0qDda8dM5A,CHILLIWACK MITSUBISHI,,+1 672-784-5040,45510 Yale Rd,Chilliwack,BC,V2P 2M9,49.151131,-121.963743,WUq0rgApQxG9G6TEuwcXJg,2GNAXHEV5J6186105,UU186105,USED,2018,Chevrolet,Equinox,LS,4dr LS w/1LS,19800,107039,SUV,Green,,4,,Automatic,FWD,1.5,4,Gasoline,,Air Conditioning|Alloy Wheels|Backup Camera|Bluetooth Connection|Cruise Control|Heated Seats|Keyless Entry|Power Windows|Remote Start|Smart Device Integration|Wi-Fi Hotspot,"https://media.getedealer.com/w_1280,h_960,q_90,c_l,v1/inventory/Q5QMAPW6URDOPNIDUU55QFFZVU.jpg|https://media.getedealer.com/w_1280,h_960,q_90,c_l,v1/inventory/EBWWVCXKKNGSFHL2JQVS3Z6PVY.jpg|https://media.getedealer.com/w_1280,h_960,q_90,c_l,v1/inventory/FIPXZ4VOMRHTDNZUEZ5X3X7ZJY.jpg|https://media.getedealer.com/w_1280,h_960,q_90,c_l,v1/inventory/JDK23DDISNG3HGQNYDCM4HGDDE.jpg|https://media.getedealer.com/w_1280,h_960,q_90,c_l,v1/inventory/QGZKFIDWEFAK7JJ2I4EOS2TVNI.jpg|https://media.getedealer.com/w_1280,h_960,q_90,c_l,v1/inventory/FJTZZ6TDIJB53GSUK7DV353FKU.jpg|https://media.getedealer.com/w_1280,h_960,q_90,c_l,v1/inventory/OZBV2DKGHJBL5PC6P3GXFDJM5U.jpg|https://media.getedealer.com/w_1280,h_960,q_90,c_l,v1/inventory/SOX6RZBHH5EJ3GXYR3IXK4FS5A.jpg|https://media.getedealer.com/w_1280,h_960,q_90,c_l,v1/inventory/Z7YGREVJIFGTLDCSTU64FOADSI.jpg|https://media.getedealer.com/w_1280,h_960,q_90,c_l,v1/inventory/QQ57ROASMBB2JDTY26JMGTI2KY.jpg|https://media.getedealer.com/w_1280,h_960,q_90,c_l,v1/inventory/PQALVFJ5FNBXLGRFFNALK7WMZI.jpg|https://media.getedealer.com/w_1280,h_960,q_90,c_l,v1/inventory/7YUOYF7MF5BP5GQHH6RGSWYDDQ.jpg|https://media.getedealer.com/w_1280,h_960,q_90,c_l,v1/inventory/GN3I2SX4JBH7PJJQ3IKAX5E6BM.jpg|https://media.getedealer.com/w_1280,h_960,q_90,c_l,v1/inventory/JHDI2E5HO5FBTEDHVI45VGPDSQ.jpg|https://media.getedealer.com/w_1280,h_960,q_90,c_l,v1/inventory/DHS7Y7CAT5D7NCIUST75HY6ZAE.jpg|https://media.getedealer.com/w_1280,h_960,q_90,c_l,v1/inventory/ZU5S2OSCE5AO3C6MY7U2BGOCLI.jpg|https://media.getedealer.com/w_1280,h_960,q_90,c_l,v1/inventory/DZAYLOSFFVBNZLZ5RIQSCHAKTQ.jpg|https://media.getedealer.com/w_1280,h_960,q_90,c_l,v1/inventory/S3XMDBLZF5CXZKSTCYH7LX3XQ4.jpg|https://media.getedealer.com/w_1280,h_960,q_90,c_l,v1/inventory/ZNKFTFLKAZFNDKUOQNNZUW6PXE.jpg|https://media.getedealer.com/w_1280,h_960,q_90,c_l,v1/inventory/XCVYUUC36FFHFI2UFGNLJX4A4Q.jpg|https://media.getedealer.com/w_1280,h_960,q_90,c_l,v1/inventory/RKXI3P2A6JH7HFTWRRCLPLYYGU.jpg|https://media.getedealer.com/w_1280,h_960,q_90,c_l,v1/inventory/6FRFBEXEUZDMZF4A6ATFIDOJVA.jpg|https://media.getedealer.com/w_1280,h_960,q_90,c_l,v1/inventory/PXZQM4NQWNBELA6BCE7HCO7JME.jpg|https://media.getedealer.com/w_1280,h_960,q_90,c_l,v1/inventory/D2HZHKPRGBB4VMRHWFYAT3IRKY.jpg|https://media.getedealer.com/w_1280,h_960,q_90,c_l,v1/inventory/27F23WCJGNGANJUML4XADULK7I.jpg",10-02-2025 08:13,FALSE
g5JXS7yzTf2T0qDda8dM5A,CHILLIWACK MITSUBISHI,,+1 672-784-5040,45510 Yale Rd,Chilliwack,BC,V2P 2M9,49.151131,-121.963743,X3Yfi9YWQg6veTCxMKeayw,3KPA35AD3PE548506,UU548506,USED,2023,Kia,Rio 5-door,EX Premium,EX Premium IVT,21250,49209,Sedan,White,Black,4,,Automatic,FWD,1.6,4,Gasoline,,Air Conditioning|Alloy Wheels|Backup Camera|Bluetooth Connection|Brake Assist|Cruise Control|Heated Seats|Keyless Entry|Lane Assist|Power Windows|Remote Start|Satellite Radio|Smart Device Integration|Sunroof / Moonroof,"https://media.getedealer.com/w_1280,h_960,q_90,c_l,v1/inventory/FZ4UXZX6XBEMHHWV4EFSQ3ICRE.jpg|https://media.getedealer.com/w_1280,h_960,q_90,c_l,v1/inventory/A5ENRKKV55GHLCQOT7VPBNIOOI.jpg|https://media.getedealer.com/w_1280,h_960,q_90,c_l,v1/inventory/GLZU3DAB3FHSZF7MWUS2P2ID2U.jpg|https://media.getedealer.com/w_1280,h_960,q_90,c_l,v1/inventory/CAFKCRKQLRFG3KGLWEFVATUWZM.jpg|https://media.getedealer.com/w_1280,h_960,q_90,c_l,v1/inventory/UAB6GVV5K5FSVAX57KF2JBFVQU.jpg|https://media.getedealer.com/w_1280,h_960,q_90,c_l,v1/inventory/MY2FVCOM5VFPLKFRWQYN6KDO6I.jpg|https://media.getedealer.com/w_1280,h_960,q_90,c_l,v1/inventory/NU3TJ7TUYZGAFK4G4DO3QV7JNE.jpg|https://media.getedealer.com/w_1280,h_960,q_90,c_l,v1/inventory/YIMZ5EKILFFIXAT5OO5A67Z6Y4.jpg|https://media.getedealer.com/w_1280,h_960,q_90,c_l,v1/inventory/5E3OOOCOZ5HTHN2VOL5CK2AJCQ.jpg|https://media.getedealer.com/w_1280,h_960,q_90,c_l,v1/inventory/SZHBX2DUMJFPTFETEC4GDDNVAY.jpg|https://media.getedealer.com/w_1280,h_960,q_90,c_l,v1/inventory/UK4WHDSXWJERRAOIXI4QIY4F5Y.jpg|https://media.getedealer.com/w_1280,h_960,q_90,c_l,v1/inventory/6JAMFVHK3JCK3KICUMV7NX2HPQ.jpg|https://media.getedealer.com/w_1280,h_960,q_90,c_l,v1/inventory/CJ56YG6XHBGA5MCKHWN3YVHDK4.jpg|https://media.getedealer.com/w_1280,h_960,q_90,c_l,v1/inventory/3NNJOME7PZAC5NJDGC3HYEVV2Y.jpg|https://media.getedealer.com/w_1280,h_960,q_90,c_l,v1/inventory/KDCDWH7LPRH2XAHONTRQWMBUKM.jpg|https://media.getedealer.com/w_1280,h_960,q_90,c_l,v1/inventory/D2FI3Z4F5RENHBCEP5ROXSY6NQ.jpg|https://media.getedealer.com/w_1280,h_960,q_90,c_l,v1/inventory/AMMTXJP4ONFLDCAHKUPB3CGD6E.jpg|https://media.getedealer.com/w_1280,h_960,q_90,c_l,v1/inventory/IY77JM3OOZD7RKQYBQSSGMNK44.jpg|https://media.getedealer.com/w_1280,h_960,q_90,c_l,v1/inventory/YW6RNNKJ6ZG7VBPDWUK2Q3BJNY.jpg|https://media.getedealer.com/w_1280,h_960,q_90,c_l,v1/inventory/7QFGBMIOTREIFFTYIUGFEXB5P4.jpg|https://media.getedealer.com/w_1280,h_960,q_90,c_l,v1/inventory/UEFK76EHGVCCRO3IQNY5I4OTKQ.jpg|https://media.getedealer.com/w_1280,h_960,q_90,c_l,v1/inventory/AP54JXJ6RVC6XKS7AMYESXFEQI.jpg|https://media.getedealer.com/w_1280,h_960,q_90,c_l,v1/inventory/DA3S224ZR5DYFFFYCOQ5U3TXXM.jpg|https://media.getedealer.com/w_1280,h_960,q_90,c_l,v1/inventory/NPNPLAJEBVA63JE4UGOVBLJJBQ.jpg|https://media.getedealer.com/w_1280,h_960,q_90,c_l,v1/inventory/RFO4XNX3Z5F27M5JH2CO5UNHKU.jpg",10-02-2025 08:13,FALSE
g5JXS7yzTf2T0qDda8dM5A,CHILLIWACK MITSUBISHI,,+1 672-784-5040,45510 Yale Rd,Chilliwack,BC,V2P 2M9,49.151131,-121.963743,XNcEA6ZDSpuQNKThifCtWw,JA4AJVAW8TU602265,MI602265,NEW,2026,Mitsubishi,RVR,SEL,SEL AWC,33373,30,SUV,White,,4,,Automatic,4Ã—4,2.4,4,Gasoline,,Air Conditioning|Alloy Wheels|Backup Camera|Bluetooth Connection|Brake Assist|Cruise Control|Heated Seats|Keyless Entry|Lane Assist|Power Windows|Satellite Radio|Smart Device Integration,"https://media.getedealer.com/w_1280,h_960,q_90,c_l,v1/inventory/BR3FEKGLJFHI3NLERJ3POL6IAU.jpg|https://media.getedealer.com/w_1280,h_960,q_90,c_l,v1/inventory/XLYCVEA56JDDVE3GLHD3CTSITE.jpg|https://media.getedealer.com/w_1280,h_960,q_90,c_l,v1/inventory/H2QM2NPKQZFJVN4FH7SZLVH22U.jpg|https://media.getedealer.com/w_1280,h_960,q_90,c_l,v1/inventory/DZMOVGKRL5GKPBNAOWQSQIRSJQ.jpg|https://media.getedealer.com/w_1280,h_960,q_90,c_l,v1/inventory/4XJZD6MJYZBG3IFS2KTU4RROUM.jpg|https://media.getedealer.com/w_1280,h_960,q_90,c_l,v1/inventory/237SRLA2OBEYZADQYHLXSROU34.jpg|https://media.getedealer.com/w_1280,h_960,q_90,c_l,v1/inventory/W2FSA37BCBGCFOHOQC5JQGDTX4.jpg|https://media.getedealer.com/w_1280,h_960,q_90,c_l,v1/inventory/QN26Z4GQ5REQVETJTMM7RLOIJ4.jpg|https://media.getedealer.com/w_1280,h_960,q_90,c_l,v1/inventory/2L5WZNILQVFQ7DLSWACPN367FM.jpg|https://media.getedealer.com/w_1280,h_960,q_90,c_l,v1/inventory/C3OYUTHBQZFLHJQYIXWN34ISWQ.jpg|https://media.getedealer.com/w_1280,h_960,q_90,c_l,v1/inventory/LIOKS2MNTNFGFETUE4VPVCWFDE.jpg|https://media.getedealer.com/w_1280,h_960,q_90,c_l,v1/inventory/ADR3HNRB3BE37AAXXCZPTBXG3Y.jpg|https://media.getedealer.com/w_1280,h_960,q_90,c_l,v1/inventory/2XEE3JPASFGT7OKS2BLIH7XTLA.jpg|https://media.getedealer.com/w_1280,h_960,q_90,c_l,v1/inventory/FU4RWXCHERDUZA2QIXZK55JHBA.jpg|https://media.getedealer.com/w_1280,h_960,q_90,c_l,v1/inventory/CD6LHATWP5DYPBDUDSYEV3PPYU.jpg|https://media.getedealer.com/w_1280,h_960,q_90,c_l,v1/inventory/QDEF6EDMD5HRBPDM4R2UXGKEPY.jpg|https://media.getedealer.com/w_1280,h_960,q_90,c_l,v1/inventory/37SRSWBL3VCQJKM6PWY3AZ6YGA.jpg|https://media.getedealer.com/w_1280,h_960,q_90,c_l,v1/inventory/VLS6VMYR4JEOJM46VXLE5PVTTQ.jpg|https://media.getedealer.com/w_1280,h_960,q_90,c_l,v1/inventory/524HYUSAMZDKNMC2TZBKNDPIVY.jpg|https://media.getedealer.com/w_1280,h_960,q_90,c_l,v1/inventory/EXLK2IXCBFCT7FQ5Y66I6LBIT4.jpg|https://media.getedealer.com/w_1280,h_960,q_90,c_l,v1/inventory/YTXDIBBTAJBF5GMIRRNNWLP2NE.jpg|https://media.getedealer.com/w_1280,h_960,q_90,c_l,v1/inventory/L26XQENY35BSHEB6XGGY7SPDDI.jpg|https://media.getedealer.com/w_1280,h_960,q_90,c_l,v1/inventory/G4NPDR35SRARDNGNHXKLIZ4PWU.jpg|https://media.getedealer.com/w_1280,h_960,q_90,c_l,v1/inventory/E533LM2OFZFFXNO3XIXJ75ZQUA.jpg",12/19/2025 7:33:36,FALSE
g5JXS7yzTf2T0qDda8dM5A,CHILLIWACK MITSUBISHI,,+1 672-784-5040,45510 Yale Rd,Chilliwack,BC,V2P 2M9,49.151131,-121.963743,XVCNSf3lTKqbo3NMG9pjMQ,4T1G11AK4MU446793,UU446793,USED,2021,Toyota,Camry,SE,SE Auto,30600,73350,Sedan,White,,4,,Automatic,FWD,2.5,4,Gasoline,,Air Conditioning|Alloy Wheels|Backup Camera|Bluetooth Connection|Brake Assist|Cruise Control|Heated Seats|Keyless Entry|Lane Assist|Power Seats|Power Windows|Smart Device Integration,"https://media.getedealer.com/w_1280,h_960,q_90,c_l,v1/inventory/YCQDGGJ7NRDOZBNGWLIANGMEXM.jpg|https://media.getedealer.com/w_1280,h_960,q_90,c_l,v1/inventory/FBFPWBXURRBNPNVAQPDUWAU5YQ.jpg|https://media.getedealer.com/w_1280,h_960,q_90,c_l,v1/inventory/75XPGVVYGVHBVIQ7V2RMMPJYDQ.jpg|https://media.getedealer.com/w_1280,h_960,q_90,c_l,v1/inventory/X5WDDCXJOJENPE56SYILEUIOQI.jpg|https://media.getedealer.com/w_1280,h_960,q_90,c_l,v1/inventory/SY2BRYIDAJE6NDJMK3KDGXI2YA.jpg|https://media.getedealer.com/w_1280,h_960,q_90,c_l,v1/inventory/GGNSD775IBHJFGLGWRYJ3BMC4M.jpg|https://media.getedealer.com/w_1280,h_960,q_90,c_l,v1/inventory/3JNNPRDZVNBUVH6EEZYBUKLQYM.jpg|https://media.getedealer.com/w_1280,h_960,q_90,c_l,v1/inventory/EG4RX5AVIJA6HCTVML6OWMR7WY.jpg|https://media.getedealer.com/w_1280,h_960,q_90,c_l,v1/inventory/AAAW32QYM5H23EDC4XTNLER5V4.jpg|https://media.getedealer.com/w_1280,h_960,q_90,c_l,v1/inventory/TIBV6PL43ZGILPZQRHPGKZSNWQ.jpg|https://media.getedealer.com/w_1280,h_960,q_90,c_l,v1/inventory/NQE5LQO7BJGMBEVQ4M7GGRIHNU.jpg|https://media.getedealer.com/w_1280,h_960,q_90,c_l,v1/inventory/IZLA4ATNERERPEEJEMCUT7OPM4.jpg|https://media.getedealer.com/w_1280,h_960,q_90,c_l,v1/inventory/UFEUEE2O7JGQNA676HGOHJPBLM.jpg|https://media.getedealer.com/w_1280,h_960,q_90,c_l,v1/inventory/IHTAVWTU2JEUBBRCQXCKS7I7GU.jpg|https://media.getedealer.com/w_1280,h_960,q_90,c_l,v1/inventory/DFPWMXDXKNHEJJ6TXI52WKKOOQ.jpg|https://media.getedealer.com/w_1280,h_960,q_90,c_l,v1/inventory/FUF4XGP3DJARBPGUWWOWZ4DYP4.jpg|https://media.getedealer.com/w_1280,h_960,q_90,c_l,v1/inventory/5NFZKZDP55EIVIH7ZPZWR5TVEE.jpg|https://media.getedealer.com/w_1280,h_960,q_90,c_l,v1/inventory/PYFNOSLABNH25GFMZ7TY64W2O4.jpg|https://media.getedealer.com/w_1280,h_960,q_90,c_l,v1/inventory/6N4EVKTWYVAYXFYX32VX5737LY.jpg|https://media.getedealer.com/w_1280,h_960,q_90,c_l,v1/inventory/OZU7JCCFBJA6BMLHE6N6EVZRAE.jpg|https://media.getedealer.com/w_1280,h_960,q_90,c_l,v1/inventory/M3ZCKBUKRZDFDOZ3YMOGMQRAWQ.jpg|https://media.getedealer.com/w_1280,h_960,q_90,c_l,v1/inventory/MU5E7SE7XFE5JHDZT37I5RL2RM.jpg|https://media.getedealer.com/w_1280,h_960,q_90,c_l,v1/inventory/YHVLO3OP7NCFNP5SDRNI7SHCXM.jpg|https://media.getedealer.com/w_1280,h_960,q_90,c_l,v1/inventory/K6UECT4BKFBELDZ4QRDC5DPUOY.jpg|https://media.getedealer.com/w_1280,h_960,q_90,c_l,v1/inventory/CGDFVWLQ5ZEPVLROZBOFMIXR6A.jpg",10-02-2025 08:13,FALSE
g5JXS7yzTf2T0qDda8dM5A,CHILLIWACK MITSUBISHI,,+1 672-784-5040,45510 Yale Rd,Chilliwack,BC,V2P 2M9,49.151131,-121.963743,XabAZrddR4GmNqhmX9yWGg,JTDKDTB38J1607605,UU607605,USED,2018,Toyota,Prius c,Technology,Technology Auto,,139037,Sedan,,,4,,Automatic,FWD,1.5,4,Gasoline / Electric Hybrid,,Air Conditioning|Backup Camera|Bluetooth Connection|Brake Assist|Keyless Entry|Lane Assist|Power Windows,,01-10-2026 08:07,FALSE
g5JXS7yzTf2T0qDda8dM5A,CHILLIWACK MITSUBISHI,,+1 672-784-5040,45510 Yale Rd,Chilliwack,BC,V2P 2M9,49.151131,-121.963743,XhWpxQD7SlOiEz22Lf6EMw,KM8SNDHF6GU160148,VA160148,USED,2016,Hyundai,Santa Fe XL,Limited Adventure Edition,AWD 4dr 3.3L Auto Limited Adventure Ed,18250,149969,SUV,Gray,Black,4,,Automatic,AWD,3.3,6,Gasoline,,Air Conditioning|Alloy Wheels|Backup Camera|Bluetooth Connection|Brake Assist|Cooled Seats|Cruise Control|Heated Seats|Keyless Entry|Lane Assist|Leather Seats|Navigation System|Parking Sensors|Power Seats|Power Windows|Remote Start|Satellite Radio|Sunroof / Moonroof,"https://media.getedealer.com/w_1280,h_960,q_90,c_l,v1/inventory/NBF5K6RPRNB5ZNM4PZGXBQZDVM.jpg|https://media.getedealer.com/w_1280,h_960,q_90,c_l,v1/inventory/UVL32SZXSZBGTJGDGT6EKJKIPU.jpg|https://media.getedealer.com/w_1280,h_960,q_90,c_l,v1/inventory/X7MINX6FK5DP3A3HB5YP27GC6Q.jpg|https://media.getedealer.com/w_1280,h_960,q_90,c_l,v1/inventory/LVRZB656C5BXLPPPFYZYBQEBWE.jpg|https://media.getedealer.com/w_1280,h_960,q_90,c_l,v1/inventory/YBMSDUO63BBQJPUSHU7RFZUCDE.jpg|https://media.getedealer.com/w_1280,h_960,q_90,c_l,v1/inventory/66UHCJKNNNGVXCFCWNCWXPLF4I.jpg|https://media.getedealer.com/w_1280,h_960,q_90,c_l,v1/inventory/2VKHR6YZURFNNH2JWYMXDIPBEI.jpg|https://media.getedealer.com/w_1280,h_960,q_90,c_l,v1/inventory/RBOEL6HHPNEMLMJYSBU7V2KROQ.jpg|https://media.getedealer.com/w_1280,h_960,q_90,c_l,v1/inventory/7HRYFL2H5JEODKW6EQSE4WFLLI.jpg|https://media.getedealer.com/w_1280,h_960,q_90,c_l,v1/inventory/FBPU2AYHLVFLRNAJBGQINJ4Y5I.jpg|https://media.getedealer.com/w_1280,h_960,q_90,c_l,v1/inventory/FQK4FRKVSJENFPS7FRIZT5RP5Y.jpg|https://media.getedealer.com/w_1280,h_960,q_90,c_l,v1/inventory/Y6BTVVPT3VCURND364YSIVIYXI.jpg|https://media.getedealer.com/w_1280,h_960,q_90,c_l,v1/inventory/67HQWHZRTBCDNISLIHTTLAPRK4.jpg|https://media.getedealer.com/w_1280,h_960,q_90,c_l,v1/inventory/UUHZPOYYNFC5XOAX2MW7BGU5PY.jpg|https://media.getedealer.com/w_1280,h_960,q_90,c_l,v1/inventory/MQDKHI2PRVAIZO5WXPC334ROSA.jpg|https://media.getedealer.com/w_1280,h_960,q_90,c_l,v1/inventory/TCGJGGCWCVBC7PIGHTFLS3UBI4.jpg|https://media.getedealer.com/w_1280,h_960,q_90,c_l,v1/inventory/QAI5O4RTSBFVRO626I2O5WXDTE.jpg|https://media.getedealer.com/w_1280,h_960,q_90,c_l,v1/inventory/G6TK4GUC25DWVA3YBS3BUWQLOA.jpg|https://media.getedealer.com/w_1280,h_960,q_90,c_l,v1/inventory/KTR2ZWHNZ5AGDHZ4SM5DZMVSF4.jpg|https://media.getedealer.com/w_1280,h_960,q_90,c_l,v1/inventory/F3LWIIDQWVA25FML4CYPINJ3IE.jpg|https://media.getedealer.com/w_1280,h_960,q_90,c_l,v1/inventory/KBIHPBKB25DCNCBHYAT43RD5IE.jpg|https://media.getedealer.com/w_1280,h_960,q_90,c_l,v1/inventory/Z5UOC4W34FF6ZM6TWBD2X3BBZI.jpg|https://media.getedealer.com/w_1280,h_960,q_90,c_l,v1/inventory/PM62WB2UJREA7PF77B3AISSY5A.jpg",10-02-2025 08:15,FALSE
g5JXS7yzTf2T0qDda8dM5A,CHILLIWACK MITSUBISHI,,+1 672-784-5040,45510 Yale Rd,Chilliwack,BC,V2P 2M9,49.151131,-121.963743,XzQ4GV9kRcitWgpga8j30w,JA4ATVAA4RZ628663,UU628663,USED,2024,Mitsubishi,Eclipse Cross,SE,SE S-AWC,34500,33190,SUV,Red,Black,4,,Automatic,4Ã—4,1.5,4,Gasoline,,Air Conditioning|Alloy Wheels|Backup Camera|Bluetooth Connection|Brake Assist|Cruise Control|Heated Seats|Keyless Entry|Lane Assist|Power Windows|Satellite Radio|Smart Device Integration,"https://media.getedealer.com/w_1280,h_960,q_90,c_l,v1/inventory/IGOJ2QH4LFCH3L7EOZIGGKK2RY.jpg|https://media.getedealer.com/w_1280,h_960,q_90,c_l,v1/inventory/YM6MI22TNNBLRBI4PZXEQT2474.jpg|https://media.getedealer.com/w_1280,h_960,q_90,c_l,v1/inventory/DALUVRMKF5EPTP7NFQCE7CGZ4Y.jpg|https://media.getedealer.com/w_1280,h_960,q_90,c_l,v1/inventory/3CX3LBSN75G43KBPI66UOFHVMI.jpg|https://media.getedealer.com/w_1280,h_960,q_90,c_l,v1/inventory/3KF5C4BPPRAOVLWN7LZOO7LCZY.jpg|https://media.getedealer.com/w_1280,h_960,q_90,c_l,v1/inventory/PZNW5VVH5ZDJ3O5I27VUQ4UA2Y.jpg|https://media.getedealer.com/w_1280,h_960,q_90,c_l,v1/inventory/CJTNMM2FSJG4DM6SARXNQZ7Z7A.jpg|https://media.getedealer.com/w_1280,h_960,q_90,c_l,v1/inventory/7SOEXO7GCVGIFMUOQ43V7OMOJQ.jpg|https://media.getedealer.com/w_1280,h_960,q_90,c_l,v1/inventory/XDU6EXRSCFEFHOSDBZYUG7LQAM.jpg|https://media.getedealer.com/w_1280,h_960,q_90,c_l,v1/inventory/HG6ENLDH2FAZFCCD5AHZCRROOI.jpg|https://media.getedealer.com/w_1280,h_960,q_90,c_l,v1/inventory/WRT7GQJ6KVDT5CWVI4CLQG4JK4.jpg|https://media.getedealer.com/w_1280,h_960,q_90,c_l,v1/inventory/GVCGSTG2ZRDDHD5F5FO3MN7CQI.jpg|https://media.getedealer.com/w_1280,h_960,q_90,c_l,v1/inventory/GLW3EN3PONEWLPW74KJKHUWHVY.jpg|https://media.getedealer.com/w_1280,h_960,q_90,c_l,v1/inventory/QMNGCBL44FFAFHZVYNTUKGVJZI.jpg|https://media.getedealer.com/w_1280,h_960,q_90,c_l,v1/inventory/56WYADSUO5EHVIK2EXKBU2323Q.jpg|https://media.getedealer.com/w_1280,h_960,q_90,c_l,v1/inventory/JWV4V3SD6JHFJC6NTFKIUXG22M.jpg|https://media.getedealer.com/w_1280,h_960,q_90,c_l,v1/inventory/5BCEYLD5LRCBBLYM6XTQOBBY24.jpg|https://media.getedealer.com/w_1280,h_960,q_90,c_l,v1/inventory/CMKSKNAZLNAE5PSFGT7ZLJIRWA.jpg|https://media.getedealer.com/w_1280,h_960,q_90,c_l,v1/inventory/IG4ZGAFHLBBV3MO4WK6UFN7JVI.jpg|https://media.getedealer.com/w_1280,h_960,q_90,c_l,v1/inventory/COATVJ2ZMFFLFO7KHP4YMDA4ZQ.jpg|https://media.getedealer.com/w_1280,h_960,q_90,c_l,v1/inventory/QJEN4XDNKVENVEG7L7GK3OP2MI.jpg|https://media.getedealer.com/w_1280,h_960,q_90,c_l,v1/inventory/SUINOLUY5NDDXD4GPJ677JP7IM.jpg|https://media.getedealer.com/w_1280,h_960,q_90,c_l,v1/inventory/RVXCRFQ3EFBJBC5OY4AYB5PMBM.jpg|https://media.getedealer.com/w_1280,h_960,q_90,c_l,v1/inventory/HJ6FIFN6KNCUNL3MHBRHHY3JQM.jpg",12-06-2025 07:32,FALSE
g5JXS7yzTf2T0qDda8dM5A,CHILLIWACK MITSUBISHI,,+1 672-784-5040,45510 Yale Rd,Chilliwack,BC,V2P 2M9,49.151131,-121.963743,YMp9nsnvTjmrABVzpwnByA,1FTFW3L88RFA18333,UUA18333,USED,2024,Ford,F-150,XLT,XLT 3.5L Crew FX4 Pkg Leather,63650,21384,Truck,Gray,,4,,Automatic,4Ã—4,3.5,6,Gasoline,,Air Conditioning|Backup Camera|Bluetooth Connection|Brake Assist|Cruise Control|Keyless Entry|Lane Assist|Navigation System|Parking Sensors|Power Seats|Power Windows|Running Boards|Satellite Radio|Smart Device Integration|Wi-Fi Hotspot,"https://media.getedealer.com/w_1280,h_960,q_90,c_l,v1/inventory/SAS4RZFGINCDZF6JEJY4UXYGHE.jpg|https://media.getedealer.com/w_1280,h_960,q_90,c_l,v1/inventory/XJ2V4N6LAJGFNP3AO65DPKOPF4.jpg|https://media.getedealer.com/w_1280,h_960,q_90,c_l,v1/inventory/XSCDM2CVQVD55NMTYEETQUHCAI.jpg|https://media.getedealer.com/w_1280,h_960,q_90,c_l,v1/inventory/RFV56HUVI5CQVAAJE6FEBGGQCY.jpg|https://media.getedealer.com/w_1280,h_960,q_90,c_l,v1/inventory/2JCFORF7Y5G3ZBLEMIMKENHTI4.jpg|https://media.getedealer.com/w_1280,h_960,q_90,c_l,v1/inventory/RGKRTRKBUZE5POIQPDEKY3P5TI.jpg|https://media.getedealer.com/w_1280,h_960,q_90,c_l,v1/inventory/BGM53TAVRJARJJJ5RYJJHIWZ2I.jpg|https://media.getedealer.com/w_1280,h_960,q_90,c_l,v1/inventory/6DT4PUWXYBA4XB7EN3SNA425UA.jpg|https://media.getedealer.com/w_1280,h_960,q_90,c_l,v1/inventory/D35MIYDMOZGPTB3EZIMH6AF5K4.jpg|https://media.getedealer.com/w_1280,h_960,q_90,c_l,v1/inventory/5EDQKEVM4NDFFF4KDE7USQQ6XA.jpg|https://media.getedealer.com/w_1280,h_960,q_90,c_l,v1/inventory/AGAAJUBIJZGEDPHEQ7TS2JCVFY.jpg|https://media.getedealer.com/w_1280,h_960,q_90,c_l,v1/inventory/WMCY4AS32ZCENHMCV4VUVELZMY.jpg|https://media.getedealer.com/w_1280,h_960,q_90,c_l,v1/inventory/VHWUFSIQDRBNVHKQXJR5YU6JIM.jpg|https://media.getedealer.com/w_1280,h_960,q_90,c_l,v1/inventory/2N4FBIMS2BHPNARAG626KXPNZU.jpg|https://media.getedealer.com/w_1280,h_960,q_90,c_l,v1/inventory/DL3BQZXHRZEELC72GR6QNLQ6XU.jpg|https://media.getedealer.com/w_1280,h_960,q_90,c_l,v1/inventory/ZTA5FKTLRBHINBRQG7IZ2PQJEQ.jpg|https://media.getedealer.com/w_1280,h_960,q_90,c_l,v1/inventory/75TMNTM7IJFYDIPHD5RFZYXOW4.jpg|https://media.getedealer.com/w_1280,h_960,q_90,c_l,v1/inventory/DWBFVHLYD5HZBODYIHBR3Z4OI4.jpg|https://media.getedealer.com/w_1280,h_960,q_90,c_l,v1/inventory/BHMBN5VLUNFBZBUDZFRLZXHMQQ.jpg|https://media.getedealer.com/w_1280,h_960,q_90,c_l,v1/inventory/PUM3QH6L5VHWJMUPWB6OPUHVLY.jpg|https://media.getedealer.com/w_1280,h_960,q_90,c_l,v1/inventory/36EGL5TZNVEZZB36TODU6ZIYTQ.jpg|https://media.getedealer.com/w_1280,h_960,q_90,c_l,v1/inventory/LUKKBO6Z6JBZNBSTAGN5VVGKX4.jpg|https://media.getedealer.com/w_1280,h_960,q_90,c_l,v1/inventory/WZDUAKNMMFH3VMMRU256HDSXSA.jpg|https://media.getedealer.com/w_1280,h_960,q_90,c_l,v1/inventory/HFFZ2EBHXFFT7P6YPTWYCRCDA4.jpg",10-02-2025 08:12,FALSE
g5JXS7yzTf2T0qDda8dM5A,CHILLIWACK MITSUBISHI,,+1 672-784-5040,45510 Yale Rd,Chilliwack,BC,V2P 2M9,49.151131,-121.963743,YNoKeF3IQQSL5noyHlVqdw,1G1ZD5ST3NF183634,AA183634,USED,2022,Chevrolet,Malibu,LT,4dr Sdn LT,25700,79992,Sedan,,,4,,Automatic,FWD,1.5,4,Gasoline,,Air Conditioning|Alloy Wheels|Backup Camera|Bluetooth Connection|Brake Assist|Cruise Control|Keyless Entry|Power Seats|Power Windows|Remote Start|Satellite Radio|Smart Device Integration|Wi-Fi Hotspot,"https://media.getedealer.com/w_1280,h_960,q_90,c_l,v1/inventory/XHPPCLIOJFGUDAYRDJUOJS5RF4.jpg|https://media.getedealer.com/w_1280,h_960,q_90,c_l,v1/inventory/L7BGSOQONRBWDLVEZIYWYTSFM4.jpg|https://media.getedealer.com/w_1280,h_960,q_90,c_l,v1/inventory/LGOD35ZP7FFILMQRZPKDSDIZMM.jpg|https://media.getedealer.com/w_1280,h_960,q_90,c_l,v1/inventory/WUKW7MNQCVC4LK2YOME37VLSNI.jpg|https://media.getedealer.com/w_1280,h_960,q_90,c_l,v1/inventory/L6IWWS42ORFQ7OHWCKKYPTHQSM.jpg|https://media.getedealer.com/w_1280,h_960,q_90,c_l,v1/inventory/R6AZLL4EMBCBFPWJ3HOCFOF3ME.jpg|https://media.getedealer.com/w_1280,h_960,q_90,c_l,v1/inventory/C2VEXWOLVBDGRJCNLUWL3BOGDQ.jpg|https://media.getedealer.com/w_1280,h_960,q_90,c_l,v1/inventory/URN7PLH2BFBQ5JER2REW5ZY4PU.jpg|https://media.getedealer.com/w_1280,h_960,q_90,c_l,v1/inventory/RZFQV7TEX5EPBLGFNBTJRLOLOY.jpg|https://media.getedealer.com/w_1280,h_960,q_90,c_l,v1/inventory/FRHCQZ5K4RC73D2CYVRRPEY7LM.jpg|https://media.getedealer.com/w_1280,h_960,q_90,c_l,v1/inventory/BWLYXG2K4FD3FD4ZA4Q4WD2TPA.jpg|https://media.getedealer.com/w_1280,h_960,q_90,c_l,v1/inventory/EPH4UT3EONGITD4SENXNVWSPXY.jpg|https://media.getedealer.com/w_1280,h_960,q_90,c_l,v1/inventory/N3LV7624QNGSBBA5ZF2L7NSQWQ.jpg|https://media.getedealer.com/w_1280,h_960,q_90,c_l,v1/inventory/RYAVWMRTFZBQ3DGRGBMGD7RH5E.jpg|https://media.getedealer.com/w_1280,h_960,q_90,c_l,v1/inventory/SA7TWVNTRNBTHPBGPHCAX6QG4Q.jpg|https://media.getedealer.com/w_1280,h_960,q_90,c_l,v1/inventory/BKZ25H7AS5CR5NUHV7ZSOUWNQU.jpg|https://media.getedealer.com/w_1280,h_960,q_90,c_l,v1/inventory/LHXOXPNKRBHCBAYVLDCOTCHIVE.jpg|https://media.getedealer.com/w_1280,h_960,q_90,c_l,v1/inventory/RYZZRU32JRHUDP3ZB2YSEVGTTU.jpg|https://media.getedealer.com/w_1280,h_960,q_90,c_l,v1/inventory/R6D5QLJPYNBVZG76K6F7X2JYZE.jpg|https://media.getedealer.com/w_1280,h_960,q_90,c_l,v1/inventory/MQFO6FP2BBBYRHYW2WU2IRZHC4.jpg|https://media.getedealer.com/w_1280,h_960,q_90,c_l,v1/inventory/AJCHPTOIU5ERZIKOV4V7YHHFDY.jpg|https://media.getedealer.com/w_1280,h_960,q_90,c_l,v1/inventory/AEBWE4MFIFHGHH6HRQ6NFRAUJI.jpg|https://media.getedealer.com/w_1280,h_960,q_90,c_l,v1/inventory/KLMBXGR2GJDGPMAJNPH4NDR3SU.jpg|https://media.getedealer.com/w_1280,h_960,q_90,c_l,v1/inventory/TCFENW44TBGWPBAZDBOBNRRF5Y.jpg|https://media.getedealer.com/w_1280,h_960,q_90,c_l,v1/inventory/PDWQ7JQ6HVC3NN6E2HMOYR45VQ.jpg",10-02-2025 08:12,FALSE
g5JXS7yzTf2T0qDda8dM5A,CHILLIWACK MITSUBISHI,,+1 672-784-5040,45510 Yale Rd,Chilliwack,BC,V2P 2M9,49.151131,-121.963743,YRGbOKjdRyqYsxXl8FvnRg,5YJ3E1EA7MF907650,NA907650,USED,2021,Tesla,Model 3,Standard Range,Standard Range RWD *Ltd Avail*,25200,141966,Sedan,White,,4,,Automatic,RWD,,,Electric,,Air Conditioning|Alloy Wheels|Backup Camera|Bluetooth Connection|Brake Assist|Cruise Control|Heated Seats|Keyless Entry|Lane Assist|Navigation System|Parking Sensors|Power Seats|Power Windows|Smart Device Integration|Sunroof / Moonroof,"https://media.getedealer.com/w_1280,h_960,q_90,c_l,v1/trim/P4OHIAA6BFDLFBBSQWTXTXY3YA.jpg|https://media.getedealer.com/w_1280,h_960,q_90,c_l,v1/trim/OKEBK27TSFE23ETU5QW3QFZK4M.jpg|https://media.getedealer.com/w_1280,h_960,q_90,c_l,v1/trim/YTPRR77MMNHH5BIAEDX4VGGCEU.jpg|https://media.getedealer.com/w_1280,h_960,q_90,c_l,v1/trim/YAMZXLW2VVAJJFBG74VBO6KZWM.jpg|https://media.getedealer.com/w_1280,h_960,q_90,c_l,v1/trim/U5H4PFSGNVCFZDLVM3KHTKT25Y.jpg|https://media.getedealer.com/w_1280,h_960,q_90,c_l,v1/trim/C7N4QBFKKBHAFHUCNBR2RIA34E.jpg|https://media.getedealer.com/w_1280,h_960,q_90,c_l,v1/trim/MC4T32TYDJFR3CQMIOYL2VBVO4.jpg|https://media.getedealer.com/w_1280,h_960,q_90,c_l,v1/trim/FA6434SBNZDHTK3T4XVWNRSSEE.jpg|https://media.getedealer.com/w_1280,h_960,q_90,c_l,v1/trim/6TC6TRZMPBDNVM7HY3ZATHT5NM.jpg|https://media.getedealer.com/w_1280,h_960,q_90,c_l,v1/trim/PPPX64OFJ5EPHD6YVZM3KTHKEY.jpg|https://media.getedealer.com/w_1280,h_960,q_90,c_l,v1/trim/WTAAAZALVFFAXKMELFQMY5HNME.jpg|https://media.getedealer.com/w_1280,h_960,q_90,c_l,v1/trim/SXNVFKFWVBBXVII22GU2MRKLFE.jpg|https://media.getedealer.com/w_1280,h_960,q_90,c_l,v1/trim/4BOXPMCQCNB7XBRFJIVPNZW4TE.jpg",10-02-2025 08:14,FALSE
g5JXS7yzTf2T0qDda8dM5A,CHILLIWACK MITSUBISHI,,+1 672-784-5040,45510 Yale Rd,Chilliwack,BC,V2P 2M9,49.151131,-121.963743,YdnTS8E0TKOOZtwhIZMfow,2T1BURHE6GC694839,UU694839,USED,2016,Toyota,Corolla,CE,4dr Sdn Man CE,16800,136679,Sedan,Silver,,4,,Manual,FWD,1.8,4,Gasoline,,Bluetooth Connection|Brake Assist|Power Windows,"https://media.getedealer.com/w_1280,h_960,q_90,c_l,v1/inventory/PEKCP4BAW5A5HFWYIOPC5XZBLQ.jpg|https://media.getedealer.com/w_1280,h_960,q_90,c_l,v1/inventory/DC6OVPFN2RDLNOVDS5XFNPUZ2I.jpg|https://media.getedealer.com/w_1280,h_960,q_90,c_l,v1/inventory/4D22VNRGUZD75KNU3FHNT5UESY.jpg|https://media.getedealer.com/w_1280,h_960,q_90,c_l,v1/inventory/E7FLYNFG2RGGVHTJIUXZRCKE3Y.jpg|https://media.getedealer.com/w_1280,h_960,q_90,c_l,v1/inventory/Z54RQPOCUFDJDIF4HJKMKVD2NI.jpg|https://media.getedealer.com/w_1280,h_960,q_90,c_l,v1/inventory/IWCA4MPGPZD67OSXNTP4DKA5VM.jpg|https://media.getedealer.com/w_1280,h_960,q_90,c_l,v1/inventory/T5MPXI2ZJNHHXGURZL3A4DZ3YE.jpg|https://media.getedealer.com/w_1280,h_960,q_90,c_l,v1/inventory/H6MPJVZ4T5ABXE2RMCXEO6OLKI.jpg|https://media.getedealer.com/w_1280,h_960,q_90,c_l,v1/inventory/23EDC75B6FFZLAVNOKORE3F5YI.jpg|https://media.getedealer.com/w_1280,h_960,q_90,c_l,v1/inventory/EYMQTLAZRFC37LVR6CF4JFGHLI.jpg|https://media.getedealer.com/w_1280,h_960,q_90,c_l,v1/inventory/UKBUKE6TCRAUNLMVHRGFCRXWS4.jpg|https://media.getedealer.com/w_1280,h_960,q_90,c_l,v1/inventory/GMW2DXKL3FE77GQTZBFWO5XCNY.jpg|https://media.getedealer.com/w_1280,h_960,q_90,c_l,v1/inventory/TF4M7TDT6NACHBDEMPFKWZMFOY.jpg|https://media.getedealer.com/w_1280,h_960,q_90,c_l,v1/inventory/FML52NEGIFAHXBC3VIK3YSAYGY.jpg|https://media.getedealer.com/w_1280,h_960,q_90,c_l,v1/inventory/V2RY3SX3ZVHQBPPHLSHFN6WGC4.jpg|https://media.getedealer.com/w_1280,h_960,q_90,c_l,v1/inventory/XKXWLF2LQVEVHCVERVCAOKRTNY.jpg|https://media.getedealer.com/w_1280,h_960,q_90,c_l,v1/inventory/EHKSEQ5YK5HS7FCU3K4IYBWCTY.jpg|https://media.getedealer.com/w_1280,h_960,q_90,c_l,v1/inventory/G55JD6G3AVCSDAESAHCHLCWRTY.jpg|https://media.getedealer.com/w_1280,h_960,q_90,c_l,v1/inventory/WOQFP4UFNNHK7OD2GWAFIBNU3Q.jpg|https://media.getedealer.com/w_1280,h_960,q_90,c_l,v1/inventory/CZJUPY6465F63AVCF7DWO5YZTQ.jpg|https://media.getedealer.com/w_1280,h_960,q_90,c_l,v1/inventory/YASJFA7OTVASJMJUTK7CNEMYTE.jpg|https://media.getedealer.com/w_1280,h_960,q_90,c_l,v1/inventory/XDSWMVH35JBI7CEE5GUIVBWFFM.jpg|https://media.getedealer.com/w_1280,h_960,q_90,c_l,v1/inventory/66N5Q74NFVELJJX4WCQGPYF2LA.jpg|https://media.getedealer.com/w_1280,h_960,q_90,c_l,v1/inventory/QRTQ2EB5DBGDDLZQLRPQQIVFTY.jpg|https://media.getedealer.com/w_1280,h_960,q_90,c_l,v1/inventory/UEAHSEX6LBF5RHHEOJFYIFBMCE.jpg",12-02-2025 07:21,FALSE
g5JXS7yzTf2T0qDda8dM5A,CHILLIWACK MITSUBISHI,,+1 672-784-5040,45510 Yale Rd,Chilliwack,BC,V2P 2M9,49.151131,-121.963743,Z3AkvB77TaqkHX9J0W8edQ,1C4RJFAG0LC247637,VA247637,USED,2020,Jeep,Grand Cherokee,Laredo,Laredo 4x4,32700,59485,SUV,Black,,4,,Automatic,4Ã—4,3.6,6,Gasoline,,Air Conditioning|Alloy Wheels|Backup Camera|Bluetooth Connection|Brake Assist|Cruise Control|Keyless Entry|Lane Assist|Parking Sensors|Power Seats|Power Windows|Satellite Radio|Smart Device Integration,"https://media.getedealer.com/w_1280,h_960,q_90,c_l,v1/inventory/XTJRWZWX2NC4DM25XL2N3JGCY4.jpg|https://media.getedealer.com/w_1280,h_960,q_90,c_l,v1/inventory/SZT2HJP74RB5PF55QZTSEMF2IY.jpg|https://media.getedealer.com/w_1280,h_960,q_90,c_l,v1/inventory/6R2V3B6SCND2HB2J4OJES6BFAY.jpg|https://media.getedealer.com/w_1280,h_960,q_90,c_l,v1/inventory/6N7RKXVPENCYLDDTDEJQLE3NQE.jpg|https://media.getedealer.com/w_1280,h_960,q_90,c_l,v1/inventory/5F7FNODXJFCTBH73LOWP3ZWZNQ.jpg|https://media.getedealer.com/w_1280,h_960,q_90,c_l,v1/inventory/AAVZJFGHBNBOPNXDSYNHIIT3AI.jpg|https://media.getedealer.com/w_1280,h_960,q_90,c_l,v1/inventory/46OEHZSAMRDWDBFENKYJZNO75I.jpg|https://media.getedealer.com/w_1280,h_960,q_90,c_l,v1/inventory/XFQF5HZETVGFXMJGZMRKC34O3U.jpg|https://media.getedealer.com/w_1280,h_960,q_90,c_l,v1/inventory/WVWOUOGUTNBJHHMNZQIWETVXQI.jpg|https://media.getedealer.com/w_1280,h_960,q_90,c_l,v1/inventory/OPN6WO3TFJCXHGKWVPLGZWMV4I.jpg|https://media.getedealer.com/w_1280,h_960,q_90,c_l,v1/inventory/67657WSGABFVRINLFVE5MYB65M.jpg|https://media.getedealer.com/w_1280,h_960,q_90,c_l,v1/inventory/VBJGJZHKEZF5HK6PWGOLEAAIPA.jpg|https://media.getedealer.com/w_1280,h_960,q_90,c_l,v1/inventory/YKZSFN33HVEAXHOYGWCVJ5OCB4.jpg|https://media.getedealer.com/w_1280,h_960,q_90,c_l,v1/inventory/DNC6VRHZ25FKFH7XPBGKL3SC7A.jpg|https://media.getedealer.com/w_1280,h_960,q_90,c_l,v1/inventory/ND7ZTKHV35F2DPOB3POTORDH3I.jpg|https://media.getedealer.com/w_1280,h_960,q_90,c_l,v1/inventory/XE6WHIFSJVCBHCUHCXRFIGKA5U.jpg|https://media.getedealer.com/w_1280,h_960,q_90,c_l,v1/inventory/SE6M6UB4C5GQRLXK6JSCTKGCOM.jpg|https://media.getedealer.com/w_1280,h_960,q_90,c_l,v1/inventory/4E2EVANWOJE3PG4BEN5S3YANC4.jpg|https://media.getedealer.com/w_1280,h_960,q_90,c_l,v1/inventory/C4KVB5WXDFDJTE6TJVJWJCTQKI.jpg|https://media.getedealer.com/w_1280,h_960,q_90,c_l,v1/inventory/NOU3IT7YYFBZTAOD6KAFRJTFNE.jpg|https://media.getedealer.com/w_1280,h_960,q_90,c_l,v1/inventory/ALC7YRBR4NAS3MOSUB4TPEQG2A.jpg|https://media.getedealer.com/w_1280,h_960,q_90,c_l,v1/inventory/NAVFUMSOYFERLGTE34ALGVVF44.jpg|https://media.getedealer.com/w_1280,h_960,q_90,c_l,v1/inventory/DN75EMJ5OBHATECXHDWLR43D3U.jpg|https://media.getedealer.com/w_1280,h_960,q_90,c_l,v1/inventory/P4MDNLX27JE6RBJM4V2UYEUFOM.jpg",10-02-2025 08:12,FALSE
g5JXS7yzTf2T0qDda8dM5A,CHILLIWACK MITSUBISHI,,+1 672-784-5040,45510 Yale Rd,Chilliwack,BC,V2P 2M9,49.151131,-121.963743,ZQZrchIcQJe77nCU23oTtA,JA4T5WA98SZ602250,MI602250,NEW,2025,Mitsubishi,Outlander Plug-In Hybrid,GT,GT S-AWC,54898,53,SUV,Blue,,4,,Automatic,4Ã—4,2.4,4,Gasoline / Electric Hybrid,,Air Conditioning|Alloy Wheels|Backup Camera|Bluetooth Connection|Brake Assist|Cruise Control|Heads Up Display|Heated Seats|Keyless Entry|Lane Assist|Leather Seats|Navigation System|Parking Sensors|Power Seats|Power Windows|Satellite Radio|Smart Device Integration|Sunroof / Moonroof,"https://media.getedealer.com/w_1280,h_960,q_90,c_l,v1/inventory/Z2UL6ZPKSVF6PKL7NAUOS5SCWU.jpg|https://media.getedealer.com/w_1280,h_960,q_90,c_l,v1/inventory/QGYTWLFFUVHGHIP42TVENS2IFI.jpg|https://media.getedealer.com/w_1280,h_960,q_90,c_l,v1/inventory/KONFX3CW3JGQ7NTH3BHDJ2H2Q4.jpg|https://media.getedealer.com/w_1280,h_960,q_90,c_l,v1/inventory/CMZK57LKIZELRBQRVGVNAQ666I.jpg|https://media.getedealer.com/w_1280,h_960,q_90,c_l,v1/inventory/CNPBTPDGFJCLLFYDL2FHRKT74Y.jpg|https://media.getedealer.com/w_1280,h_960,q_90,c_l,v1/inventory/DYP7SZ6NLVBBXG5RO7GWY23N4A.jpg|https://media.getedealer.com/w_1280,h_960,q_90,c_l,v1/inventory/GDYNBRFEIVCADFPBH43MBUVX5A.jpg|https://media.getedealer.com/w_1280,h_960,q_90,c_l,v1/inventory/PMOQ3EYS3ZAGXNVX5HYZKLLSMI.jpg|https://media.getedealer.com/w_1280,h_960,q_90,c_l,v1/inventory/FX4O422XDRFYFIKTFMDCYHUWYY.jpg|https://media.getedealer.com/w_1280,h_960,q_90,c_l,v1/inventory/VHEWQ3E6HZCRJOWDADQNIBHD3U.jpg|https://media.getedealer.com/w_1280,h_960,q_90,c_l,v1/inventory/WD4NBXMMLRE4RKHO3SNCYMFLWI.jpg|https://media.getedealer.com/w_1280,h_960,q_90,c_l,v1/inventory/JKWLRDRXJJB7JB3UDJVG3BVJ6A.jpg|https://media.getedealer.com/w_1280,h_960,q_90,c_l,v1/inventory/WU5B5NXQMJCDPHQZHZDOONKW24.jpg|https://media.getedealer.com/w_1280,h_960,q_90,c_l,v1/inventory/QH7GOEXQWJFZFMMMURDCBJ4LW4.jpg|https://media.getedealer.com/w_1280,h_960,q_90,c_l,v1/inventory/RZ3M4GYAIRESNEK5ZK6V62CXPE.jpg|https://media.getedealer.com/w_1280,h_960,q_90,c_l,v1/inventory/6TPKRMDJ2RDQPNL7MG4KMM5EFI.jpg|https://media.getedealer.com/w_1280,h_960,q_90,c_l,v1/inventory/4D5QTSREOZECJKMEEHFRVFAADU.jpg|https://media.getedealer.com/w_1280,h_960,q_90,c_l,v1/inventory/7LIE5ZAVQBCVVKPG5T3L45GFN4.jpg|https://media.getedealer.com/w_1280,h_960,q_90,c_l,v1/inventory/LGLS2NP5WJGY5PRDG33C2NWSIE.jpg|https://media.getedealer.com/w_1280,h_960,q_90,c_l,v1/inventory/MASDDVJR45CMFGLLTZKMLXDL2M.jpg|https://media.getedealer.com/w_1280,h_960,q_90,c_l,v1/inventory/V2ZWMYIGB5CWNM5SZKXAFGMJTM.jpg|https://media.getedealer.com/w_1280,h_960,q_90,c_l,v1/inventory/YXU26J7YKBHOBJDZ6WK3ASDMUY.jpg|https://media.getedealer.com/w_1280,h_960,q_90,c_l,v1/inventory/YGADC4HAP5A2RCBGNOMTQHX5IU.jpg",10-02-2025 08:15,FALSE
g5JXS7yzTf2T0qDda8dM5A,CHILLIWACK MITSUBISHI,,+1 672-784-5040,45510 Yale Rd,Chilliwack,BC,V2P 2M9,49.151131,-121.963743,ZiNEaiY3RoaM8r9qELhxPw,JN1BJ1AW6PW101522,VA101522,USED,2023,Nissan,Qashqai,S,AWD S CVT,28500,40127,SUV,Blue,,4,,Automatic,AWD,2,4,Gasoline,,Air Conditioning|Alloy Wheels|Backup Camera|Bluetooth Connection|Brake Assist|Cruise Control|Heated Seats|Keyless Entry|Lane Assist|Parking Sensors|Power Windows|Satellite Radio|Smart Device Integration,"https://media.getedealer.com/w_1280,h_960,q_90,c_l,v1/inventory/2VNFGOJQCRBXXAZFIAINJBRTME.jpg|https://media.getedealer.com/w_1280,h_960,q_90,c_l,v1/inventory/NREHZQ766NDCPCWF4YQNZ3SMLE.jpg|https://media.getedealer.com/w_1280,h_960,q_90,c_l,v1/inventory/WKZCQSKSQFFTBAHBRFAOK4DPLU.jpg|https://media.getedealer.com/w_1280,h_960,q_90,c_l,v1/inventory/FOBJZSAS6ZB2PM6FAKTIVJYUCA.jpg|https://media.getedealer.com/w_1280,h_960,q_90,c_l,v1/inventory/JQRUOASCKVHKBGKXP23POU4AA4.jpg|https://media.getedealer.com/w_1280,h_960,q_90,c_l,v1/inventory/PPIQWOALWBAEPJPHQFNJNTRPJI.jpg|https://media.getedealer.com/w_1280,h_960,q_90,c_l,v1/inventory/QFZW5L7CBBFZLBZZL5IQU4QX2Q.jpg|https://media.getedealer.com/w_1280,h_960,q_90,c_l,v1/inventory/X4RY6WPBBZEIDG2FEG3AWFLDI4.jpg|https://media.getedealer.com/w_1280,h_960,q_90,c_l,v1/inventory/R26PEYPI2ZDQHJ5KIGIGAFK4UY.jpg|https://media.getedealer.com/w_1280,h_960,q_90,c_l,v1/inventory/KIE3TIKMAVFGJGDWIDM277WV5E.jpg|https://media.getedealer.com/w_1280,h_960,q_90,c_l,v1/inventory/QLYCQW7EXRCBPPZAM5KFK2LZWQ.jpg|https://media.getedealer.com/w_1280,h_960,q_90,c_l,v1/inventory/JP545ETXKRDY5FJ5VZYHPANPNM.jpg|https://media.getedealer.com/w_1280,h_960,q_90,c_l,v1/inventory/UIXCGWG5PZEHRJGJMBXGG7U744.jpg|https://media.getedealer.com/w_1280,h_960,q_90,c_l,v1/inventory/BQAQ3XBBPJGJTAMQGTLXM7L654.jpg|https://media.getedealer.com/w_1280,h_960,q_90,c_l,v1/inventory/XZFTUROD2JAOTBINYS43YLBHLQ.jpg|https://media.getedealer.com/w_1280,h_960,q_90,c_l,v1/inventory/7DPU2QWPB5HBBOKP2D265XMTEU.jpg|https://media.getedealer.com/w_1280,h_960,q_90,c_l,v1/inventory/ZORMCIETUFA45C774ABCFZS4AQ.jpg|https://media.getedealer.com/w_1280,h_960,q_90,c_l,v1/inventory/O7LQ2SDR7ZDTNK3POWTRCKUOFM.jpg|https://media.getedealer.com/w_1280,h_960,q_90,c_l,v1/inventory/6U6HUO2DANHJNEKRPAS2EYHT7E.jpg|https://media.getedealer.com/w_1280,h_960,q_90,c_l,v1/inventory/75MRHKPOZNAPTKUFXYV2ODKWOY.jpg|https://media.getedealer.com/w_1280,h_960,q_90,c_l,v1/inventory/5V52GS5FOFANPKYSSVWEFLYUWU.jpg|https://media.getedealer.com/w_1280,h_960,q_90,c_l,v1/inventory/DSDN5QFMD5DZJGZE4EZ4LWRWHU.jpg|https://media.getedealer.com/w_1280,h_960,q_90,c_l,v1/inventory/5LELL7VZRVA73GHLBAFTDIRKL4.jpg|https://media.getedealer.com/w_1280,h_960,q_90,c_l,v1/inventory/FNYN4LXWBRAM3LIBENVPKA6GMY.jpg",10-02-2025 08:15,FALSE
g5JXS7yzTf2T0qDda8dM5A,CHILLIWACK MITSUBISHI,,+1 672-784-5040,45510 Yale Rd,Chilliwack,BC,V2P 2M9,49.151131,-121.963743,ZrwSeD4oREeJ7q5hIWItmg,WDBRN47J22A347002,NA347002,USED,2002,Mercedes-Benz,C-Class,Sport,C230 Kompressor Sport Automatic,4950,213477,Coupe,Silver,,2,,Automatic,RWD,2.3,4,Gasoline,,Air Conditioning|Alloy Wheels|Brake Assist|Cruise Control|Keyless Entry|Power Windows,"https://media.getedealer.com/w_1280,h_960,q_90,c_l,v1/inventory/C2252AGNXBFZPBH5NVQWXSSDEY.jpg|https://media.getedealer.com/w_1280,h_960,q_90,c_l,v1/inventory/KWIAS3VBVVDYLMVDVHVFV757BI.jpg|https://media.getedealer.com/w_1280,h_960,q_90,c_l,v1/inventory/YAWNH2DVLRHWNMPTNHZDG3O644.jpg|https://media.getedealer.com/w_1280,h_960,q_90,c_l,v1/inventory/ILFYORJUABGUDDENV2P5RZYUTU.jpg|https://media.getedealer.com/w_1280,h_960,q_90,c_l,v1/inventory/D4OQTT6NC5CELJCBSUDTSA3Z4M.jpg|https://media.getedealer.com/w_1280,h_960,q_90,c_l,v1/inventory/DVSZYIIVZZG3BLELMR3HM4H46Q.jpg|https://media.getedealer.com/w_1280,h_960,q_90,c_l,v1/inventory/VJGWYTL23RCU3G4YB7LM4OHYS4.jpg|https://media.getedealer.com/w_1280,h_960,q_90,c_l,v1/inventory/HCEPR32T55APTEY2K7BRZDDLVE.jpg|https://media.getedealer.com/w_1280,h_960,q_90,c_l,v1/inventory/XVRLOPZ2U5G2NH62FVUDHVQOTA.jpg|https://media.getedealer.com/w_1280,h_960,q_90,c_l,v1/inventory/7X33VHY4LVBVJEBJFN7BG6YPQY.jpg|https://media.getedealer.com/w_1280,h_960,q_90,c_l,v1/inventory/RFMDMCWJYVGCBK4HOV72BSZD7A.jpg|https://media.getedealer.com/w_1280,h_960,q_90,c_l,v1/inventory/3MKDOK67QJEI3EJN7ALCJRG4FI.jpg|https://media.getedealer.com/w_1280,h_960,q_90,c_l,v1/inventory/RU6FM735DNERRDMTFMK6MWRS3Y.jpg|https://media.getedealer.com/w_1280,h_960,q_90,c_l,v1/inventory/7NUOR77IJVHZ5LVCHNWDTLYXH4.jpg|https://media.getedealer.com/w_1280,h_960,q_90,c_l,v1/inventory/DHSLHL3HQRAM5FFUL2ZKA6MNRQ.jpg|https://media.getedealer.com/w_1280,h_960,q_90,c_l,v1/inventory/N3R5W3UTKRD6FB44ECGRI3GUDM.jpg|https://media.getedealer.com/w_1280,h_960,q_90,c_l,v1/inventory/DDX3JXIFGNGEXCYQK5YFYYX2RU.jpg|https://media.getedealer.com/w_1280,h_960,q_90,c_l,v1/inventory/IYUE6RUWLVAYTLNPRKMFIXBFKU.jpg|https://media.getedealer.com/w_1280,h_960,q_90,c_l,v1/inventory/WOKGU6GKEJCUREU4MGDQA5QJB4.jpg|https://media.getedealer.com/w_1280,h_960,q_90,c_l,v1/inventory/3UXTQ357FBDSPCC3Y2KA4F7YNE.jpg|https://media.getedealer.com/w_1280,h_960,q_90,c_l,v1/inventory/YU56GDUVUZGCFCVWUPDUG3GQP4.jpg|https://media.getedealer.com/w_1280,h_960,q_90,c_l,v1/inventory/ZLR4GQE4CBDYRNPZP3IEGRXI2I.jpg|https://media.getedealer.com/w_1280,h_960,q_90,c_l,v1/inventory/T43TD24JUNFDXMXRC53LWM7ITY.jpg",10-02-2025 08:16,FALSE
g5JXS7yzTf2T0qDda8dM5A,CHILLIWACK MITSUBISHI,,+1 672-784-5040,45510 Yale Rd,Chilliwack,BC,V2P 2M9,49.151131,-121.963743,Zstv0VcST7ykVwWaGLBStg,5TDBK3EH3DS189345,AA189345,USED,2013,Toyota,Highlander,Other,4WD 4dr,18250,278232,SUV,Blue,,4,,Automatic,4Ã—4,3.5,6,Gasoline,,Air Conditioning|Alloy Wheels|Backup Camera|Bluetooth Connection|Brake Assist|Cruise Control|Keyless Entry|Power Seats|Power Windows|Satellite Radio,"https://media.getedealer.com/w_1280,h_960,q_90,c_l,v1/inventory/PUCYGTI45ZESDBIVGVTGHEBKZE.jpg|https://media.getedealer.com/w_1280,h_960,q_90,c_l,v1/inventory/JJANGA2QLFB6NMC2DWRKCARBM4.jpg|https://media.getedealer.com/w_1280,h_960,q_90,c_l,v1/inventory/KSABSP4E6BFILBD4BZJNC2PEKQ.jpg|https://media.getedealer.com/w_1280,h_960,q_90,c_l,v1/inventory/FCA6NQDV6NHI5C2UNKBZ6AO7LU.jpg|https://media.getedealer.com/w_1280,h_960,q_90,c_l,v1/inventory/2CTULNVRHBEH5LWOZR2X4DBI7M.jpg|https://media.getedealer.com/w_1280,h_960,q_90,c_l,v1/inventory/LFI7RBHXSBFNRBGYTPQ3C4HILY.jpg|https://media.getedealer.com/w_1280,h_960,q_90,c_l,v1/inventory/VGJHEGJ5CRA2JLTDX3NVFGZN7I.jpg|https://media.getedealer.com/w_1280,h_960,q_90,c_l,v1/inventory/RLL3GCF4SJH6BF3SJ3S5ZKICWI.jpg|https://media.getedealer.com/w_1280,h_960,q_90,c_l,v1/inventory/UIBZ4NSVYJAU3AGZYOTL3IVIZI.jpg|https://media.getedealer.com/w_1280,h_960,q_90,c_l,v1/inventory/5DNVAREH45FFFORUD2KKPICNWI.jpg|https://media.getedealer.com/w_1280,h_960,q_90,c_l,v1/inventory/UG2YGZ3QK5BUDM4VU3Y6WLZSFI.jpg|https://media.getedealer.com/w_1280,h_960,q_90,c_l,v1/inventory/SOTWVYXUQND23BGOUETQSCXDMY.jpg|https://media.getedealer.com/w_1280,h_960,q_90,c_l,v1/inventory/L63MKAHDSJGONJLIFY7ERDTVVU.jpg|https://media.getedealer.com/w_1280,h_960,q_90,c_l,v1/inventory/HIXP4LACMFHFJDOSOPYGVQILFI.jpg|https://media.getedealer.com/w_1280,h_960,q_90,c_l,v1/inventory/JX67UPV6XBHFNMO6VBBHRSCRME.jpg|https://media.getedealer.com/w_1280,h_960,q_90,c_l,v1/inventory/ZNOJ5JZ5BVEDFMQN63CYJILQXM.jpg|https://media.getedealer.com/w_1280,h_960,q_90,c_l,v1/inventory/4CKJRDZJ2NFBFGWUGOQBP36NYQ.jpg|https://media.getedealer.com/w_1280,h_960,q_90,c_l,v1/inventory/RNNJHL6DNBHQNJX22SLQFH3IUQ.jpg|https://media.getedealer.com/w_1280,h_960,q_90,c_l,v1/inventory/QQHPJCY4CRHNTJ5CBT4ERLZ5IY.jpg|https://media.getedealer.com/w_1280,h_960,q_90,c_l,v1/inventory/EGBDPVHIARHPHHQQXOYMPWKB44.jpg|https://media.getedealer.com/w_1280,h_960,q_90,c_l,v1/inventory/6SUS4KS4WBGN5OOYGFQJSZ6GS4.jpg|https://media.getedealer.com/w_1280,h_960,q_90,c_l,v1/inventory/FG4EPZUGAZH2BDBIBH6AXDKHQM.jpg|https://media.getedealer.com/w_1280,h_960,q_90,c_l,v1/inventory/5OYF6I2PXRCPZG57BE3TUPET2E.jpg|https://media.getedealer.com/w_1280,h_960,q_90,c_l,v1/inventory/A7ADVMHSO5AUHOPNPXJD45JVJ4.jpg|https://media.getedealer.com/w_1280,h_960,q_90,c_l,v1/inventory/3C2QUYHGA5EWVGA7X6SJA7SESE.jpg",10-02-2025 08:14,FALSE
g5JXS7yzTf2T0qDda8dM5A,CHILLIWACK MITSUBISHI,,+1 672-784-5040,45510 Yale Rd,Chilliwack,BC,V2P 2M9,49.151131,-121.963743,ZudPqj6JTZKb6nGV3q185A,KMHRC8A36PU252890,UU252890,USED,2023,Hyundai,Venue,Preferred,Preferred IVT,22250,65622,SUV,Blue,,4,,Automatic,FWD,1.6,4,Gasoline,,Air Conditioning|Alloy Wheels|Backup Camera|Bluetooth Connection|Brake Assist|Cruise Control|Heated Seats|Keyless Entry|Lane Assist|Power Windows|Remote Start|Smart Device Integration,"https://media.getedealer.com/w_1280,h_960,q_90,c_l,v1/inventory/JGJKDYH6DVENTMFLKFJYUSNSZQ.jpg|https://media.getedealer.com/w_1280,h_960,q_90,c_l,v1/inventory/AJIOYHUVMZH7RPW2H3IDPS5OJU.jpg|https://media.getedealer.com/w_1280,h_960,q_90,c_l,v1/inventory/7ZWA73R4MBFWDOUEVFIJ3CB6FI.jpg|https://media.getedealer.com/w_1280,h_960,q_90,c_l,v1/inventory/UI6TGWH5L5CHPLZFLUW3273ZJ4.jpg|https://media.getedealer.com/w_1280,h_960,q_90,c_l,v1/inventory/CTNFIJBCOBDOZBWHHPVEU5LNZU.jpg|https://media.getedealer.com/w_1280,h_960,q_90,c_l,v1/inventory/C5H4XFVGXZGTFLK6TWIBPTN2OA.jpg|https://media.getedealer.com/w_1280,h_960,q_90,c_l,v1/inventory/QC6C5UZWHZBWDCXXV4OTMTGRH4.jpg|https://media.getedealer.com/w_1280,h_960,q_90,c_l,v1/inventory/H5NYMFX5S5GPDKIYXOMASSG2EQ.jpg|https://media.getedealer.com/w_1280,h_960,q_90,c_l,v1/inventory/VGX7TIOJMZCG3DAANAV67JINE4.jpg|https://media.getedealer.com/w_1280,h_960,q_90,c_l,v1/inventory/HAQUHW6JKFARHDKIO2MZUNOLQM.jpg|https://media.getedealer.com/w_1280,h_960,q_90,c_l,v1/inventory/TK5QES3F6ZB2RJASXNNRO22IBM.jpg|https://media.getedealer.com/w_1280,h_960,q_90,c_l,v1/inventory/RY6OAABDVRAETLHBRTEGUAVHXA.jpg|https://media.getedealer.com/w_1280,h_960,q_90,c_l,v1/inventory/SRPMK5J4SRD6RL4XPTA3SUEW7Q.jpg|https://media.getedealer.com/w_1280,h_960,q_90,c_l,v1/inventory/RQMILRE4G5FDNEUGANMH6GJZRA.jpg|https://media.getedealer.com/w_1280,h_960,q_90,c_l,v1/inventory/YU3A72NIYFCXJHD5YXRLESOODU.jpg|https://media.getedealer.com/w_1280,h_960,q_90,c_l,v1/inventory/Y6NJGIPWUFH3LCPKVI5DVVOVOU.jpg|https://media.getedealer.com/w_1280,h_960,q_90,c_l,v1/inventory/JLHWC4FDPJGT3PWLJJCURNVUAY.jpg|https://media.getedealer.com/w_1280,h_960,q_90,c_l,v1/inventory/2EFVE66USNBYXDYRGE7S7T7XLI.jpg|https://media.getedealer.com/w_1280,h_960,q_90,c_l,v1/inventory/SKXZBCLQPZBINMPZLTFIZMSQCA.jpg|https://media.getedealer.com/w_1280,h_960,q_90,c_l,v1/inventory/452PG5NUNZG6BPZ5JLQMO2IAJU.jpg|https://media.getedealer.com/w_1280,h_960,q_90,c_l,v1/inventory/E5HGOBYBIVEXBEELO7DFJIZTTM.jpg|https://media.getedealer.com/w_1280,h_960,q_90,c_l,v1/inventory/UAS7K34TNBHFRJ7N2I2NBFU5MU.jpg|https://media.getedealer.com/w_1280,h_960,q_90,c_l,v1/inventory/OHPZ2HHKNNCHRGN42LWDTLVOXQ.jpg|https://media.getedealer.com/w_1280,h_960,q_90,c_l,v1/inventory/6WDGXHBGYRGYHCDCNJ5A7PDAYQ.jpg",11/27/2025 7:37:58,FALSE
g5JXS7yzTf2T0qDda8dM5A,CHILLIWACK MITSUBISHI,,+1 672-784-5040,45510 Yale Rd,Chilliwack,BC,V2P 2M9,49.151131,-121.963743,aefcYelKSpOtuTSTJweNVg,5YJ3E1EA7MF094133,VA094133,USED,2021,Tesla,Model 3,Standard Range Plus,Standard Range Plus RWD,26950,119859,Sedan,White,,4,,Automatic,RWD,,,Electric,,Air Conditioning|Alloy Wheels|Backup Camera|Bluetooth Connection|Brake Assist|Cruise Control|Heated Seats|Keyless Entry|Lane Assist|Navigation System|Parking Sensors|Power Seats|Power Windows|Smart Device Integration|Sunroof / Moonroof,"https://media.getedealer.com/w_1280,h_960,q_90,c_l,v1/inventory/NNLQ4ZI4VNDEBIJYXWGDCGFBXM.jpg|https://media.getedealer.com/w_1280,h_960,q_90,c_l,v1/inventory/JT3UWXGQANEO3A7R3DACI5KZDY.jpg|https://media.getedealer.com/w_1280,h_960,q_90,c_l,v1/inventory/SVHEECVXIVCARDWV64GRVM4AI4.jpg|https://media.getedealer.com/w_1280,h_960,q_90,c_l,v1/inventory/KUOWETMJ6RGRVETEMTNXSIPSAI.jpg|https://media.getedealer.com/w_1280,h_960,q_90,c_l,v1/inventory/CQQQQ2ZDCJFHXJYUYMDGCRL2OI.jpg|https://media.getedealer.com/w_1280,h_960,q_90,c_l,v1/inventory/2K3BE7K7QJH6PI6WS3M35LBGPE.jpg|https://media.getedealer.com/w_1280,h_960,q_90,c_l,v1/inventory/Y36C6W4NJVACNOSADXNBXV7ZPI.jpg|https://media.getedealer.com/w_1280,h_960,q_90,c_l,v1/inventory/OLLQ3OYGJBEDVNBA22UA2J5KEM.jpg|https://media.getedealer.com/w_1280,h_960,q_90,c_l,v1/inventory/RZJNRFF3SVHRJOU4UJ4I6YQECQ.jpg|https://media.getedealer.com/w_1280,h_960,q_90,c_l,v1/inventory/5DRUQ6ADAFGKNE44Z44AIFEFK4.jpg|https://media.getedealer.com/w_1280,h_960,q_90,c_l,v1/inventory/WEUSJDDOHRAB5LKHELJON2PSBI.jpg|https://media.getedealer.com/w_1280,h_960,q_90,c_l,v1/inventory/FCRYIOVY2NHQLJMETIUQMOY42E.jpg|https://media.getedealer.com/w_1280,h_960,q_90,c_l,v1/inventory/PJU7PEDVZFG2XMWE4WEMZFI4I4.jpg|https://media.getedealer.com/w_1280,h_960,q_90,c_l,v1/inventory/CAQJBHPT7BF2ZJVVJLYWT4UKBY.jpg|https://media.getedealer.com/w_1280,h_960,q_90,c_l,v1/inventory/5GCSYJFY25H5ZEX22TLCRU2LZU.jpg|https://media.getedealer.com/w_1280,h_960,q_90,c_l,v1/inventory/I5ALC2PCEBFJJNRWCM2YG65CFM.jpg|https://media.getedealer.com/w_1280,h_960,q_90,c_l,v1/inventory/ZHZMIT3ZKJAHBGFIX723Y6GA3M.jpg|https://media.getedealer.com/w_1280,h_960,q_90,c_l,v1/inventory/AJGSLKEW3FGK7N5FI7QO2CIYWA.jpg|https://media.getedealer.com/w_1280,h_960,q_90,c_l,v1/inventory/2JCHZN4WXJF6PCW5I4DDQCXSVA.jpg|https://media.getedealer.com/w_1280,h_960,q_90,c_l,v1/inventory/GIB52F3Q3FE4BPICSPZPIGD2QY.jpg|https://media.getedealer.com/w_1280,h_960,q_90,c_l,v1/inventory/KVZZI4ZR2BA2PMNDJP7DD44APY.jpg|https://media.getedealer.com/w_1280,h_960,q_90,c_l,v1/inventory/OOGLPOE7NVG7RNGJNHIXECH6SU.jpg|https://media.getedealer.com/w_1280,h_960,q_90,c_l,v1/inventory/Z7ZYN24KQNCMHPAMYD37OUCCQY.jpg|https://media.getedealer.com/w_1280,h_960,q_90,c_l,v1/inventory/XOKIFAYV2FBANBR5ZZWKAQDAAU.jpg",12-09-2025 07:40,FALSE
g5JXS7yzTf2T0qDda8dM5A,CHILLIWACK MITSUBISHI,,+1 672-784-5040,45510 Yale Rd,Chilliwack,BC,V2P 2M9,49.151131,-121.963743,artPbUZRRnGrXhpvxzSKyw,1FMJU1JT7KEA40598,UUA40598,USED,2019,Ford,Expedition,XLT,XLT 4x4 Leather Pano Roof NAV,39600,167760,SUV,Black,,4,,Automatic,4Ã—4,3.5,6,Gasoline,,Air Conditioning|Alloy Wheels|Backup Camera|Bluetooth Connection|Brake Assist|Cruise Control|Keyless Entry|Parking Sensors|Power Seats|Power Windows|Running Boards|Satellite Radio|Smart Device Integration,"https://media.getedealer.com/w_1280,h_960,q_90,c_l,v1/inventory/REBSFN3TWNE7RK6WRKWUPGJ6QE.jpg|https://media.getedealer.com/w_1280,h_960,q_90,c_l,v1/inventory/CLU5OD7ATRAKXB43L3RDQ2TMPU.jpg|https://media.getedealer.com/w_1280,h_960,q_90,c_l,v1/inventory/AAGYU6LUZFFHJESZOG2VYQGTUE.jpg|https://media.getedealer.com/w_1280,h_960,q_90,c_l,v1/inventory/JGPIKF2C5BDDRLCKWN4SJDDLZU.jpg|https://media.getedealer.com/w_1280,h_960,q_90,c_l,v1/inventory/3FFYL4RCNVGNDB24R4GP7J5CKM.jpg|https://media.getedealer.com/w_1280,h_960,q_90,c_l,v1/inventory/BVRYGCI7INFIFJLR5AGBK7DNTM.jpg|https://media.getedealer.com/w_1280,h_960,q_90,c_l,v1/inventory/QNEOAT3KRNFIBJP4XEK2KVMUAY.jpg|https://media.getedealer.com/w_1280,h_960,q_90,c_l,v1/inventory/V4FKTZUT6NAGPEVE3NBB4A2NJM.jpg|https://media.getedealer.com/w_1280,h_960,q_90,c_l,v1/inventory/MZFBK6UVFNEOJG57WGXKSA7RRA.jpg|https://media.getedealer.com/w_1280,h_960,q_90,c_l,v1/inventory/G3X3ZTBCZ5HVBF727DLUIC56AY.jpg|https://media.getedealer.com/w_1280,h_960,q_90,c_l,v1/inventory/YROOLTIS25A3ZNXYMCH5BMDSJI.jpg|https://media.getedealer.com/w_1280,h_960,q_90,c_l,v1/inventory/JAYXP2QXBFEF5BKPP43NHINTGA.jpg|https://media.getedealer.com/w_1280,h_960,q_90,c_l,v1/inventory/RZ7OO5DJFJDAXN4HRR4Z4I7QJI.jpg|https://media.getedealer.com/w_1280,h_960,q_90,c_l,v1/inventory/OU7RA4FXNBGS7NPMON42RIN3SY.jpg|https://media.getedealer.com/w_1280,h_960,q_90,c_l,v1/inventory/4OBHOM3DBJFTJHO5X72KBH2AMI.jpg|https://media.getedealer.com/w_1280,h_960,q_90,c_l,v1/inventory/MHLEAQBTLVAWFF24BQOX5K7QNY.jpg|https://media.getedealer.com/w_1280,h_960,q_90,c_l,v1/inventory/KNYPAUS5V5B4FEUZHOBVFBX7KQ.jpg|https://media.getedealer.com/w_1280,h_960,q_90,c_l,v1/inventory/SWCLXTW3LRDYFITKMGJI7VKGIA.jpg|https://media.getedealer.com/w_1280,h_960,q_90,c_l,v1/inventory/WJ6CMS44WJDENIFZZQBURQ3RZY.jpg|https://media.getedealer.com/w_1280,h_960,q_90,c_l,v1/inventory/TQJW2K3JLZG33JYP7NZQRXSSXE.jpg|https://media.getedealer.com/w_1280,h_960,q_90,c_l,v1/inventory/3CYCWBI3TBDZBDTXRIMW5CU7LI.jpg|https://media.getedealer.com/w_1280,h_960,q_90,c_l,v1/inventory/RXTUJFVSXRGADF7TJ7ZIYEAZRQ.jpg|https://media.getedealer.com/w_1280,h_960,q_90,c_l,v1/inventory/PBVRF3XATVFYPJAPNLEZHUMSVM.jpg|https://media.getedealer.com/w_1280,h_960,q_90,c_l,v1/inventory/776E3ZMDGZBYXN4DRWWIPOGJQY.jpg",10-04-2025 08:07,FALSE
g5JXS7yzTf2T0qDda8dM5A,CHILLIWACK MITSUBISHI,,+1 672-784-5040,45510 Yale Rd,Chilliwack,BC,V2P 2M9,49.151131,-121.963743,b1cYdqvHTk6ESzaYAGuKpA,2C3CCASG3PH561288,UU561288,USED,2023,Chrysler,300,300 Touring L,300 Touring L AWD,31950,84840,Sedan,White,,4,,Automatic,AWD,3.6,6,Gasoline,,Air Conditioning|Alloy Wheels|Backup Camera|Bluetooth Connection|Brake Assist|Cruise Control|Heated Seats|Keyless Entry|Lane Assist|Leather Seats|Navigation System|Parking Sensors|Power Seats|Power Windows|Remote Start|Satellite Radio|Smart Device Integration|Wi-Fi Hotspot,"https://media.getedealer.com/w_1280,h_960,q_90,c_l,v1/inventory/GDQJLMEJY5FNZGV7ODTGISXUI4.jpg|https://media.getedealer.com/w_1280,h_960,q_90,c_l,v1/inventory/HGCJ5BAS3FDCTPJEBUSZXAZMN4.jpg|https://media.getedealer.com/w_1280,h_960,q_90,c_l,v1/inventory/PWV3Y5BY55EQDCGBKMP64QW3UY.jpg|https://media.getedealer.com/w_1280,h_960,q_90,c_l,v1/inventory/7RMLF5SM5ZFR5NEZ2LYPJVBC4Q.jpg|https://media.getedealer.com/w_1280,h_960,q_90,c_l,v1/inventory/NJ5OPXPDUVFBNIMKRIUKJABHAE.jpg|https://media.getedealer.com/w_1280,h_960,q_90,c_l,v1/inventory/U4OB4ZJAURDMXJQXGQRVEQC5PY.jpg|https://media.getedealer.com/w_1280,h_960,q_90,c_l,v1/inventory/HKZBIX4VEBD4TJMD5CKSWI4JXQ.jpg|https://media.getedealer.com/w_1280,h_960,q_90,c_l,v1/inventory/VO7DAUAICBBBRNA2VLPWBKLDPU.jpg|https://media.getedealer.com/w_1280,h_960,q_90,c_l,v1/inventory/JWS3I22ADNAFZG5SO7IC4F2WAA.jpg|https://media.getedealer.com/w_1280,h_960,q_90,c_l,v1/inventory/ESWEQE7NAZCVZAXJGIAW4AHX2Q.jpg|https://media.getedealer.com/w_1280,h_960,q_90,c_l,v1/inventory/VGS7VBDADBDVZP4WXEHW5XVIR4.jpg|https://media.getedealer.com/w_1280,h_960,q_90,c_l,v1/inventory/AUEUZHSFCJF5DCDD733WXTQYPA.jpg|https://media.getedealer.com/w_1280,h_960,q_90,c_l,v1/inventory/C427TZPTJFETRPJR6LSUB6NF5I.jpg|https://media.getedealer.com/w_1280,h_960,q_90,c_l,v1/inventory/2PGXNNXXY5BM5PRYUP2V7K62GQ.jpg|https://media.getedealer.com/w_1280,h_960,q_90,c_l,v1/inventory/CBIYE5NXCJDV3LRC5BFU7C2OQQ.jpg|https://media.getedealer.com/w_1280,h_960,q_90,c_l,v1/inventory/OYVM23667ZBQHKWA5SUBORGIXQ.jpg|https://media.getedealer.com/w_1280,h_960,q_90,c_l,v1/inventory/QDF25DJO5BAM5I3G6U6GMQS6E4.jpg|https://media.getedealer.com/w_1280,h_960,q_90,c_l,v1/inventory/V2ZBEOM7H5CETOA7YHOXLKLHDY.jpg|https://media.getedealer.com/w_1280,h_960,q_90,c_l,v1/inventory/5ZTKE5T2DRFSBAGVVZNYPMMBTQ.jpg|https://media.getedealer.com/w_1280,h_960,q_90,c_l,v1/inventory/YM5JQPH7YFD55EAZJYHPRYOY4Q.jpg|https://media.getedealer.com/w_1280,h_960,q_90,c_l,v1/inventory/HXCXNA4QYJDFVDMWCJ5NFJ4DZQ.jpg|https://media.getedealer.com/w_1280,h_960,q_90,c_l,v1/inventory/ISM776F7OBH37EPJVFQY2BEOIE.jpg|https://media.getedealer.com/w_1280,h_960,q_90,c_l,v1/inventory/2256F6WPQNHF5EIXLN7WCN2DLY.jpg",11/29/2025 7:36:42,FALSE
g5JXS7yzTf2T0qDda8dM5A,CHILLIWACK MITSUBISHI,,+1 672-784-5040,45510 Yale Rd,Chilliwack,BC,V2P 2M9,49.151131,-121.963743,bAM7zz3VRt6LQXq0FqXYMQ,JA4J4UA81NZ619269,UU619269,USED,2022,Mitsubishi,Outlander,OUTLANDER SE,,28450,86466,SUV,White,Black,4,,Automatic,4Ã—4,2.5,4,Gasoline,,Air Conditioning|Alloy Wheels|Backup Camera|Bluetooth Connection|Brake Assist|Cruise Control|Heated Seats|Keyless Entry|Lane Assist|Parking Sensors|Power Windows|Satellite Radio|Smart Device Integration|Sunroof / Moonroof,,12/23/2025 7:40:45,FALSE
g5JXS7yzTf2T0qDda8dM5A,CHILLIWACK MITSUBISHI,,+1 672-784-5040,45510 Yale Rd,Chilliwack,BC,V2P 2M9,49.151131,-121.963743,bBUeby3SS0eV5BH7SHeM1g,2C4RDGEG0LR202650,NA202650,USED,2020,Dodge,Grand Caravan,GT,GT,27850,108829,Van,Black,Black,4,,Automatic,FWD,3.6,6,Gasoline,,Air Conditioning|Alloy Wheels|Backup Camera|Bluetooth Connection|Brake Assist|Cruise Control|Heated Seats|Keyless Entry|Leather Seats|Power Seats|Power Windows|Remote Start,"https://media.getedealer.com/w_1280,h_960,q_90,c_l,v1/inventory/YHZ5JCVPZRGSNIJNYGACXFAIWY.jpg|https://media.getedealer.com/w_1280,h_960,q_90,c_l,v1/inventory/PAKZIP7DQNDBRIKJWC25GCK4PU.jpg|https://media.getedealer.com/w_1280,h_960,q_90,c_l,v1/inventory/B63ZFWPMTRAITLZ4KSDKO667JI.jpg|https://media.getedealer.com/w_1280,h_960,q_90,c_l,v1/inventory/N5ACX44M3BBNRO5KHYLLLG2U6U.jpg|https://media.getedealer.com/w_1280,h_960,q_90,c_l,v1/inventory/7VBQEFNXLNDSFO2L5YPAHPCQ7Q.jpg|https://media.getedealer.com/w_1280,h_960,q_90,c_l,v1/inventory/MJM4OYAAUVHPFLL7LC7SUSTWSY.jpg|https://media.getedealer.com/w_1280,h_960,q_90,c_l,v1/inventory/HQZTE6P6MRFFDLE53DLVEBC3S4.jpg|https://media.getedealer.com/w_1280,h_960,q_90,c_l,v1/inventory/LRBMZ4JXCZEYVERM6HR436B6EM.jpg|https://media.getedealer.com/w_1280,h_960,q_90,c_l,v1/inventory/PIMXNLELFNAFBJ2IRUMNQAQ5WA.jpg|https://media.getedealer.com/w_1280,h_960,q_90,c_l,v1/inventory/7UHNJZNI3RFBFAKJXGYHBG64C4.jpg|https://media.getedealer.com/w_1280,h_960,q_90,c_l,v1/inventory/R4NEXDC76ZGEBDSP4TTNVJES7U.jpg|https://media.getedealer.com/w_1280,h_960,q_90,c_l,v1/inventory/5NN5CGFLQNAM3H26YYXLHXEK7I.jpg|https://media.getedealer.com/w_1280,h_960,q_90,c_l,v1/inventory/4XGZHJIHLFAUZBEXMEMQ27QESQ.jpg|https://media.getedealer.com/w_1280,h_960,q_90,c_l,v1/inventory/2W6CS2BCCVEJDBMGHBPHBEEPKQ.jpg|https://media.getedealer.com/w_1280,h_960,q_90,c_l,v1/inventory/AESG4EVYAREKPIIRGSIT57FW4M.jpg|https://media.getedealer.com/w_1280,h_960,q_90,c_l,v1/inventory/PZ66V7L6RRANXE2RWHYQBKW7IM.jpg|https://media.getedealer.com/w_1280,h_960,q_90,c_l,v1/inventory/E6V2IIJ6ZJB5VBAC4GRKVFDIF4.jpg|https://media.getedealer.com/w_1280,h_960,q_90,c_l,v1/inventory/7CJWL6KJZNCODIRUFYVKOFWX5Y.jpg|https://media.getedealer.com/w_1280,h_960,q_90,c_l,v1/inventory/VSFHBOV4DREUDO2PVBBWKS4XVU.jpg|https://media.getedealer.com/w_1280,h_960,q_90,c_l,v1/inventory/WXWX6PNJDBG7PPPHAY4JZVC4MU.jpg|https://media.getedealer.com/w_1280,h_960,q_90,c_l,v1/inventory/V44AX3WZCFFA7M6JANVYNGBH64.jpg|https://media.getedealer.com/w_1280,h_960,q_90,c_l,v1/inventory/OMLDADZDCVCHXEBWXNGLCYFLTY.jpg|https://media.getedealer.com/w_1280,h_960,q_90,c_l,v1/inventory/TXK3ZABMJJGDVEJDP5XWHTO2DE.jpg|https://media.getedealer.com/w_1280,h_960,q_90,c_l,v1/inventory/RN3FT4OLJ5F3DI4R7N32ESX5GM.jpg",10-02-2025 08:13,FALSE
g5JXS7yzTf2T0qDda8dM5A,CHILLIWACK MITSUBISHI,,+1 672-784-5040,45510 Yale Rd,Chilliwack,BC,V2P 2M9,49.151131,-121.963743,bQR9fXuqQJCinCVynZGcxw,JA4AHUAU5TU602941,MI602941,NEW,2026,Mitsubishi,RVR,ES,ES FWD,26873,26,SUV,Black,,4,,Automatic,FWD,2,4,Gasoline,,Air Conditioning|Backup Camera|Bluetooth Connection|Brake Assist|Cruise Control|Heated Seats|Keyless Entry|Power Windows|Satellite Radio|Smart Device Integration,"https://media.getedealer.com/w_1280,h_960,q_90,c_l,v1/inventory/RSKXQC37MBBDVDOKNYEREX7ABM.jpg|https://media.getedealer.com/w_1280,h_960,q_90,c_l,v1/inventory/BB2HBRFVE5C3HLCEX6IOFDZN2A.jpg|https://media.getedealer.com/w_1280,h_960,q_90,c_l,v1/inventory/ZJ2FQJVIIZBHLJ2BMTVZ7ZDS5Y.jpg|https://media.getedealer.com/w_1280,h_960,q_90,c_l,v1/inventory/Z4DBHTRISJCFJBXC35NPKXQL6E.jpg|https://media.getedealer.com/w_1280,h_960,q_90,c_l,v1/inventory/I5DTIC7X5JEFNGB5NLR25ZCZTI.jpg|https://media.getedealer.com/w_1280,h_960,q_90,c_l,v1/inventory/QUSOXPE2SRD4DPZO6WODCWDJRE.jpg|https://media.getedealer.com/w_1280,h_960,q_90,c_l,v1/inventory/TQXTV7JDZBD57PHDVSWINFYQLM.jpg|https://media.getedealer.com/w_1280,h_960,q_90,c_l,v1/inventory/OZWQ5ALIP5BVLLMEVTI6VNHAMY.jpg|https://media.getedealer.com/w_1280,h_960,q_90,c_l,v1/inventory/ZRK6GFD6GNDLBIUCU2YTTAY5SI.jpg|https://media.getedealer.com/w_1280,h_960,q_90,c_l,v1/inventory/6UUUQGBZW5HNZAFSIJ2QVFWEHU.jpg|https://media.getedealer.com/w_1280,h_960,q_90,c_l,v1/inventory/MFBQC7JL3RGYDNCRZAFED6VP2Y.jpg|https://media.getedealer.com/w_1280,h_960,q_90,c_l,v1/inventory/WBIHPPG3CJGX5JV66HE6MZNFDE.jpg|https://media.getedealer.com/w_1280,h_960,q_90,c_l,v1/inventory/3GZ4UMCTYZBO5JSCDJZNTFLPC4.jpg|https://media.getedealer.com/w_1280,h_960,q_90,c_l,v1/inventory/5SJJSORMBNAVFH3M2KXU45KFEE.jpg|https://media.getedealer.com/w_1280,h_960,q_90,c_l,v1/inventory/MHOSSAZE2JARXKZLEZ6KFOZXWQ.jpg|https://media.getedealer.com/w_1280,h_960,q_90,c_l,v1/inventory/5MSKCXY6ZFHDVMIZMFQB5DSIMI.jpg|https://media.getedealer.com/w_1280,h_960,q_90,c_l,v1/inventory/LVGZLKHJXJDDJO4LMVWLLYFCLU.jpg|https://media.getedealer.com/w_1280,h_960,q_90,c_l,v1/inventory/RULNWMORFJAQNDT7U2XIANJUXY.jpg|https://media.getedealer.com/w_1280,h_960,q_90,c_l,v1/inventory/BMNLL6MXLFGXFEVBBXZDMOAGEQ.jpg|https://media.getedealer.com/w_1280,h_960,q_90,c_l,v1/inventory/ZATHXJYMCFCZREOME35F4JWEKE.jpg|https://media.getedealer.com/w_1280,h_960,q_90,c_l,v1/inventory/WPFQ2IJWQBAAJELWFMKSJGFPSU.jpg|https://media.getedealer.com/w_1280,h_960,q_90,c_l,v1/inventory/UUDWQ3WAIBAVLKN62ESE252H24.jpg|https://media.getedealer.com/w_1280,h_960,q_90,c_l,v1/inventory/A4EQNGMQ3VH55CNET7I3EZK2A4.jpg|https://media.getedealer.com/w_1280,h_960,q_90,c_l,v1/inventory/I3J2WE4B2VAL7KND5ZN2DCJBZY.jpg|https://media.getedealer.com/w_1280,h_960,q_90,c_l,v1/inventory/QFAKNKFOZBGJLENQ6R7ARKU4XA.jpg",12/31/2025 7:30:49,FALSE
g5JXS7yzTf2T0qDda8dM5A,CHILLIWACK MITSUBISHI,,+1 672-784-5040,45510 Yale Rd,Chilliwack,BC,V2P 2M9,49.151131,-121.963743,bctPwzjKSe6LJ8BTB5YuxQ,JM3KFBCL6S0559099,NA559099,USED,2025,Mazda,CX-5,GS,GS AWD,36800,41299,SUV,White,Black,4,,Automatic,AWD,2.5,4,Gasoline,,Air Conditioning|Alloy Wheels|Backup Camera|Bluetooth Connection|Brake Assist|Cruise Control|Heated Seats|Keyless Entry|Lane Assist|Power Seats|Power Windows|Smart Device Integration,"https://media.getedealer.com/w_1280,h_960,q_90,c_l,v1/inventory/NYWBLPVJMBGMJBTNSV6XGLM3GA.jpg|https://media.getedealer.com/w_1280,h_960,q_90,c_l,v1/inventory/KE4FRW7NQBHCPANJWHPXYWM4JM.jpg|https://media.getedealer.com/w_1280,h_960,q_90,c_l,v1/inventory/PB6GLFJWNFC3NNIEPVYIPK2LTY.jpg|https://media.getedealer.com/w_1280,h_960,q_90,c_l,v1/inventory/3MYLP3QHOVF2ZKKADL65BEKXFA.jpg|https://media.getedealer.com/w_1280,h_960,q_90,c_l,v1/inventory/UF5HAYZECFHQNKOSMIFLUCKEDI.jpg|https://media.getedealer.com/w_1280,h_960,q_90,c_l,v1/inventory/FQFYTQ4F4VBG3IXZD5MRUBZEKU.jpg|https://media.getedealer.com/w_1280,h_960,q_90,c_l,v1/inventory/W2K2MDL65VFDZN6XW3IYUSLREE.jpg|https://media.getedealer.com/w_1280,h_960,q_90,c_l,v1/inventory/ERAC764QURE73NUTSJOFWC7L3Y.jpg|https://media.getedealer.com/w_1280,h_960,q_90,c_l,v1/inventory/CJOUIICFHFB2DCCDTUJH2Q6LMI.jpg|https://media.getedealer.com/w_1280,h_960,q_90,c_l,v1/inventory/7VNAN3SGEJEZFPCSKPBGDB5GMY.jpg|https://media.getedealer.com/w_1280,h_960,q_90,c_l,v1/inventory/JRNYQVAA4RFATCZDRZDCYARA7M.jpg|https://media.getedealer.com/w_1280,h_960,q_90,c_l,v1/inventory/5BKUPJFX5VBAFMMEPHBL77JN2M.jpg|https://media.getedealer.com/w_1280,h_960,q_90,c_l,v1/inventory/DRLWQP5YD5EBFAM3QYBF7TDI2M.jpg|https://media.getedealer.com/w_1280,h_960,q_90,c_l,v1/inventory/STH4RLRPWZDXNO7CKJZHN5Q7GE.jpg|https://media.getedealer.com/w_1280,h_960,q_90,c_l,v1/inventory/JGA27AX225HA3CU4PQFAR6IPDY.jpg|https://media.getedealer.com/w_1280,h_960,q_90,c_l,v1/inventory/7RKVAA5PUNAJLMMRK7K5AWXBCU.jpg|https://media.getedealer.com/w_1280,h_960,q_90,c_l,v1/inventory/GMCDEWF4NZCY3ISLXQK7THA23E.jpg|https://media.getedealer.com/w_1280,h_960,q_90,c_l,v1/inventory/RSFTMSD3BFFI3IGRZHEH2D5UHU.jpg|https://media.getedealer.com/w_1280,h_960,q_90,c_l,v1/inventory/Z23J4VBFPVAH3BIW3RCKP5W4QM.jpg|https://media.getedealer.com/w_1280,h_960,q_90,c_l,v1/inventory/4FKFVH2TVNHH5KBAEZX6CZLISE.jpg|https://media.getedealer.com/w_1280,h_960,q_90,c_l,v1/inventory/5G7CVLRQSRG7LHBOXWCSFCW2OY.jpg|https://media.getedealer.com/w_1280,h_960,q_90,c_l,v1/inventory/FX27RNUDFRBC7L24JTUTN5XJVY.jpg|https://media.getedealer.com/w_1280,h_960,q_90,c_l,v1/inventory/YIFLKWS3UNHTFAHB2F226HG2CY.jpg|https://media.getedealer.com/w_1280,h_960,q_90,c_l,v1/inventory/YRSZ2JBXN5BM7JVZUMAOKGW6MA.jpg",10-02-2025 08:15,FALSE
g5JXS7yzTf2T0qDda8dM5A,CHILLIWACK MITSUBISHI,,+1 672-784-5040,45510 Yale Rd,Chilliwack,BC,V2P 2M9,49.151131,-121.963743,bisYSnYmRpylIzPQcA4x3Q,JA4AHUAU8TU602710,MI602710,NEW,2026,Mitsubishi,RVR,ES,ES FWD,26873,22,SUV,Gray,,4,,Automatic,FWD,2,4,Gasoline,,Air Conditioning|Backup Camera|Bluetooth Connection|Brake Assist|Cruise Control|Heated Seats|Keyless Entry|Power Windows|Satellite Radio|Smart Device Integration,"https://media.getedealer.com/w_1280,h_960,q_90,c_l,v1/trim/YKRBLZ5AXRENXMXJJDXZGS4HF4.jpg|https://media.getedealer.com/w_1280,h_960,q_90,c_l,v1/trim/AFCWEVNPEFEYFBJ46MAJ5TNVUE.jpg|https://media.getedealer.com/w_1280,h_960,q_90,c_l,v1/trim/IE3XVWYY2FC5FHUONAD3Q65LQI.jpg|https://media.getedealer.com/w_1280,h_960,q_90,c_l,v1/trim/XBVCQN7LLBBRPLT6ZLTQEHGCZU.jpg|https://media.getedealer.com/w_1280,h_960,q_90,c_l,v1/trim/LRFHKYZVBJGNXMFFNFWVFOPNKU.jpg|https://media.getedealer.com/w_1280,h_960,q_90,c_l,v1/trim/ERZFQSVGKRFYFK7545WPWHE36M.jpg|https://media.getedealer.com/w_1280,h_960,q_90,c_l,v1/trim/MC2EOGTIPFATVAD4W4IPBM4BC4.jpg|https://media.getedealer.com/w_1280,h_960,q_90,c_l,v1/trim/UW3VU5JL65F5DGLU34CPO2WPXA.jpg|https://media.getedealer.com/w_1280,h_960,q_90,c_l,v1/trim/TEMFGBXNERGVHDNKYDMEGTNE7M.jpg|https://media.getedealer.com/w_1280,h_960,q_90,c_l,v1/trim/R2YRGDMF4FBWLH63B3ZPABZIOM.jpg|https://media.getedealer.com/w_1280,h_960,q_90,c_l,v1/trim/GHO32ES235EDLHLJD3BEUGEBZI.jpg|https://media.getedealer.com/w_1280,h_960,q_90,c_l,v1/trim/2SORNGSU2RB5ZHW4QLORN7AQDE.jpg",12/19/2025 7:33:33,FALSE
g5JXS7yzTf2T0qDda8dM5A,CHILLIWACK MITSUBISHI,,+1 672-784-5040,45510 Yale Rd,Chilliwack,BC,V2P 2M9,49.151131,-121.963743,bj8OF4crS6CpBAIECoSeyw,JA4T5VA95SZ608081,MI608081,NEW,2025,Mitsubishi,Outlander Plug-In Hybrid,SEL,SEL S-AWC,52598,30,SUV,Black,,4,,Automatic,4Ã—4,2.4,4,Gasoline / Electric Hybrid,,Air Conditioning|Alloy Wheels|Backup Camera|Bluetooth Connection|Brake Assist|Cruise Control|Heated Seats|Keyless Entry|Lane Assist|Parking Sensors|Power Windows|Satellite Radio|Smart Device Integration|Sunroof / Moonroof,"https://media.getedealer.com/w_1280,h_960,q_90,c_l,v1/inventory/EFYIT3NSUFGCDEZ46EHY2IYSXI.jpg|https://media.getedealer.com/w_1280,h_960,q_90,c_l,v1/inventory/UWRGM5CYYNFY7MZOXLEJNTFK6I.jpg|https://media.getedealer.com/w_1280,h_960,q_90,c_l,v1/inventory/L75ZLNOKFJBLPB7RDYDFW2MIU4.jpg|https://media.getedealer.com/w_1280,h_960,q_90,c_l,v1/inventory/BB7ETFKYSVDELDV3O5V63G2TRU.jpg|https://media.getedealer.com/w_1280,h_960,q_90,c_l,v1/inventory/H5JWBJD6TNDCTIIKV5BBGMYWSU.jpg|https://media.getedealer.com/w_1280,h_960,q_90,c_l,v1/inventory/I5F2KQJ2XNHQLGYYOSKWXBFKUU.jpg|https://media.getedealer.com/w_1280,h_960,q_90,c_l,v1/inventory/JYEJEASWTJG3NBH4EL7BPZVSSQ.jpg|https://media.getedealer.com/w_1280,h_960,q_90,c_l,v1/inventory/KGQP3L7F5NEEHKYWZB4T7ENYLA.jpg|https://media.getedealer.com/w_1280,h_960,q_90,c_l,v1/inventory/JI6GHZYOGNGKXNZAMO6IB6HTXA.jpg|https://media.getedealer.com/w_1280,h_960,q_90,c_l,v1/inventory/VEDPXRUSJVGXZAYPTFEXWOTGVM.jpg|https://media.getedealer.com/w_1280,h_960,q_90,c_l,v1/inventory/KLX4O4NBMVG7PE3VYPW4GKXELY.jpg|https://media.getedealer.com/w_1280,h_960,q_90,c_l,v1/inventory/BKLBXUNBLVAMLDIDFVRYO2TZWU.jpg|https://media.getedealer.com/w_1280,h_960,q_90,c_l,v1/inventory/XBB26IYUYBG2PKKYG33Y3N7WPA.jpg|https://media.getedealer.com/w_1280,h_960,q_90,c_l,v1/inventory/CS3LGTLUXRAW5E34BJSSWZH5K4.jpg|https://media.getedealer.com/w_1280,h_960,q_90,c_l,v1/inventory/3XSA6XWSOJBEZPZ3XKTV3UGZOY.jpg|https://media.getedealer.com/w_1280,h_960,q_90,c_l,v1/inventory/4RUUVW3M5ZEKHIU37WLQ5BLTBU.jpg|https://media.getedealer.com/w_1280,h_960,q_90,c_l,v1/inventory/VJ56KI3VARBUHKJKI74VLASTJU.jpg|https://media.getedealer.com/w_1280,h_960,q_90,c_l,v1/inventory/BZVN56OKWFHTJIDD65KMCDJQ7Q.jpg|https://media.getedealer.com/w_1280,h_960,q_90,c_l,v1/inventory/DYBB2JGGGRDGVL5EFGYJLJN7ME.jpg|https://media.getedealer.com/w_1280,h_960,q_90,c_l,v1/inventory/3OWFDWZI2VDSNM2K7ZPLXMUUWA.jpg|https://media.getedealer.com/w_1280,h_960,q_90,c_l,v1/inventory/FIPPLYXVTVHOPGWWG7VDURJ2I4.jpg|https://media.getedealer.com/w_1280,h_960,q_90,c_l,v1/inventory/VRO7SB7ARZDDHKMQJKCNH6V564.jpg|https://media.getedealer.com/w_1280,h_960,q_90,c_l,v1/inventory/VYG4JGBBVBCDBOEQNFNBPAUTI4.jpg|https://media.getedealer.com/w_1280,h_960,q_90,c_l,v1/inventory/5RPDJGI4TZAJLGE3JUFQFRDC6U.jpg",10-02-2025 08:15,FALSE
g5JXS7yzTf2T0qDda8dM5A,CHILLIWACK MITSUBISHI,,+1 672-784-5040,45510 Yale Rd,Chilliwack,BC,V2P 2M9,49.151131,-121.963743,ca0aZIBcSCiOP3VdgRuZaA,1N4AL3AP5HN356778,UU356778,USED,2017,Nissan,Altima,SL,SL,10650,234728,Sedan,Silver,Black,4,,Automatic,FWD,2.5,4,Gasoline,,Air Conditioning|Bluetooth Connection|Brake Assist|Cruise Control|Keyless Entry|Power Windows,"https://media.getedealer.com/w_1280,h_960,q_90,c_l,v1/inventory/OFAZ5AAMXFHNPLTLNN73JY27BU.jpg|https://media.getedealer.com/w_1280,h_960,q_90,c_l,v1/inventory/GFU6JVPWVRCB7FOVO2IJFY26ZU.jpg|https://media.getedealer.com/w_1280,h_960,q_90,c_l,v1/inventory/42Y4OZXBD5EVZOK6LGAJYZACQA.jpg|https://media.getedealer.com/w_1280,h_960,q_90,c_l,v1/inventory/XWZ7TAPRC5DY3EM77ZX5DDNT6A.jpg|https://media.getedealer.com/w_1280,h_960,q_90,c_l,v1/inventory/7C74T3H5ZFBVJCEBOK576OZBII.jpg|https://media.getedealer.com/w_1280,h_960,q_90,c_l,v1/inventory/J6UBMOQPSJDHFNABSXTBS4IAYU.jpg|https://media.getedealer.com/w_1280,h_960,q_90,c_l,v1/inventory/IHBEWF2BR5C7RJU2Q6PIEEINNQ.jpg|https://media.getedealer.com/w_1280,h_960,q_90,c_l,v1/inventory/EYRU2P4QVBBPLFYYBZPZEFSOIA.jpg|https://media.getedealer.com/w_1280,h_960,q_90,c_l,v1/inventory/F2CMHNP4X5FBRJTIZNWC4PENZY.jpg|https://media.getedealer.com/w_1280,h_960,q_90,c_l,v1/inventory/UX52HMX3PZDTLAS5DNBOXCJE6U.jpg|https://media.getedealer.com/w_1280,h_960,q_90,c_l,v1/inventory/FHGG3DBCCJGTXFRYXU2UI3AVWE.jpg|https://media.getedealer.com/w_1280,h_960,q_90,c_l,v1/inventory/MPL3NPEOLBF3JBHBXT6XPFNTWE.jpg|https://media.getedealer.com/w_1280,h_960,q_90,c_l,v1/inventory/OOBBZSI33ZDQ3FQIFUQS65ED2E.jpg|https://media.getedealer.com/w_1280,h_960,q_90,c_l,v1/inventory/37TFD3XHYBDGNGTC2627VDCAJY.jpg|https://media.getedealer.com/w_1280,h_960,q_90,c_l,v1/inventory/FLPAQ3VGOZAMRMBPKRP6XJEHKM.jpg|https://media.getedealer.com/w_1280,h_960,q_90,c_l,v1/inventory/P5R2VCL4C5D3VN7HFOBP7DP4ME.jpg|https://media.getedealer.com/w_1280,h_960,q_90,c_l,v1/inventory/QJYW27TBOVDR7LOVEHHI5N7PGA.jpg|https://media.getedealer.com/w_1280,h_960,q_90,c_l,v1/inventory/6RXQ54RJWVG2HMNGXEHUNABLK4.jpg|https://media.getedealer.com/w_1280,h_960,q_90,c_l,v1/inventory/2WIFTAFL3VE73IWEHXDEOWMB7Q.jpg|https://media.getedealer.com/w_1280,h_960,q_90,c_l,v1/inventory/FHM36TAPWNFHTH37LJFEQZECYM.jpg|https://media.getedealer.com/w_1280,h_960,q_90,c_l,v1/inventory/NFCLYT5IZNAXDKXW6TO6VXABRM.jpg|https://media.getedealer.com/w_1280,h_960,q_90,c_l,v1/inventory/HJM762G2ZBHVZMZSFOBZJPIDHM.jpg|https://media.getedealer.com/w_1280,h_960,q_90,c_l,v1/inventory/B3WVWCPBTBFFVBXK7X4WXEOXEY.jpg|https://media.getedealer.com/w_1280,h_960,q_90,c_l,v1/inventory/J26OGPNJCNAT3FJKWDDZNY2TBM.jpg|https://media.getedealer.com/w_1280,h_960,q_90,c_l,v1/inventory/WE2AMA2YSZGNDLJATHVQVCFWSE.jpg",10-02-2025 08:12,FALSE
g5JXS7yzTf2T0qDda8dM5A,CHILLIWACK MITSUBISHI,,+1 672-784-5040,45510 Yale Rd,Chilliwack,BC,V2P 2M9,49.151131,-121.963743,csysntR2SrWD5IiCfkoHbg,JA4T5VA95SZ623888,MI623888,NEW,2025,Mitsubishi,Outlander Plug-In Hybrid,SEL,SEL S-AWC,52598,30,SUV,Red,,4,,Automatic,4Ã—4,2.4,4,Gasoline / Electric Hybrid,,Air Conditioning|Alloy Wheels|Backup Camera|Bluetooth Connection|Brake Assist|Cruise Control|Heated Seats|Keyless Entry|Lane Assist|Parking Sensors|Power Windows|Satellite Radio|Smart Device Integration|Sunroof / Moonroof,"https://media.getedealer.com/w_1280,h_960,q_90,c_l,v1/inventory/NUO3Q73VVJB4NE7E5LQGVXLGPM.jpg|https://media.getedealer.com/w_1280,h_960,q_90,c_l,v1/inventory/K6NN4CMRHBDDHAA366VWBVJIY4.jpg|https://media.getedealer.com/w_1280,h_960,q_90,c_l,v1/inventory/XQAIKPXEUFEMHICMDIPGR2YCOQ.jpg|https://media.getedealer.com/w_1280,h_960,q_90,c_l,v1/inventory/TKAHYIH6UNCVTO7MJHTH6BJL5I.jpg|https://media.getedealer.com/w_1280,h_960,q_90,c_l,v1/inventory/BAPGAL7AANCILNKVZOQB5KKBMI.jpg|https://media.getedealer.com/w_1280,h_960,q_90,c_l,v1/inventory/EWD3YAP7G5BMZKUHI74XVCUB5M.jpg|https://media.getedealer.com/w_1280,h_960,q_90,c_l,v1/inventory/JLIOKFL4URDSXKHVVKBVTF6S5A.jpg|https://media.getedealer.com/w_1280,h_960,q_90,c_l,v1/inventory/LYJQE5F2ONCURBL4CKWOCALJ4E.jpg|https://media.getedealer.com/w_1280,h_960,q_90,c_l,v1/inventory/H4OR5UDFOFHN3JWWWBHQBXQC3A.jpg|https://media.getedealer.com/w_1280,h_960,q_90,c_l,v1/inventory/W7CAF4UTSRGA5IQY6T7F7W6IBE.jpg|https://media.getedealer.com/w_1280,h_960,q_90,c_l,v1/inventory/CC3X2YQEZNFKHITUPZBDFKI3HU.jpg|https://media.getedealer.com/w_1280,h_960,q_90,c_l,v1/inventory/U3AIIAHCYRGERAIUJDMVAU6G6Y.jpg|https://media.getedealer.com/w_1280,h_960,q_90,c_l,v1/inventory/UYV6ATTBAFH5XGN6BCC7QCRCNI.jpg|https://media.getedealer.com/w_1280,h_960,q_90,c_l,v1/inventory/CJV4SV467BGW7KWYYFCQEB7PXA.jpg|https://media.getedealer.com/w_1280,h_960,q_90,c_l,v1/inventory/EBLBYNJDDBDOXCOI74Y7KLB6BA.jpg|https://media.getedealer.com/w_1280,h_960,q_90,c_l,v1/inventory/KWUSVE5Q5FAAHJXXSXQUBK4SL4.jpg|https://media.getedealer.com/w_1280,h_960,q_90,c_l,v1/inventory/4BMIBEVXKZD4DF3YMNB7KGLGAI.jpg|https://media.getedealer.com/w_1280,h_960,q_90,c_l,v1/inventory/MFWTNYRTX5ET3NLHFUEFZY57VI.jpg|https://media.getedealer.com/w_1280,h_960,q_90,c_l,v1/inventory/HFX3FQBOUJBEBLYUXXLKFK547U.jpg|https://media.getedealer.com/w_1280,h_960,q_90,c_l,v1/inventory/WLUER2AZRBCG7GJ3EMSZEKTMZI.jpg|https://media.getedealer.com/w_1280,h_960,q_90,c_l,v1/inventory/2FUWWXJMU5BRZFY5Y3E6X74OUE.jpg|https://media.getedealer.com/w_1280,h_960,q_90,c_l,v1/inventory/4S4CHYGDJ5C4ZEVDFUEHJQVOGI.jpg|https://media.getedealer.com/w_1280,h_960,q_90,c_l,v1/inventory/7HAF3BOQ7VGA3DTBSZLYOM47L4.jpg",10-02-2025 08:15,FALSE
g5JXS7yzTf2T0qDda8dM5A,CHILLIWACK MITSUBISHI,,+1 672-784-5040,45510 Yale Rd,Chilliwack,BC,V2P 2M9,49.151131,-121.963743,dH1IVYYyQgi6gZq44iFKEw,JA4T5WA93SZ609865,MI609865,NEW,2025,Mitsubishi,Outlander Plug-In Hybrid,GT,GT S-AWC,54898,249,SUV,Gray,,4,,Automatic,4Ã—4,2.4,4,Gasoline / Electric Hybrid,,Air Conditioning|Alloy Wheels|Backup Camera|Bluetooth Connection|Brake Assist|Cruise Control|Heads Up Display|Heated Seats|Keyless Entry|Lane Assist|Leather Seats|Navigation System|Parking Sensors|Power Seats|Power Windows|Satellite Radio|Smart Device Integration|Sunroof / Moonroof,"https://media.getedealer.com/w_1280,h_960,q_90,c_l,v1/inventory/LKFO7OM5TFBQ5HL3BEWZJGR7D4.jpg|https://media.getedealer.com/w_1280,h_960,q_90,c_l,v1/inventory/CCGALZFFBZBKFF2NTEXQQVUTLU.jpg|https://media.getedealer.com/w_1280,h_960,q_90,c_l,v1/inventory/I5J4ZCW2TNDX7ACBPLCAFXVOTA.jpg|https://media.getedealer.com/w_1280,h_960,q_90,c_l,v1/inventory/SXR46TZUGFEU5PQBHTXKWO5ZEI.jpg|https://media.getedealer.com/w_1280,h_960,q_90,c_l,v1/inventory/3NLZ6NRB4NGRRCSRHACPAAZ434.jpg|https://media.getedealer.com/w_1280,h_960,q_90,c_l,v1/inventory/5WKJ5OZECZAVXFI6KJN47MGRSA.jpg|https://media.getedealer.com/w_1280,h_960,q_90,c_l,v1/inventory/WIPUIFUKEBB7TDEHOKWAEIWG2Q.jpg|https://media.getedealer.com/w_1280,h_960,q_90,c_l,v1/inventory/EPEMKFTYOVD3JDDIU23VB7W5LE.jpg|https://media.getedealer.com/w_1280,h_960,q_90,c_l,v1/inventory/VISGNTQVLBCOBPFZLIVBQJYN6U.jpg|https://media.getedealer.com/w_1280,h_960,q_90,c_l,v1/inventory/U5RIQO6Y6BGJ3MBFSFWKKELZKI.jpg|https://media.getedealer.com/w_1280,h_960,q_90,c_l,v1/inventory/W2H2ZAAENZB47M35PAIRFNDW3Q.jpg|https://media.getedealer.com/w_1280,h_960,q_90,c_l,v1/inventory/VSPKDMO7XFCWTABYG3M42EKHYA.jpg|https://media.getedealer.com/w_1280,h_960,q_90,c_l,v1/inventory/GVZG32ED3NC4JMQWOY47F52ASQ.jpg|https://media.getedealer.com/w_1280,h_960,q_90,c_l,v1/inventory/4JC6PCOIMBF75CQLNXV23AELBM.jpg|https://media.getedealer.com/w_1280,h_960,q_90,c_l,v1/inventory/JBYTNGZXQFBRTDT57Y7ZPTORXQ.jpg|https://media.getedealer.com/w_1280,h_960,q_90,c_l,v1/inventory/6O7ZDPOX5JDXZJ4HUMNVNQWOM4.jpg|https://media.getedealer.com/w_1280,h_960,q_90,c_l,v1/inventory/MS6RODEUD5GQRORH2V3QFM5WOM.jpg|https://media.getedealer.com/w_1280,h_960,q_90,c_l,v1/inventory/L4JEFYIRSBB6TCN4SQVTKYMG2Y.jpg|https://media.getedealer.com/w_1280,h_960,q_90,c_l,v1/inventory/ENVZWQQAEZENRJMSKYRLJPOWYE.jpg|https://media.getedealer.com/w_1280,h_960,q_90,c_l,v1/inventory/7OCS5RS3AVDERE32YAXGOSQDNM.jpg|https://media.getedealer.com/w_1280,h_960,q_90,c_l,v1/inventory/5V6M3HTSMNGKNFJL6GQBFVUE3A.jpg|https://media.getedealer.com/w_1280,h_960,q_90,c_l,v1/inventory/YVIZ4FNWK5F3RMWMJLB4MDL53E.jpg|https://media.getedealer.com/w_1280,h_960,q_90,c_l,v1/inventory/TK64H3M73ZEKXIJAYHKVYHRGMI.jpg|https://media.getedealer.com/w_1280,h_960,q_90,c_l,v1/inventory/O3SNFT5YDJCXFDBRGL6OIVYN6Y.jpg|https://media.getedealer.com/w_1280,h_960,q_90,c_l,v1/inventory/K4QTTAIDYNBUHBP4JBJZQCDG7E.jpg",10-02-2025 08:15,FALSE
g5JXS7yzTf2T0qDda8dM5A,CHILLIWACK MITSUBISHI,,+1 672-784-5040,45510 Yale Rd,Chilliwack,BC,V2P 2M9,49.151131,-121.963743,dfsaKcMkSXSnnshmD4vE2g,JA4T5VA97SZ621043,MI621043,NEW,2025,Mitsubishi,Outlander Plug-In Hybrid,SE,SE S-AWC,47598,30,SUV,Silver,,4,,Automatic,4Ã—4,2.4,4,Gasoline / Electric Hybrid,,Air Conditioning|Alloy Wheels|Backup Camera|Bluetooth Connection|Brake Assist|Cruise Control|Heated Seats|Keyless Entry|Lane Assist|Parking Sensors|Power Windows|Satellite Radio|Smart Device Integration|Sunroof / Moonroof,"https://media.getedealer.com/w_1280,h_960,q_90,c_l,v1/inventory/I5ZVFU7BRJG5RDPOBBL55XIJ4A.jpg|https://media.getedealer.com/w_1280,h_960,q_90,c_l,v1/inventory/626RYSAUUBALLGMULGKIYVXZ34.jpg|https://media.getedealer.com/w_1280,h_960,q_90,c_l,v1/inventory/WXT6SBTOVNGLVHG7WLL4CEM3OU.jpg|https://media.getedealer.com/w_1280,h_960,q_90,c_l,v1/inventory/7YP2DCENUZFN5G2YSMHCM4TO5I.jpg|https://media.getedealer.com/w_1280,h_960,q_90,c_l,v1/inventory/AVPBFTKFIFGOTEXK2D6ZZG6FXI.jpg|https://media.getedealer.com/w_1280,h_960,q_90,c_l,v1/inventory/UYWAVUQDEJDXXK62ZZLREFEHP4.jpg|https://media.getedealer.com/w_1280,h_960,q_90,c_l,v1/inventory/VTMABWYQEZCRHPISEAVVU6D4LA.jpg|https://media.getedealer.com/w_1280,h_960,q_90,c_l,v1/inventory/PPYJLYMP2RCK3B726S4KMULJRY.jpg|https://media.getedealer.com/w_1280,h_960,q_90,c_l,v1/inventory/ZOUF3D2MKNAEDAWQFEE3GQP3NU.jpg|https://media.getedealer.com/w_1280,h_960,q_90,c_l,v1/inventory/TE3SZNYY2RCDVBVDDGOSVZ5ZIE.jpg|https://media.getedealer.com/w_1280,h_960,q_90,c_l,v1/inventory/XES4DHQZ7BELDCPR4BJB3AYA3A.jpg|https://media.getedealer.com/w_1280,h_960,q_90,c_l,v1/inventory/MRDAS3C7OFFMXC2VSOAQ3Y3VV4.jpg|https://media.getedealer.com/w_1280,h_960,q_90,c_l,v1/inventory/AAEWN37LDJFVDHPQDFNUTHWHNQ.jpg|https://media.getedealer.com/w_1280,h_960,q_90,c_l,v1/inventory/6QTHASYZ45BI5K7QZ735U2E6C4.jpg|https://media.getedealer.com/w_1280,h_960,q_90,c_l,v1/inventory/TDQKTNBP3ZEL3NVOSQKWZVAYDE.jpg|https://media.getedealer.com/w_1280,h_960,q_90,c_l,v1/inventory/ZCWNLIAMVRBCZIPH6EMK37H5KI.jpg|https://media.getedealer.com/w_1280,h_960,q_90,c_l,v1/inventory/B2QQ2UN75NBPXI5KXCZELSUPCM.jpg|https://media.getedealer.com/w_1280,h_960,q_90,c_l,v1/inventory/A2VYWNKO65EQPA2F64BFCF3ASE.jpg|https://media.getedealer.com/w_1280,h_960,q_90,c_l,v1/inventory/ZJ7WUNKHCBFOZGJJATXMG5ZLXA.jpg|https://media.getedealer.com/w_1280,h_960,q_90,c_l,v1/inventory/KMEGGKZDCVBF5KCHXNNHEFEFEI.jpg|https://media.getedealer.com/w_1280,h_960,q_90,c_l,v1/inventory/4RBW56FD25HOTGEDC3SMHNVSIQ.jpg|https://media.getedealer.com/w_1280,h_960,q_90,c_l,v1/inventory/A4QFTH4OARC2FLY4ASBATZXZQQ.jpg|https://media.getedealer.com/w_1280,h_960,q_90,c_l,v1/inventory/IPIU6LBGQJE4DMC2QIZD7E3U3Q.jpg|https://media.getedealer.com/w_1280,h_960,q_90,c_l,v1/inventory/3CD3STEM6ZDA7GCZ64PDHBBDJA.jpg",10-02-2025 08:15,FALSE
g5JXS7yzTf2T0qDda8dM5A,CHILLIWACK MITSUBISHI,,+1 672-784-5040,45510 Yale Rd,Chilliwack,BC,V2P 2M9,49.151131,-121.963743,dm2N42oBSGKZHoUiGu6ECQ,JA4J4VA80RZ601289,VA601289,USED,2024,Mitsubishi,Outlander,SEL,SEL S-AWC,44350,3630,SUV,Red,Black,4,,Automatic,4Ã—4,2.5,4,Gasoline,,Air Conditioning|Alloy Wheels|Backup Camera|Bluetooth Connection|Brake Assist|Cruise Control|Heated Seats|Keyless Entry|Lane Assist|Parking Sensors|Power Windows|Satellite Radio|Smart Device Integration|Sunroof / Moonroof,"https://media.getedealer.com/w_1280,h_960,q_90,c_l,v1/inventory/GUMJDYBRNBA2TELNPZWBP34ZHQ.jpg|https://media.getedealer.com/w_1280,h_960,q_90,c_l,v1/inventory/3NLZZZZ4PNCMNKT36XFPW54BOY.jpg|https://media.getedealer.com/w_1280,h_960,q_90,c_l,v1/inventory/CIPUECXP3NDQJAVAZYK7ILBYQA.jpg|https://media.getedealer.com/w_1280,h_960,q_90,c_l,v1/inventory/TPSHO754YRFBJFFYSRHUSVV5SY.jpg|https://media.getedealer.com/w_1280,h_960,q_90,c_l,v1/inventory/EDE5MIUVWJHLDKPNVS7VFBQ7DY.jpg|https://media.getedealer.com/w_1280,h_960,q_90,c_l,v1/inventory/J4XNAHDPTFEY5NNB6QNJPPVFKA.jpg|https://media.getedealer.com/w_1280,h_960,q_90,c_l,v1/inventory/WEQESFNWUVAR3NRGS7YLNOUMEA.jpg|https://media.getedealer.com/w_1280,h_960,q_90,c_l,v1/inventory/LXFQZMX6RJGG7OCYLUHLON2AWQ.jpg|https://media.getedealer.com/w_1280,h_960,q_90,c_l,v1/inventory/GPYVOZIAARAFXIJ5FQ6HIHFR3U.jpg|https://media.getedealer.com/w_1280,h_960,q_90,c_l,v1/inventory/UCOT67LV6ZCLXAFSFQUSUCIDIU.jpg|https://media.getedealer.com/w_1280,h_960,q_90,c_l,v1/inventory/D3453PFCLFGBZCZHNU7CIDLSHU.jpg|https://media.getedealer.com/w_1280,h_960,q_90,c_l,v1/inventory/NLZY3GN22JF2DKFUIK4OHWT6HM.jpg|https://media.getedealer.com/w_1280,h_960,q_90,c_l,v1/inventory/RRTMUBRYOVD3HCFV3ZTCTCG34M.jpg|https://media.getedealer.com/w_1280,h_960,q_90,c_l,v1/inventory/5K6FKDFZUZBSJLRU7CJBTW5VCE.jpg|https://media.getedealer.com/w_1280,h_960,q_90,c_l,v1/inventory/7EPF36SOWZGFTFKPPQWHFQCIYA.jpg|https://media.getedealer.com/w_1280,h_960,q_90,c_l,v1/inventory/UCMKSST5RFA2RPQ6L62I2OSYUI.jpg|https://media.getedealer.com/w_1280,h_960,q_90,c_l,v1/inventory/HUCFCGIHQRABTDUQCAE57SSDMM.jpg|https://media.getedealer.com/w_1280,h_960,q_90,c_l,v1/inventory/3RXK3VVCEFDKNN3THFLHZRVVG4.jpg|https://media.getedealer.com/w_1280,h_960,q_90,c_l,v1/inventory/RJTJBYGGWFDFBP5W5G4ACBXZCA.jpg|https://media.getedealer.com/w_1280,h_960,q_90,c_l,v1/inventory/77PN6FBPSVCBDENPFNPQLBPQUQ.jpg|https://media.getedealer.com/w_1280,h_960,q_90,c_l,v1/inventory/US6YCXSRJNEGFMF2LLMQ6QWMHU.jpg|https://media.getedealer.com/w_1280,h_960,q_90,c_l,v1/inventory/ITBOAALO3ZH7BHOX3Z7SDLNOCM.jpg|https://media.getedealer.com/w_1280,h_960,q_90,c_l,v1/inventory/GUPN4BWPONAEJF2YOCXZOCG5BY.jpg|https://media.getedealer.com/w_1280,h_960,q_90,c_l,v1/inventory/XG5Z34BKPVATBGBREFUCIM63HI.jpg",10-02-2025 08:14,FALSE
g5JXS7yzTf2T0qDda8dM5A,CHILLIWACK MITSUBISHI,,+1 672-784-5040,45510 Yale Rd,Chilliwack,BC,V2P 2M9,49.151131,-121.963743,eSkEei4NRsWcqkj3Gi0x5Q,JA4AJUAUXRU601748,AA601748,USED,2024,Mitsubishi,RVR,ES,ES AWC,27800,57895,SUV,White,,4,,Automatic,4Ã—4,2,4,Gasoline,,Air Conditioning|Backup Camera|Bluetooth Connection|Brake Assist|Cruise Control|Heated Seats|Keyless Entry|Power Windows|Satellite Radio|Smart Device Integration,"https://media.getedealer.com/w_1280,h_960,q_90,c_l,v1/inventory/6UCDIQHN7JGSFNMKCSFAT44ETM.jpg|https://media.getedealer.com/w_1280,h_960,q_90,c_l,v1/inventory/ZCWAIJK7T5HEBNLRDPW6BRNQII.jpg|https://media.getedealer.com/w_1280,h_960,q_90,c_l,v1/inventory/VSSQYACUPRGDFOJ5VOIJI5DKME.jpg|https://media.getedealer.com/w_1280,h_960,q_90,c_l,v1/inventory/IVQJVOBEZZFI3I55NIGVA6IG7I.jpg|https://media.getedealer.com/w_1280,h_960,q_90,c_l,v1/inventory/KERNWLAJUJDXPK7LH3FSO2WTVI.jpg|https://media.getedealer.com/w_1280,h_960,q_90,c_l,v1/inventory/3W4I4ENHONH6VGFLLVSGP6LBPA.jpg|https://media.getedealer.com/w_1280,h_960,q_90,c_l,v1/inventory/VGRSBKQS5JG4PAKZBHUGCP32XQ.jpg|https://media.getedealer.com/w_1280,h_960,q_90,c_l,v1/inventory/EJLRY6EXEFEYPG3ILBCU2Z5ZDI.jpg|https://media.getedealer.com/w_1280,h_960,q_90,c_l,v1/inventory/UFKWJ5EUHRHITAWMSKHQ2K7QLQ.jpg|https://media.getedealer.com/w_1280,h_960,q_90,c_l,v1/inventory/LX2AXMFFRBCK5D3WQHT7QCFHBA.jpg|https://media.getedealer.com/w_1280,h_960,q_90,c_l,v1/inventory/NYLHYVHYMFGDJCQV532S42WPW4.jpg|https://media.getedealer.com/w_1280,h_960,q_90,c_l,v1/inventory/EWO36V6MZFDADIEZYMPTKV6O6I.jpg|https://media.getedealer.com/w_1280,h_960,q_90,c_l,v1/inventory/HK2QWMQYXJDPLDSAQTBWQX7WD4.jpg|https://media.getedealer.com/w_1280,h_960,q_90,c_l,v1/inventory/E6JOBSXOVBEDLC62JXKRUCDM3Y.jpg|https://media.getedealer.com/w_1280,h_960,q_90,c_l,v1/inventory/D6MAUNG6LBH4VHW5BMII5N37JM.jpg|https://media.getedealer.com/w_1280,h_960,q_90,c_l,v1/inventory/MK4JOWNDMJA5JL7S4BOALHZIIM.jpg|https://media.getedealer.com/w_1280,h_960,q_90,c_l,v1/inventory/NR6NJ7TW6FCQ5DPC3HJD75WCNE.jpg|https://media.getedealer.com/w_1280,h_960,q_90,c_l,v1/inventory/TE6I5YB7SFCBTFMIXGTRDC5K6E.jpg|https://media.getedealer.com/w_1280,h_960,q_90,c_l,v1/inventory/IDZB2HJ7FBDVJOMLISLETXBU4E.jpg|https://media.getedealer.com/w_1280,h_960,q_90,c_l,v1/inventory/XUX4NHHVDVAQPP46VGJOPZX66M.jpg|https://media.getedealer.com/w_1280,h_960,q_90,c_l,v1/inventory/TZ75F36JCVEHFCEPJ5NS7FRL5E.jpg|https://media.getedealer.com/w_1280,h_960,q_90,c_l,v1/inventory/TPELTYHRTVFCPGJWHXFDT3W7WU.jpg|https://media.getedealer.com/w_1280,h_960,q_90,c_l,v1/inventory/KGADMHUG65B65JHDHPXHF7YI6I.jpg|https://media.getedealer.com/w_1280,h_960,q_90,c_l,v1/inventory/ZTV67OG3UZCDVFJPQWE5ZUEINM.jpg|https://media.getedealer.com/w_1280,h_960,q_90,c_l,v1/inventory/ALCQULIFOFD6LGOIBKFLLNEQCA.jpg",10-02-2025 08:14,FALSE
g5JXS7yzTf2T0qDda8dM5A,CHILLIWACK MITSUBISHI,,+1 672-784-5040,45510 Yale Rd,Chilliwack,BC,V2P 2M9,49.151131,-121.963743,ektnCOoRTsC4eR6baNU0zA,1C6RR7PT7JS107890,NA107890,USED,2018,Ram,1500,Limited,"Limited 4x4 Crew Cab 5'7"" Box *Ltd Avail*",31650,176522,Truck,Black,Black,4,,Automatic,4Ã—4,5.7,8,Gasoline,,Air Conditioning|Alloy Wheels|Backup Camera|Bluetooth Connection|Brake Assist|Cooled Seats|Cruise Control|Heated Seats|Keyless Entry|Navigation System|Parking Sensors|Power Seats|Power Windows|Remote Start|Satellite Radio|Smart Device Integration,"https://media.getedealer.com/w_1280,h_960,q_90,c_l,v1/inventory/P4WC5EBEWRCQROVSNNKMPMVLVA.jpg|https://media.getedealer.com/w_1280,h_960,q_90,c_l,v1/inventory/TWYNKMRPPFH6RJ6VCLWAAGQXA4.jpg|https://media.getedealer.com/w_1280,h_960,q_90,c_l,v1/inventory/NENHSH66D5DHHMTDDUHR4QZR2Q.jpg|https://media.getedealer.com/w_1280,h_960,q_90,c_l,v1/inventory/VOEI5F5MNFET3OKYR5CK5YXKZE.jpg|https://media.getedealer.com/w_1280,h_960,q_90,c_l,v1/inventory/WRU2JBMHDNBL5CEQGZOUL2QZUA.jpg|https://media.getedealer.com/w_1280,h_960,q_90,c_l,v1/inventory/YABUEFLY3NGSDNMP7B2Y77FJZM.jpg|https://media.getedealer.com/w_1280,h_960,q_90,c_l,v1/inventory/BK7MXNIJEVGH3DPK3WKVQ76CXA.jpg|https://media.getedealer.com/w_1280,h_960,q_90,c_l,v1/inventory/4CUCL3EYSVDFDH2MYK4KFDQT44.jpg|https://media.getedealer.com/w_1280,h_960,q_90,c_l,v1/inventory/QRGK3WEZ5ZDIZIJSMBGOWUA3MY.jpg|https://media.getedealer.com/w_1280,h_960,q_90,c_l,v1/inventory/5AHIYO3PQBDBDBOSM7CRKAW5BQ.jpg|https://media.getedealer.com/w_1280,h_960,q_90,c_l,v1/inventory/XXYZBT66BJD35CXBUUDZVBIUJQ.jpg|https://media.getedealer.com/w_1280,h_960,q_90,c_l,v1/inventory/FDDHR7QS4VDZ7HK7BHYPC7WGH4.jpg|https://media.getedealer.com/w_1280,h_960,q_90,c_l,v1/inventory/CWUA5NDBWVCHZAZ3FOJ6GRBI6Q.jpg|https://media.getedealer.com/w_1280,h_960,q_90,c_l,v1/inventory/HO7JGZJWNBDQZO6YC5OBJRAFFE.jpg|https://media.getedealer.com/w_1280,h_960,q_90,c_l,v1/inventory/MB32MRR7BBF5BCPA7DMILOEL5I.jpg|https://media.getedealer.com/w_1280,h_960,q_90,c_l,v1/inventory/37K2FUYGNZAFJGKSRQ2FPEDLWQ.jpg|https://media.getedealer.com/w_1280,h_960,q_90,c_l,v1/inventory/BTYK4GWWBJGRZJVUPLOBDGIOX4.jpg|https://media.getedealer.com/w_1280,h_960,q_90,c_l,v1/inventory/R5IKJWQ5JVEM5DK45K44P6DLZI.jpg|https://media.getedealer.com/w_1280,h_960,q_90,c_l,v1/inventory/VQLXHB42SREYVGQSIUGCASKRTI.jpg|https://media.getedealer.com/w_1280,h_960,q_90,c_l,v1/inventory/NCRVQ4PJ6JE3RJHBFRRYVSE2XQ.jpg|https://media.getedealer.com/w_1280,h_960,q_90,c_l,v1/inventory/CG7UUS2YHJBYVPDB3CSEO3YDWA.jpg|https://media.getedealer.com/w_1280,h_960,q_90,c_l,v1/inventory/JQNKSBGY5NFY5HVK2R5G7PMGJU.jpg|https://media.getedealer.com/w_1280,h_960,q_90,c_l,v1/inventory/NL255QCPBRG47MHX5SGO45ATBI.jpg|https://media.getedealer.com/w_1280,h_960,q_90,c_l,v1/inventory/LRZGZUVXHFABPI6FAGMEDBE4IQ.jpg|https://media.getedealer.com/w_1280,h_960,q_90,c_l,v1/inventory/A3J5OA7CAVEJNLXNYVK76AZCOA.jpg",10-02-2025 08:12,FALSE
g5JXS7yzTf2T0qDda8dM5A,CHILLIWACK MITSUBISHI,,+1 672-784-5040,45510 Yale Rd,Chilliwack,BC,V2P 2M9,49.151131,-121.963743,eusfRq1ZQ9CRDvyYoml29g,2HKRW2H94HH129183,UU129183,USED,2017,Honda,CR-V,Touring,4WD Touring,24300,163943,SUV,Gray,,4,,Automatic,AWD,1.5,4,Gasoline,,Air Conditioning|Alloy Wheels|Backup Camera|Bluetooth Connection|Brake Assist|Cruise Control|Heated Seats|Keyless Entry|Lane Assist|Leather Seats|Navigation System|Power Seats|Power Windows|Remote Start|Satellite Radio|Smart Device Integration|Sunroof / Moonroof,"https://media.getedealer.com/w_1280,h_960,q_90,c_l,v1/inventory/D4TTJ756PZFV7NPUITPGLIO2TE.jpg|https://media.getedealer.com/w_1280,h_960,q_90,c_l,v1/inventory/SNC3LWBGVZHR3BJUU3VAVURVJQ.jpg|https://media.getedealer.com/w_1280,h_960,q_90,c_l,v1/inventory/URSEAUJIBZB6XJWJ2YHX6WHMFQ.jpg|https://media.getedealer.com/w_1280,h_960,q_90,c_l,v1/inventory/MPCGTRTX7BEONIMRLFBG4PKGNM.jpg|https://media.getedealer.com/w_1280,h_960,q_90,c_l,v1/inventory/PUYVZX576RDJJOXE5Z3NGZNEFM.jpg|https://media.getedealer.com/w_1280,h_960,q_90,c_l,v1/inventory/G7UXQWYQ2BBS7MTLNKLJ2A5CTY.jpg|https://media.getedealer.com/w_1280,h_960,q_90,c_l,v1/inventory/PNYIJHYMMVBXJHGSWEQV6Y3APA.jpg|https://media.getedealer.com/w_1280,h_960,q_90,c_l,v1/inventory/7IC3WTZ2HFFEHJG3374ZBMVU5I.jpg|https://media.getedealer.com/w_1280,h_960,q_90,c_l,v1/inventory/6M5MAZMJTNDQJKRJRUGFHZ76Z4.jpg|https://media.getedealer.com/w_1280,h_960,q_90,c_l,v1/inventory/7S4XVHQGYNDYJI2WT6CQWSJB7A.jpg|https://media.getedealer.com/w_1280,h_960,q_90,c_l,v1/inventory/RX3PCZW3Y5CW5MUTI5NPSFV6LQ.jpg|https://media.getedealer.com/w_1280,h_960,q_90,c_l,v1/inventory/NLPFXYAFC5AYTHLHRPVEHFTVQY.jpg|https://media.getedealer.com/w_1280,h_960,q_90,c_l,v1/inventory/SYNHTJ72QJDDJHZHV5YOCPH5FU.jpg|https://media.getedealer.com/w_1280,h_960,q_90,c_l,v1/inventory/AWDVZB3V7NEKZIHEZWP544CNAM.jpg|https://media.getedealer.com/w_1280,h_960,q_90,c_l,v1/inventory/XAGOKMFRFZERTGNGOB2DRWDZMI.jpg|https://media.getedealer.com/w_1280,h_960,q_90,c_l,v1/inventory/OKG5EAUXQJARFIU2J7ZRZGNT7E.jpg|https://media.getedealer.com/w_1280,h_960,q_90,c_l,v1/inventory/BSJRQX4BHBF3VLJLNXSADJNNLY.jpg|https://media.getedealer.com/w_1280,h_960,q_90,c_l,v1/inventory/DCSE6PWQ6NCVDJROEID3DQM6IY.jpg|https://media.getedealer.com/w_1280,h_960,q_90,c_l,v1/inventory/4U44FHFXXFDOHHR5OYGLB22LAE.jpg|https://media.getedealer.com/w_1280,h_960,q_90,c_l,v1/inventory/LQOFSJRJDBF3BMLHKSER52UK3I.jpg|https://media.getedealer.com/w_1280,h_960,q_90,c_l,v1/inventory/3G6ZIWFUGVCVRC56SKUCO4A6QQ.jpg|https://media.getedealer.com/w_1280,h_960,q_90,c_l,v1/inventory/3VZ3IF65NJC73JMAVWX7P2JXGE.jpg|https://media.getedealer.com/w_1280,h_960,q_90,c_l,v1/inventory/N7DEIHJYHNDC5CB6TALOIUVH3E.jpg|https://media.getedealer.com/w_1280,h_960,q_90,c_l,v1/inventory/IYRYA5APYJGQZHGK46A6WVVZSM.jpg",10-02-2025 08:13,FALSE
g5JXS7yzTf2T0qDda8dM5A,CHILLIWACK MITSUBISHI,,+1 672-784-5040,45510 Yale Rd,Chilliwack,BC,V2P 2M9,49.151131,-121.963743,fH1RNV8JTmuNW6qk2IEfUg,3N1CP5DV2RL542022,VA542022,USED,2024,Nissan,Kicks,SR,SR FWD,26800,18000,SUV,,,4,,Automatic,FWD,1.6,4,Gasoline,,Air Conditioning|Alloy Wheels|Backup Camera|Bluetooth Connection|Brake Assist|Cruise Control|Heated Seats|Keyless Entry|Lane Assist|Parking Sensors|Power Windows|Remote Start|Satellite Radio|Smart Device Integration,"https://media.getedealer.com/w_1280,h_960,q_90,c_l,v1/inventory/HFP3SG4YZND5DPFFWTV2CQ7W7Y.jpg|https://media.getedealer.com/w_1280,h_960,q_90,c_l,v1/inventory/B7PYY2Z6IZFGLN5PQGS3SS676Q.jpg|https://media.getedealer.com/w_1280,h_960,q_90,c_l,v1/inventory/W4VVAE6EBBFH5H27JD4ZFMON5M.jpg|https://media.getedealer.com/w_1280,h_960,q_90,c_l,v1/inventory/4MFGLSJAZVBYFDZ4L2RPG6EGOM.jpg|https://media.getedealer.com/w_1280,h_960,q_90,c_l,v1/inventory/UPBIJNGW4JAITGX3U3UOC5ANHA.jpg|https://media.getedealer.com/w_1280,h_960,q_90,c_l,v1/inventory/24F4NEEDMJFPJF2OWO2IFA7VU4.jpg|https://media.getedealer.com/w_1280,h_960,q_90,c_l,v1/inventory/QTHX4PIO2VF4RI4FVX2R2D7C6Y.jpg|https://media.getedealer.com/w_1280,h_960,q_90,c_l,v1/inventory/DDMTRFFPPRHRXCLWYJVQXSKIJ4.jpg|https://media.getedealer.com/w_1280,h_960,q_90,c_l,v1/inventory/FBDPIG5SUZFVDN57OQ74PFWOKI.jpg|https://media.getedealer.com/w_1280,h_960,q_90,c_l,v1/inventory/EOMTS6LJZFFQNAQ4FKYDHI6YJ4.jpg|https://media.getedealer.com/w_1280,h_960,q_90,c_l,v1/inventory/XYH4V4BLNRA3ZEZ44DNFMY7GKA.jpg",12-03-2025 07:34,FALSE
g5JXS7yzTf2T0qDda8dM5A,CHILLIWACK MITSUBISHI,,+1 672-784-5040,45510 Yale Rd,Chilliwack,BC,V2P 2M9,49.151131,-121.963743,fM7CoDU4QaiuXlpSAKqWCg,1C6RRFBG1NN308192,UU308192,USED,2022,Ram,1500,Big Horn,"Big Horn 4x4 Quad Cab 6'4"" Box",47600,13437,Truck,White,Gray,4,,Automatic,4Ã—4,3.6,6,Flex Fuel,,Air Conditioning|Backup Camera|Bluetooth Connection|Brake Assist|Cruise Control|Keyless Entry|Power Windows,"https://media.getedealer.com/w_1280,h_960,q_90,c_l,v1/inventory/4TYVVGUBOFEIZF2M7TMERF7V3A.jpg|https://media.getedealer.com/w_1280,h_960,q_90,c_l,v1/inventory/YFL5IXV4ENHWBJCBJBLTDR3XYY.jpg|https://media.getedealer.com/w_1280,h_960,q_90,c_l,v1/inventory/W2H6IDQUQBCWHNTVT35JK73RA4.jpg|https://media.getedealer.com/w_1280,h_960,q_90,c_l,v1/inventory/RA64FHSEUNEDBKQUTTNC6VYPG4.jpg|https://media.getedealer.com/w_1280,h_960,q_90,c_l,v1/inventory/TFKZJVLGHJD3XJYRRHANT36TEY.jpg|https://media.getedealer.com/w_1280,h_960,q_90,c_l,v1/inventory/TWK4GC22X5ED5CKJPLFVFRTB3Y.jpg|https://media.getedealer.com/w_1280,h_960,q_90,c_l,v1/inventory/BOOL73WOKVH25IMHK5W2A774BI.jpg|https://media.getedealer.com/w_1280,h_960,q_90,c_l,v1/inventory/V2VRAMM7ERDURPKCOK547BEZH4.jpg|https://media.getedealer.com/w_1280,h_960,q_90,c_l,v1/inventory/SPAN5BI3PZA4XFIHVP77ULVMLI.jpg|https://media.getedealer.com/w_1280,h_960,q_90,c_l,v1/inventory/B4BPZZXU7REAZHKJ3JIKIJG274.jpg|https://media.getedealer.com/w_1280,h_960,q_90,c_l,v1/inventory/UV6ZTX6JANFVDJXPFBYE65FLHI.jpg|https://media.getedealer.com/w_1280,h_960,q_90,c_l,v1/inventory/PDNY4DW5MBAUFHL5X6Q2E6ZC6Y.jpg|https://media.getedealer.com/w_1280,h_960,q_90,c_l,v1/inventory/CWHSTAPCRVHRVBIYQA27P4SHZQ.jpg|https://media.getedealer.com/w_1280,h_960,q_90,c_l,v1/inventory/Y4MRUMQMFNDYRAG2PIISLQGXSI.jpg|https://media.getedealer.com/w_1280,h_960,q_90,c_l,v1/inventory/F3ZBQQIDARB7ROHOKJUOM6BG6Q.jpg|https://media.getedealer.com/w_1280,h_960,q_90,c_l,v1/inventory/QPXN3BCPORBQREH2IBKP3V5WUM.jpg|https://media.getedealer.com/w_1280,h_960,q_90,c_l,v1/inventory/YTMCM4MSXJA65LZRQEQ6UTBNYA.jpg|https://media.getedealer.com/w_1280,h_960,q_90,c_l,v1/inventory/5IQRDCBMCJBG3LHTDIMNGLY5TA.jpg|https://media.getedealer.com/w_1280,h_960,q_90,c_l,v1/inventory/AJFZ6ID34ZCVNFE3OTBRCK5E4A.jpg|https://media.getedealer.com/w_1280,h_960,q_90,c_l,v1/inventory/NE25B435W5C4PCQBWKC6Y5UWN4.jpg|https://media.getedealer.com/w_1280,h_960,q_90,c_l,v1/inventory/T2YNFIEADJCINLWEYG75OWVTQQ.jpg|https://media.getedealer.com/w_1280,h_960,q_90,c_l,v1/inventory/C7W65MUTXBCMFBU67LX7UBPABI.jpg|https://media.getedealer.com/w_1280,h_960,q_90,c_l,v1/inventory/EZBNCEXLOZEABIASXSMEJKGL4E.jpg|https://media.getedealer.com/w_1280,h_960,q_90,c_l,v1/inventory/VCDBSOLIUBHRDJGD4G6QNSHJ2A.jpg",10-02-2025 08:12,FALSE
g5JXS7yzTf2T0qDda8dM5A,CHILLIWACK MITSUBISHI,,+1 672-784-5040,45510 Yale Rd,Chilliwack,BC,V2P 2M9,49.151131,-121.963743,fwq7fTybRKCvIWxW1s4Udg,JA4J4VA8XSZ620440,MI620440,NEW,2025,Mitsubishi,Outlander,SEL,SEL S-AWC,44598,30,SUV,Gray,,4,,Automatic,4Ã—4,2.5,4,Gasoline,,Air Conditioning|Alloy Wheels|Backup Camera|Bluetooth Connection|Brake Assist|Cruise Control|Heated Seats|Keyless Entry|Lane Assist|Parking Sensors|Power Windows|Satellite Radio|Smart Device Integration|Sunroof / Moonroof,"https://media.getedealer.com/w_1280,h_960,q_90,c_l,v1/inventory/47RO6F4ZRZHEJB5UVGP4RP5FGA.jpg|https://media.getedealer.com/w_1280,h_960,q_90,c_l,v1/inventory/S6FTIHVWYRB2RFVXYLVOYZXYQQ.jpg|https://media.getedealer.com/w_1280,h_960,q_90,c_l,v1/inventory/G2NUQVWRMZA4JMJBQL3NWF7EGQ.jpg|https://media.getedealer.com/w_1280,h_960,q_90,c_l,v1/inventory/XL6NWAINIVC47NBB3PO656FZHQ.jpg|https://media.getedealer.com/w_1280,h_960,q_90,c_l,v1/inventory/LQA42QMINNGTRDYCMPEQCDGGGU.jpg|https://media.getedealer.com/w_1280,h_960,q_90,c_l,v1/inventory/ZWDDKHGI3JFFHF76GBWIVDGU3U.jpg|https://media.getedealer.com/w_1280,h_960,q_90,c_l,v1/inventory/XPPBDFIJFRGBZMNO34DRXKRUSQ.jpg|https://media.getedealer.com/w_1280,h_960,q_90,c_l,v1/inventory/UW5T66E2WZH4XOSZOVKEWA4LPE.jpg|https://media.getedealer.com/w_1280,h_960,q_90,c_l,v1/inventory/UFLSITOIP5GFTDPPOMF6D7HY7U.jpg|https://media.getedealer.com/w_1280,h_960,q_90,c_l,v1/inventory/7NDHFDEVFNGFZD6UIFHHYTGWQY.jpg|https://media.getedealer.com/w_1280,h_960,q_90,c_l,v1/inventory/LKGQQJ6AGZA5VOOINAYXM5PVYQ.jpg|https://media.getedealer.com/w_1280,h_960,q_90,c_l,v1/inventory/AL76R7KAORBLNFMGMZBTHC2C54.jpg|https://media.getedealer.com/w_1280,h_960,q_90,c_l,v1/inventory/AOR7Y5JDNRHGBAMRI7V6FMSLFI.jpg|https://media.getedealer.com/w_1280,h_960,q_90,c_l,v1/inventory/5ZYRIPLSBNGGZKFKMQTRK4FMCM.jpg|https://media.getedealer.com/w_1280,h_960,q_90,c_l,v1/inventory/65HXJ6NXR5EWPPQKPL2SGKZDIQ.jpg|https://media.getedealer.com/w_1280,h_960,q_90,c_l,v1/inventory/L6MCMC5DFVFNDGZXU7GDC62OAI.jpg|https://media.getedealer.com/w_1280,h_960,q_90,c_l,v1/inventory/OMA5K4XQ4BCAZFJAMBF53HNX2Q.jpg|https://media.getedealer.com/w_1280,h_960,q_90,c_l,v1/inventory/YJYWOKMITRAV3AFJ4N6XGLLK2Q.jpg|https://media.getedealer.com/w_1280,h_960,q_90,c_l,v1/inventory/SQU5KQYLEFGKPJUBHDMUX256W4.jpg|https://media.getedealer.com/w_1280,h_960,q_90,c_l,v1/inventory/2YX6TRKUBVADTIQWO6HAB5AYPI.jpg|https://media.getedealer.com/w_1280,h_960,q_90,c_l,v1/inventory/KRHEMDA2BJBNBOYU77THP5FGVY.jpg|https://media.getedealer.com/w_1280,h_960,q_90,c_l,v1/inventory/KI6TE26LHRCO5IJRAU6LFWN2BQ.jpg|https://media.getedealer.com/w_1280,h_960,q_90,c_l,v1/inventory/JX3AG3JCRVEY7AF4DXUBBWKW2M.jpg|https://media.getedealer.com/w_1280,h_960,q_90,c_l,v1/inventory/7I2KSXKPBNAMDBFT5GNMSFOURE.jpg",10-02-2025 08:15,FALSE
g5JXS7yzTf2T0qDda8dM5A,CHILLIWACK MITSUBISHI,,+1 672-784-5040,45510 Yale Rd,Chilliwack,BC,V2P 2M9,49.151131,-121.963743,hdJysdBgQ6a229MUacL4ag,5XYZUDLA8JG533409,VA533409,USED,2018,Hyundai,Santa Fe Sport,SE,2.0T SE AWD,22200,102333,SUV,Silver,Black,4,,Automatic,AWD,2,4,Gasoline,,Air Conditioning|Alloy Wheels|Backup Camera|Bluetooth Connection|Brake Assist|Cruise Control|Heated Seats|Keyless Entry|Lane Assist|Leather Seats|Parking Sensors|Power Seats|Power Windows|Satellite Radio|Sunroof / Moonroof,"https://media.getedealer.com/w_1280,h_960,q_90,c_l,v1/inventory/4IR6LXE4ONGSZLGPOAJ2VWH6CM.jpg|https://media.getedealer.com/w_1280,h_960,q_90,c_l,v1/inventory/UDPBK3EV3ZG3RASJUXLCQF75LE.jpg|https://media.getedealer.com/w_1280,h_960,q_90,c_l,v1/inventory/4I66UJSHZZFGHFQYCRLTGQG3YQ.jpg|https://media.getedealer.com/w_1280,h_960,q_90,c_l,v1/inventory/Q3KMY5C4NVHWJIHYRPNUL3SUNE.jpg|https://media.getedealer.com/w_1280,h_960,q_90,c_l,v1/inventory/JP7LYOX5GNAC3J7SSCZRKKAWMM.jpg|https://media.getedealer.com/w_1280,h_960,q_90,c_l,v1/inventory/S56WQM3VZREF5PPDGRPE2IPUBU.jpg|https://media.getedealer.com/w_1280,h_960,q_90,c_l,v1/inventory/N36G2U7D2JF6HDBEYO7N6LRATY.jpg|https://media.getedealer.com/w_1280,h_960,q_90,c_l,v1/inventory/LLI5M7UXLZCSVKHB4GDGXGCLQY.jpg|https://media.getedealer.com/w_1280,h_960,q_90,c_l,v1/inventory/OIGZQ256VJEPBO6OLYKAWS5HYM.jpg|https://media.getedealer.com/w_1280,h_960,q_90,c_l,v1/inventory/VDLA5F6QOBBGDPY3ZW52I55UK4.jpg|https://media.getedealer.com/w_1280,h_960,q_90,c_l,v1/inventory/MU6BP6SDVFERVEE66UP2DZJ4FY.jpg|https://media.getedealer.com/w_1280,h_960,q_90,c_l,v1/inventory/TAGPIPXHGNEEVHYZAK3OH4PSCA.jpg|https://media.getedealer.com/w_1280,h_960,q_90,c_l,v1/inventory/JU7SVV3PIJGW3EMR7MXPQIIVTY.jpg|https://media.getedealer.com/w_1280,h_960,q_90,c_l,v1/inventory/GIUG3UEQ5ZG3FDRQG6XS3VEMS4.jpg|https://media.getedealer.com/w_1280,h_960,q_90,c_l,v1/inventory/OROFIFUXEBALHA52MOQTEOEG6A.jpg|https://media.getedealer.com/w_1280,h_960,q_90,c_l,v1/inventory/KOHO4MJXGBBDVNCCVB4KBXLFAI.jpg|https://media.getedealer.com/w_1280,h_960,q_90,c_l,v1/inventory/L7SP4M6TLFE5ZDB24MHH2TLUJM.jpg|https://media.getedealer.com/w_1280,h_960,q_90,c_l,v1/inventory/CDNBFFH5WVF35IUVXGO47H2TW4.jpg|https://media.getedealer.com/w_1280,h_960,q_90,c_l,v1/inventory/2EG7AP5UFBEFLHG2TDTTK673DA.jpg|https://media.getedealer.com/w_1280,h_960,q_90,c_l,v1/inventory/VR2N3RLUONDN5GWGI6H3U2ULEI.jpg|https://media.getedealer.com/w_1280,h_960,q_90,c_l,v1/inventory/ZEIH2RXR4BD63DHHJIQXFV2DIU.jpg|https://media.getedealer.com/w_1280,h_960,q_90,c_l,v1/inventory/PRZRQHD725C2VGWYYYDBT4NHVU.jpg|https://media.getedealer.com/w_1280,h_960,q_90,c_l,v1/inventory/TUWSRSH3DZC6DJ75JXHU6UZMNE.jpg|https://media.getedealer.com/w_1280,h_960,q_90,c_l,v1/inventory/KHEL2CB3TBC6LNSZRRH2HPDRNU.jpg|https://media.getedealer.com/w_1280,h_960,q_90,c_l,v1/inventory/L4N3B3JLDJBLFPWGHF32HO235Y.jpg",10-02-2025 08:14,FALSE
g5JXS7yzTf2T0qDda8dM5A,CHILLIWACK MITSUBISHI,,+1 672-784-5040,45510 Yale Rd,Chilliwack,BC,V2P 2M9,49.151131,-121.963743,hfxprGUMRS6QmY61gf2BpA,2HKRW2H97LH222028,UU222028,USED,2020,Honda,CR-V,Black Edition,Black Edition AWD,33850,115563,SUV,White,,4,,Automatic,AWD,1.5,4,Gasoline,,Air Conditioning|Backup Camera|Bluetooth Connection|Brake Assist|Cruise Control|Heated Seats|Keyless Entry|Lane Assist|Leather Seats|Navigation System|Power Seats|Power Windows|Remote Start|Satellite Radio|Smart Device Integration|Sunroof / Moonroof,"https://media.getedealer.com/w_1280,h_960,q_90,c_l,v1/inventory/GBCTUYAPWBGM5JBHAH2O5VIWXA.jpg|https://media.getedealer.com/w_1280,h_960,q_90,c_l,v1/inventory/XYKRQ5E7T5AJFHWH2C7Q3PEBII.jpg|https://media.getedealer.com/w_1280,h_960,q_90,c_l,v1/inventory/5F4LZNLRN5HYPB27SH7T4M6WOY.jpg|https://media.getedealer.com/w_1280,h_960,q_90,c_l,v1/inventory/7INBYJAB2RAENFJUATA3M7RHTA.jpg|https://media.getedealer.com/w_1280,h_960,q_90,c_l,v1/inventory/A35IYMUDIJH2JPZHC7PWL7ZZFI.jpg|https://media.getedealer.com/w_1280,h_960,q_90,c_l,v1/inventory/3FWMP6QZFBBIDKVXDBHG5GTUMY.jpg|https://media.getedealer.com/w_1280,h_960,q_90,c_l,v1/inventory/NFHYVBJ54BCVZOCLGEH4LM2BAM.jpg|https://media.getedealer.com/w_1280,h_960,q_90,c_l,v1/inventory/YU344MTAEBF37D2SMNESIZAYBM.jpg|https://media.getedealer.com/w_1280,h_960,q_90,c_l,v1/inventory/RN46756R7BEG3DPKTMYSH5TRHQ.jpg|https://media.getedealer.com/w_1280,h_960,q_90,c_l,v1/inventory/4PGHSRYRRNE6HPYHLAZXE2NX3E.jpg|https://media.getedealer.com/w_1280,h_960,q_90,c_l,v1/inventory/MH3WTKCSBVHMTKJJ5RVUCHBSU4.jpg|https://media.getedealer.com/w_1280,h_960,q_90,c_l,v1/inventory/TMUOV62MIVCGZOE3UX5TNV7JBI.jpg|https://media.getedealer.com/w_1280,h_960,q_90,c_l,v1/inventory/ZYDDZQB435COZAWZKQKOUBPEB4.jpg|https://media.getedealer.com/w_1280,h_960,q_90,c_l,v1/inventory/EZHFTBS5HBCGNO2DEEQTGB2G4Y.jpg|https://media.getedealer.com/w_1280,h_960,q_90,c_l,v1/inventory/GUZBMKZTKBDARH54APBJS7DU5M.jpg|https://media.getedealer.com/w_1280,h_960,q_90,c_l,v1/inventory/2MI4KSVASNCCVESA5HWHTOAS5U.jpg|https://media.getedealer.com/w_1280,h_960,q_90,c_l,v1/inventory/C3R223D7OBBJJKINYP5QCTGRNM.jpg|https://media.getedealer.com/w_1280,h_960,q_90,c_l,v1/inventory/UK56ONWTEJG3HALVJ3OPMGH47M.jpg|https://media.getedealer.com/w_1280,h_960,q_90,c_l,v1/inventory/NMD4MQ56A5GFDN5D34PN32IIME.jpg|https://media.getedealer.com/w_1280,h_960,q_90,c_l,v1/inventory/YRP4P2JGJJDNJNH2V3GTHRAJO4.jpg|https://media.getedealer.com/w_1280,h_960,q_90,c_l,v1/inventory/6TSMBXUUQ5BDHLAZY3GOCIBSBQ.jpg|https://media.getedealer.com/w_1280,h_960,q_90,c_l,v1/inventory/7YMGSAAFVZG3DNF5GJ43RFBRLQ.jpg|https://media.getedealer.com/w_1280,h_960,q_90,c_l,v1/inventory/KJ2NX3JS5NBLDI3KERCP5CVT2Y.jpg|https://media.getedealer.com/w_1280,h_960,q_90,c_l,v1/inventory/ETFHDFMX7FBK3NOAR54Y5ZHN6M.jpg|https://media.getedealer.com/w_1280,h_960,q_90,c_l,v1/inventory/LBD4VCMNSFCNFLZYE4KDRPIPZQ.jpg",12-09-2025 07:40,FALSE
g5JXS7yzTf2T0qDda8dM5A,CHILLIWACK MITSUBISHI,,+1 672-784-5040,45510 Yale Rd,Chilliwack,BC,V2P 2M9,49.151131,-121.963743,ho9lEzdxRxCrWLxkRQEm0w,JA4T5VA91SZ605677,MI605677,NEW,2025,Mitsubishi,Outlander Plug-In Hybrid,SE,SE S-AWC,47598,30,SUV,Gray,,4,,Automatic,4Ã—4,2.4,4,Gasoline / Electric Hybrid,,Air Conditioning|Alloy Wheels|Backup Camera|Bluetooth Connection|Brake Assist|Cruise Control|Heated Seats|Keyless Entry|Lane Assist|Parking Sensors|Power Windows|Satellite Radio|Smart Device Integration|Sunroof / Moonroof,"https://media.getedealer.com/w_1280,h_960,q_90,c_l,v1/inventory/VKYV6JEZ4NCEVDXMLW54V7HKBA.jpg|https://media.getedealer.com/w_1280,h_960,q_90,c_l,v1/inventory/GKR6Z62NXRGD3L7FHLXUBDO7Q4.jpg|https://media.getedealer.com/w_1280,h_960,q_90,c_l,v1/inventory/ISEQXKJCXZC7XG7Z4RWEQWZ5ZM.jpg|https://media.getedealer.com/w_1280,h_960,q_90,c_l,v1/inventory/DSWM2BIIYVHGDNKRXRIEZFQTRE.jpg|https://media.getedealer.com/w_1280,h_960,q_90,c_l,v1/inventory/6L4LXCQ2VRDFVBOC3YTUG6KSTU.jpg|https://media.getedealer.com/w_1280,h_960,q_90,c_l,v1/inventory/WJX5LAE7URGKNKLNI3INVSFPIU.jpg|https://media.getedealer.com/w_1280,h_960,q_90,c_l,v1/inventory/GPBR74E23JEZFDCEXC6UXJPBDY.jpg|https://media.getedealer.com/w_1280,h_960,q_90,c_l,v1/inventory/OZJFDBUFVZCNFLZL3ILOT45JV4.jpg|https://media.getedealer.com/w_1280,h_960,q_90,c_l,v1/inventory/JWN53S4N4FECXOO25RTZ2KJBXA.jpg|https://media.getedealer.com/w_1280,h_960,q_90,c_l,v1/inventory/X5QVSNH3HJFSNMPLLNWQ34S7AI.jpg|https://media.getedealer.com/w_1280,h_960,q_90,c_l,v1/inventory/4WKHJNI3GJE5LO65XDQQGJYI4M.jpg|https://media.getedealer.com/w_1280,h_960,q_90,c_l,v1/inventory/LQBMXPIUVBG2PHGNCS42ULI3TA.jpg|https://media.getedealer.com/w_1280,h_960,q_90,c_l,v1/inventory/FQQHKL7HNRBPVGYXOI2F33LLFQ.jpg|https://media.getedealer.com/w_1280,h_960,q_90,c_l,v1/inventory/J6VNMYHRS5BI3ETXLYXPTYZCHI.jpg|https://media.getedealer.com/w_1280,h_960,q_90,c_l,v1/inventory/ZBZMBH76DFEJRM4FACUZYR4XLE.jpg|https://media.getedealer.com/w_1280,h_960,q_90,c_l,v1/inventory/QLX65V6T3BCAFMK6FZYDWUKX3E.jpg|https://media.getedealer.com/w_1280,h_960,q_90,c_l,v1/inventory/4HQF5X3HAFDG5HSOPAMUSFCHGQ.jpg|https://media.getedealer.com/w_1280,h_960,q_90,c_l,v1/inventory/UNGUWIUEE5G55OHCCTQ5P7DMIU.jpg|https://media.getedealer.com/w_1280,h_960,q_90,c_l,v1/inventory/2AWHUN52DFHEFEMT5EWBAWXXPE.jpg|https://media.getedealer.com/w_1280,h_960,q_90,c_l,v1/inventory/JRUHCA3CM5FDFMULFRHXJJIPKE.jpg|https://media.getedealer.com/w_1280,h_960,q_90,c_l,v1/inventory/XF5BFPYKDNAXPKCPISLRXUGQ74.jpg|https://media.getedealer.com/w_1280,h_960,q_90,c_l,v1/inventory/AR5HM3T35FEJJJ3WHDTGEV4MOQ.jpg|https://media.getedealer.com/w_1280,h_960,q_90,c_l,v1/inventory/2Y73NHF6MZFORIHREXYOJQ2GOU.jpg|https://media.getedealer.com/w_1280,h_960,q_90,c_l,v1/inventory/RRYXBQM775HWXJY76ULSF4GMPU.jpg|https://media.getedealer.com/w_1280,h_960,q_90,c_l,v1/inventory/C6U3WHYO55FDNKEA4KRIWRV7PA.jpg",10-02-2025 08:15,FALSE
g5JXS7yzTf2T0qDda8dM5A,CHILLIWACK MITSUBISHI,,+1 672-784-5040,45510 Yale Rd,Chilliwack,BC,V2P 2M9,49.151131,-121.963743,hqg2V9KNTr2a9HvicWaw5w,JA4T5UA90SZ616597,MI616597,NEW,2025,Mitsubishi,Outlander Plug-In Hybrid,ES,ES S-AWC,45498,30,SUV,White,,4,,Automatic,4Ã—4,2.4,4,Gasoline / Electric Hybrid,,Air Conditioning|Alloy Wheels|Backup Camera|Bluetooth Connection|Brake Assist|Cruise Control|Heated Seats|Keyless Entry|Lane Assist|Parking Sensors|Power Windows|Satellite Radio|Smart Device Integration,"https://media.getedealer.com/w_1280,h_960,q_90,c_l,v1/inventory/GO7J6ZTYMVD3RACDBB3MFG3BMY.jpg|https://media.getedealer.com/w_1280,h_960,q_90,c_l,v1/inventory/TJURPLB5NBA4RIL6AYNKC5W63U.jpg|https://media.getedealer.com/w_1280,h_960,q_90,c_l,v1/inventory/Y37434MLNRGD5H6JAUYW4SIYKY.jpg|https://media.getedealer.com/w_1280,h_960,q_90,c_l,v1/inventory/KK6EQ5RVKZFY3G67YIUKTSS2FY.jpg|https://media.getedealer.com/w_1280,h_960,q_90,c_l,v1/inventory/AFFEDY5DSRHITFHTCWIXN767RQ.jpg|https://media.getedealer.com/w_1280,h_960,q_90,c_l,v1/inventory/MJBQLIVEKBEVRJDN4PH772N3OM.jpg|https://media.getedealer.com/w_1280,h_960,q_90,c_l,v1/inventory/SGEBKHNWLZAQLEL476T6MLFAPQ.jpg|https://media.getedealer.com/w_1280,h_960,q_90,c_l,v1/inventory/ZAGYZ4LWDREDXM6GS4UWQSC6MU.jpg|https://media.getedealer.com/w_1280,h_960,q_90,c_l,v1/inventory/DOX6FEIVG5AO3CDKAJERCXDAZ4.jpg|https://media.getedealer.com/w_1280,h_960,q_90,c_l,v1/inventory/FYD2H36W7ZARJEOONGLDA67XUM.jpg|https://media.getedealer.com/w_1280,h_960,q_90,c_l,v1/inventory/VRLLBVPQAZGNNMPFSYRMXOQU6A.jpg|https://media.getedealer.com/w_1280,h_960,q_90,c_l,v1/inventory/TVF56LP6OZGGJJMHBWKWPLO7QI.jpg|https://media.getedealer.com/w_1280,h_960,q_90,c_l,v1/inventory/AURFGFGVZRA55MZ7R4A3QYC27M.jpg|https://media.getedealer.com/w_1280,h_960,q_90,c_l,v1/inventory/5AKY3XTJJVFYNBMQJZLHTGGZNQ.jpg|https://media.getedealer.com/w_1280,h_960,q_90,c_l,v1/inventory/XAB64YU3IJCPXKPAPQLRV2FNCE.jpg|https://media.getedealer.com/w_1280,h_960,q_90,c_l,v1/inventory/6V34MAJQRVBQPJQFXK2AJHY6DM.jpg|https://media.getedealer.com/w_1280,h_960,q_90,c_l,v1/inventory/NX5XK5FNCZE77DFU7KDYUJDQHY.jpg|https://media.getedealer.com/w_1280,h_960,q_90,c_l,v1/inventory/NKDICXCKZJCYDCUFPVJBZPW32U.jpg|https://media.getedealer.com/w_1280,h_960,q_90,c_l,v1/inventory/J73M5PUSBZH3LISOAHPBIPQZ4Y.jpg|https://media.getedealer.com/w_1280,h_960,q_90,c_l,v1/inventory/INGGSKO6AZGPVLESJBRAIGQU3U.jpg|https://media.getedealer.com/w_1280,h_960,q_90,c_l,v1/inventory/EE5LBKM4ZJEZVCHOG65KUO5EP4.jpg|https://media.getedealer.com/w_1280,h_960,q_90,c_l,v1/inventory/UW7KVSWGH5BEPINP7FHMGTCJCY.jpg|https://media.getedealer.com/w_1280,h_960,q_90,c_l,v1/inventory/AHZKVHMPMFCLJJR6UHE7NBAGYI.jpg|https://media.getedealer.com/w_1280,h_960,q_90,c_l,v1/inventory/WNIWHR3TF5GYNKEPG632G66HLY.jpg",10-02-2025 08:15,FALSE
g5JXS7yzTf2T0qDda8dM5A,CHILLIWACK MITSUBISHI,,+1 672-784-5040,45510 Yale Rd,Chilliwack,BC,V2P 2M9,49.151131,-121.963743,hrwBTlPZRmKUD3mfwX4F1w,JA4T5VA93SZ606698,MI606698,NEW,2025,Mitsubishi,Outlander Plug-In Hybrid,SE,SE S-AWC,47598,33,SUV,Gray,,4,,Automatic,4Ã—4,2.4,4,Gasoline / Electric Hybrid,,Air Conditioning|Alloy Wheels|Backup Camera|Bluetooth Connection|Brake Assist|Cruise Control|Heated Seats|Keyless Entry|Lane Assist|Parking Sensors|Power Windows|Satellite Radio|Smart Device Integration|Sunroof / Moonroof,"https://media.getedealer.com/w_1280,h_960,q_90,c_l,v1/inventory/KMJ5DGMXRBBMTCZKFPRVBFHRNY.jpg|https://media.getedealer.com/w_1280,h_960,q_90,c_l,v1/inventory/2KTV7YEYPVG55BG2SUNAYIHRMI.jpg|https://media.getedealer.com/w_1280,h_960,q_90,c_l,v1/inventory/Y7ZA4H2J2JAC5GUNSNC4QSHNBI.jpg|https://media.getedealer.com/w_1280,h_960,q_90,c_l,v1/inventory/SO4DGOR3JZGDBCZ75MLZTG476U.jpg|https://media.getedealer.com/w_1280,h_960,q_90,c_l,v1/inventory/TQ4WWOOYLNCQJOCWOODUGLXZFA.jpg|https://media.getedealer.com/w_1280,h_960,q_90,c_l,v1/inventory/6XSM6BO3TBBE3KNZFVTQQW3BKU.jpg|https://media.getedealer.com/w_1280,h_960,q_90,c_l,v1/inventory/OXDQKZJ4OBAALPOW6B3W5XJ27M.jpg|https://media.getedealer.com/w_1280,h_960,q_90,c_l,v1/inventory/HVFP4EPTWJHCDJS6VB26EFXUW4.jpg|https://media.getedealer.com/w_1280,h_960,q_90,c_l,v1/inventory/A5F5YMGC7JDZBE4QSFW5SCEVY4.jpg|https://media.getedealer.com/w_1280,h_960,q_90,c_l,v1/inventory/K5RYOKKWCJE7LN5V4QTQPIWNH4.jpg|https://media.getedealer.com/w_1280,h_960,q_90,c_l,v1/inventory/RLDS4F7YAZEZDHO64VJEQ4TO2Q.jpg|https://media.getedealer.com/w_1280,h_960,q_90,c_l,v1/inventory/JFNSKHT5HVGDNPSX4QNFFTOVPI.jpg|https://media.getedealer.com/w_1280,h_960,q_90,c_l,v1/inventory/VHQRWRMWTBCMDFARYDOK2YQ7MI.jpg|https://media.getedealer.com/w_1280,h_960,q_90,c_l,v1/inventory/7M5LOTJGFBDLZOBGV7DKIUKJHU.jpg|https://media.getedealer.com/w_1280,h_960,q_90,c_l,v1/inventory/4S4W3CYKRFF75PTXOBINX4DTII.jpg|https://media.getedealer.com/w_1280,h_960,q_90,c_l,v1/inventory/CIMF5E7TW5CCZPOPKYFCNGUTPY.jpg|https://media.getedealer.com/w_1280,h_960,q_90,c_l,v1/inventory/GHOPQB6PFBHXRPYTDCW4MY6B4M.jpg|https://media.getedealer.com/w_1280,h_960,q_90,c_l,v1/inventory/ZVJW7GJMSJDR5FTO4O6ZIO2LAY.jpg|https://media.getedealer.com/w_1280,h_960,q_90,c_l,v1/inventory/C6WTBDX6QFB65NERFYKVXYFQIE.jpg|https://media.getedealer.com/w_1280,h_960,q_90,c_l,v1/inventory/UVRQXP26YBCZHHH245KYRVZSAM.jpg|https://media.getedealer.com/w_1280,h_960,q_90,c_l,v1/inventory/JZXILC4HEJFUXNMSEQXJLRQEZE.jpg|https://media.getedealer.com/w_1280,h_960,q_90,c_l,v1/inventory/W26RB5Y6ONGWTKGPYFLUVAMBV4.jpg|https://media.getedealer.com/w_1280,h_960,q_90,c_l,v1/inventory/YDZUJ2NHIBHGXD2GITRDXKYKE4.jpg|https://media.getedealer.com/w_1280,h_960,q_90,c_l,v1/inventory/4ZMV3C5U2ZELLN5DSUC6K74ZSM.jpg",10-02-2025 08:15,FALSE
g5JXS7yzTf2T0qDda8dM5A,CHILLIWACK MITSUBISHI,,+1 672-784-5040,45510 Yale Rd,Chilliwack,BC,V2P 2M9,49.151131,-121.963743,iEz8G4AAQVmOeLPj2hBUrQ,JA4J4VAB1TZ603362,MI603362A,NEW,2026,Mitsubishi,Outlander,SEL,SEL S-AWC,46773,27,SUV,White,,4,,Automatic,4Ã—4,1.5,4,,,Air Conditioning|Alloy Wheels|Backup Camera|Bluetooth Connection|Brake Assist|Cruise Control|Heated Seats|Keyless Entry|Lane Assist|Parking Sensors|Power Windows|Satellite Radio|Smart Device Integration|Sunroof / Moonroof,"https://media.getedealer.com/w_1280,h_960,q_90,c_l,v1/inventory/ONTPWP3LSBAVJIJ47WOSOHX7J4.jpg|https://media.getedealer.com/w_1280,h_960,q_90,c_l,v1/inventory/MBZFTHWSXZAF5F4KNFTT72J3U4.jpg|https://media.getedealer.com/w_1280,h_960,q_90,c_l,v1/inventory/EHO7UQ4UMVBXLAKHWLCZVSCNSE.jpg|https://media.getedealer.com/w_1280,h_960,q_90,c_l,v1/inventory/7RQQR7IX2RD6ZBO6PLKPBIXU3U.jpg|https://media.getedealer.com/w_1280,h_960,q_90,c_l,v1/inventory/ZB3WVQTX7JGXJBICSPIDFJTRXE.jpg|https://media.getedealer.com/w_1280,h_960,q_90,c_l,v1/inventory/CL7CDVAFYZFHTASNJRKMFLEZFA.jpg|https://media.getedealer.com/w_1280,h_960,q_90,c_l,v1/inventory/USB3W643NRGUFEKYFFOAFZCFZM.jpg|https://media.getedealer.com/w_1280,h_960,q_90,c_l,v1/inventory/BQUWFTUOBRANFGPHUETYTS4N6Q.jpg|https://media.getedealer.com/w_1280,h_960,q_90,c_l,v1/inventory/W4QB7GYLJREUNMOF6RVWJLRKAA.jpg|https://media.getedealer.com/w_1280,h_960,q_90,c_l,v1/inventory/WTPNA3YIQNDTNJIYZ7KWXGZ4I4.jpg|https://media.getedealer.com/w_1280,h_960,q_90,c_l,v1/inventory/CXOH2FRPOZHTZCHPV2MKHM5MNU.jpg|https://media.getedealer.com/w_1280,h_960,q_90,c_l,v1/inventory/HJ63OEPS4VGGZKR5HVF3HV4VEU.jpg|https://media.getedealer.com/w_1280,h_960,q_90,c_l,v1/inventory/RSZRTYJEBZCVZNMDYICLOYAW6I.jpg|https://media.getedealer.com/w_1280,h_960,q_90,c_l,v1/inventory/2ZMDN7ZRG5BSFJLDSBZZS5S7J4.jpg|https://media.getedealer.com/w_1280,h_960,q_90,c_l,v1/inventory/LUZQKODV5NECXLRPOAABLTLM3A.jpg|https://media.getedealer.com/w_1280,h_960,q_90,c_l,v1/inventory/DJVND2DWXNA3ZIMEFKDJ2RZGEA.jpg|https://media.getedealer.com/w_1280,h_960,q_90,c_l,v1/inventory/FVKW2E4WHVGUPOFAFLQYJE2UXY.jpg|https://media.getedealer.com/w_1280,h_960,q_90,c_l,v1/inventory/NUF253AOJZCI3DT2INNCKRACT4.jpg|https://media.getedealer.com/w_1280,h_960,q_90,c_l,v1/inventory/LZRXECGW3BGI5O2FOTEQQ52N4Y.jpg|https://media.getedealer.com/w_1280,h_960,q_90,c_l,v1/inventory/7UIG57VPMNEKLNM4KS4Q4R7NTQ.jpg|https://media.getedealer.com/w_1280,h_960,q_90,c_l,v1/inventory/O3CCXFJ6IJBZVMENTUFVIU3RWY.jpg|https://media.getedealer.com/w_1280,h_960,q_90,c_l,v1/inventory/2L467KX3DJAUJL5N35EBIRBX2M.jpg|https://media.getedealer.com/w_1280,h_960,q_90,c_l,v1/inventory/5PUEPLF3D5B4PCMGOTQY7TL4HQ.jpg|https://media.getedealer.com/w_1280,h_960,q_90,c_l,v1/inventory/MCCCFWR4H5HUPKZVWVIJBL5CSQ.jpg|https://media.getedealer.com/w_1280,h_960,q_90,c_l,v1/inventory/XHBCIQ7N4RGMTDSFZGQKFOVW6U.jpg",12-06-2025 07:32,FALSE
g5JXS7yzTf2T0qDda8dM5A,CHILLIWACK MITSUBISHI,,+1 672-784-5040,45510 Yale Rd,Chilliwack,BC,V2P 2M9,49.151131,-121.963743,jO1NCGNnSfy2XhMVuqrc0A,5N1AZ2BS8PC114806,UU114806,USED,2023,Nissan,Murano,SV,AWD SV,32000,85922,SUV,White,,4,,Automatic,AWD,3.5,6,Gasoline,,Air Conditioning|Alloy Wheels|Backup Camera|Bluetooth Connection|Brake Assist|Cruise Control|Heated Seats|Keyless Entry|Lane Assist|Navigation System|Parking Sensors|Power Seats|Power Windows|Remote Start|Satellite Radio|Smart Device Integration|Sunroof / Moonroof,"https://media.getedealer.com/w_1280,h_960,q_90,c_l,v1/inventory/3SVHXEOO2FG25A6UZF6PD3HZLA.jpg|https://media.getedealer.com/w_1280,h_960,q_90,c_l,v1/inventory/IYZDHNDYWNFVHACKB3RIKYPMPQ.jpg|https://media.getedealer.com/w_1280,h_960,q_90,c_l,v1/inventory/4AHIWFFDP5ACBP4LTKTZ4KGJ5E.jpg|https://media.getedealer.com/w_1280,h_960,q_90,c_l,v1/inventory/M5VPDWWO7RAMJMODM72QTZQW5I.jpg|https://media.getedealer.com/w_1280,h_960,q_90,c_l,v1/inventory/MQDI6AFQYJAEBDAL4W2USJZCDM.jpg|https://media.getedealer.com/w_1280,h_960,q_90,c_l,v1/inventory/I3SB2OWJIJDFDKT4RAMC2VWMCM.jpg|https://media.getedealer.com/w_1280,h_960,q_90,c_l,v1/inventory/M53UUXMRNFCO5NNLASPS5SFRI4.jpg|https://media.getedealer.com/w_1280,h_960,q_90,c_l,v1/inventory/SEHUK4XUNJH6DE367HJWD4OJVY.jpg|https://media.getedealer.com/w_1280,h_960,q_90,c_l,v1/inventory/5YC7AKGT3BCJJKXQ77FZOBRHLQ.jpg|https://media.getedealer.com/w_1280,h_960,q_90,c_l,v1/inventory/DGQJNRUJVJEK3IOVJCHYJRL3JI.jpg|https://media.getedealer.com/w_1280,h_960,q_90,c_l,v1/inventory/N62YEV546ZBX5LZW23YBSILDOE.jpg|https://media.getedealer.com/w_1280,h_960,q_90,c_l,v1/inventory/CL3D5YSSBBEMVATAXUX2JN5HHI.jpg|https://media.getedealer.com/w_1280,h_960,q_90,c_l,v1/inventory/3RRC5GJV6JDZRF4AACIHWYOK74.jpg|https://media.getedealer.com/w_1280,h_960,q_90,c_l,v1/inventory/GC4GZBLTYZCILHHITY6CBB2N7I.jpg|https://media.getedealer.com/w_1280,h_960,q_90,c_l,v1/inventory/L2S3XWUZZVE4RKWG2ZYKHWYO4Q.jpg|https://media.getedealer.com/w_1280,h_960,q_90,c_l,v1/inventory/T2G2RAEJK5CBHB3INVE6RYADMM.jpg|https://media.getedealer.com/w_1280,h_960,q_90,c_l,v1/inventory/RKSGLQBOHVDQXN3TBZQD5H43EA.jpg|https://media.getedealer.com/w_1280,h_960,q_90,c_l,v1/inventory/GPOJGF6XUNABXF76A5FPV6PV6U.jpg|https://media.getedealer.com/w_1280,h_960,q_90,c_l,v1/inventory/BGU73H4WY5FM7IZJ6KCPL2R6NA.jpg|https://media.getedealer.com/w_1280,h_960,q_90,c_l,v1/inventory/YB3YERCYHNCTHLBM32M5UO745I.jpg|https://media.getedealer.com/w_1280,h_960,q_90,c_l,v1/inventory/U25LJRZTV5D2BISSV65PGCHV64.jpg|https://media.getedealer.com/w_1280,h_960,q_90,c_l,v1/inventory/NTZF2S7LPFCU3ILVAPYPVFXSOY.jpg|https://media.getedealer.com/w_1280,h_960,q_90,c_l,v1/inventory/YBPOYSDTJ5AEXGHYJ3QZOBSZTM.jpg|https://media.getedealer.com/w_1280,h_960,q_90,c_l,v1/inventory/D4Z3QKST65E2JMATMCC4F6XC54.jpg|https://media.getedealer.com/w_1280,h_960,q_90,c_l,v1/inventory/FXXVVEUVHRG3TCQWOTUZT25GQY.jpg",12-06-2025 07:32,FALSE
g5JXS7yzTf2T0qDda8dM5A,CHILLIWACK MITSUBISHI,,+1 672-784-5040,45510 Yale Rd,Chilliwack,BC,V2P 2M9,49.151131,-121.963743,k38t2o7iSyuIwEus2VNsbQ,JA4J4WA83RZ626967,UU626967,USED,2024,Mitsubishi,Outlander,GT,GT S-AWC,39450,11697,SUV,,,4,,Automatic,4Ã—4,2.5,4,Gasoline,,Air Conditioning|Alloy Wheels|Backup Camera|Bluetooth Connection|Brake Assist|Cruise Control|Heads Up Display|Heated Seats|Keyless Entry|Lane Assist|Leather Seats|Navigation System|Parking Sensors|Power Seats|Power Windows|Satellite Radio|Smart Device Integration|Sunroof / Moonroof,"https://media.getedealer.com/w_1280,h_960,q_90,c_l,v1/inventory/75QQAFULNBAQZB75QMQ3LICFNA.jpg|https://media.getedealer.com/w_1280,h_960,q_90,c_l,v1/inventory/INI2KVDPYFCSPI3U6NRQYGJR4I.jpg|https://media.getedealer.com/w_1280,h_960,q_90,c_l,v1/inventory/7JN3Z74GFJFM5LLFY74SLFAU2Y.jpg|https://media.getedealer.com/w_1280,h_960,q_90,c_l,v1/inventory/UCQJORDFUBA6PGK22R2HAKFQMM.jpg|https://media.getedealer.com/w_1280,h_960,q_90,c_l,v1/inventory/7RU3IYP7HRGBDP4Q7IFQLNFTF4.jpg|https://media.getedealer.com/w_1280,h_960,q_90,c_l,v1/inventory/RVXSHSJX4NE43OZARFZMISRJTE.jpg|https://media.getedealer.com/w_1280,h_960,q_90,c_l,v1/inventory/YOFRD3SJOVCLDP5UZTGE6EJEHM.jpg|https://media.getedealer.com/w_1280,h_960,q_90,c_l,v1/inventory/2EVLG5E3RZE3JNLQAC4SLI3TGI.jpg|https://media.getedealer.com/w_1280,h_960,q_90,c_l,v1/inventory/EIO4OP7IR5CBZNYMH6CNLIJFKA.jpg|https://media.getedealer.com/w_1280,h_960,q_90,c_l,v1/inventory/27N3H2434VGAXAZXTK24EGPGQU.jpg|https://media.getedealer.com/w_1280,h_960,q_90,c_l,v1/inventory/VJIGAE5JIJCL3MK6JY2TY3DFBQ.jpg|https://media.getedealer.com/w_1280,h_960,q_90,c_l,v1/inventory/W44ZNF6S35EORCFPXWIFLIVIZQ.jpg|https://media.getedealer.com/w_1280,h_960,q_90,c_l,v1/inventory/YEMKCMOBDJAOZPKSBPYA2NHPSM.jpg|https://media.getedealer.com/w_1280,h_960,q_90,c_l,v1/inventory/RTTHNUZI7JFXVBWP3NOAMYWZWA.jpg|https://media.getedealer.com/w_1280,h_960,q_90,c_l,v1/inventory/5BXQCMEJXRBOFAL2AAIMTG4N5A.jpg|https://media.getedealer.com/w_1280,h_960,q_90,c_l,v1/inventory/APR5HF5EXJDNPJLPT3VXHOCNYE.jpg|https://media.getedealer.com/w_1280,h_960,q_90,c_l,v1/inventory/IRIHJ3LTD5CUHFRQGZWVGG7NVY.jpg|https://media.getedealer.com/w_1280,h_960,q_90,c_l,v1/inventory/VFPOGMSQJBF4DIWUZTZTQM6USU.jpg|https://media.getedealer.com/w_1280,h_960,q_90,c_l,v1/inventory/MYGJRY5SHBCQHKFGY2Z7MEXSDY.jpg|https://media.getedealer.com/w_1280,h_960,q_90,c_l,v1/inventory/UJS45MJ5PNF7NEPXQM5L4XEAFA.jpg|https://media.getedealer.com/w_1280,h_960,q_90,c_l,v1/inventory/XLMXI25VHBFHZFUZWWVV2QKMVA.jpg|https://media.getedealer.com/w_1280,h_960,q_90,c_l,v1/inventory/RLWQZWYOTZDS3M6VNQU3ZAMKGU.jpg|https://media.getedealer.com/w_1280,h_960,q_90,c_l,v1/inventory/C6R7SCWLWJFKDPMCWGBLK34MJI.jpg|https://media.getedealer.com/w_1280,h_960,q_90,c_l,v1/inventory/GT3QXIFKJ5BEPK54THHXAY2AVU.jpg",12-07-2025 07:38,FALSE
g5JXS7yzTf2T0qDda8dM5A,CHILLIWACK MITSUBISHI,,+1 672-784-5040,45510 Yale Rd,Chilliwack,BC,V2P 2M9,49.151131,-121.963743,kYeIAjh6SauVtOoebyAyOQ,JA4J4UA89PZ602514,AA602514,USED,2023,Mitsubishi,Outlander,SE,SE S-AWC,35600,37870,SUV,Black,,4,,Automatic,4Ã—4,2.5,4,Gasoline,,Air Conditioning|Alloy Wheels|Backup Camera|Bluetooth Connection|Brake Assist|Cruise Control|Heated Seats|Keyless Entry|Lane Assist|Parking Sensors|Power Windows|Satellite Radio|Smart Device Integration|Sunroof / Moonroof,"https://media.getedealer.com/w_1280,h_960,q_90,c_l,v1/inventory/F4KQPNXCPVAWXMBAHFRR7OARZQ.jpg|https://media.getedealer.com/w_1280,h_960,q_90,c_l,v1/inventory/KAI3UCEOZRFUJJCY6GUFCSAYDQ.jpg|https://media.getedealer.com/w_1280,h_960,q_90,c_l,v1/inventory/NEHWP2IVKFBWPGNN7PAJIWLK4M.jpg|https://media.getedealer.com/w_1280,h_960,q_90,c_l,v1/inventory/WUZG44FMQNHQBLWNENXOMU7S7Y.jpg|https://media.getedealer.com/w_1280,h_960,q_90,c_l,v1/inventory/QQPQH6YAYNGEHIIROG67JZCV64.jpg|https://media.getedealer.com/w_1280,h_960,q_90,c_l,v1/inventory/IBS4RBW4SFEEPAJFM7NBULD2XU.jpg|https://media.getedealer.com/w_1280,h_960,q_90,c_l,v1/inventory/ZOWRKPQTQRFNZDJ4X5UNBUHADA.jpg|https://media.getedealer.com/w_1280,h_960,q_90,c_l,v1/inventory/6SR2UDY4VNEHVASAMZ5QCT5SIA.jpg|https://media.getedealer.com/w_1280,h_960,q_90,c_l,v1/inventory/QI7GZWGLBVFONPGPYHPL4KM4F4.jpg|https://media.getedealer.com/w_1280,h_960,q_90,c_l,v1/inventory/GYZH44SLKJEOHF6XLKYWAXOF5U.jpg|https://media.getedealer.com/w_1280,h_960,q_90,c_l,v1/inventory/JZBNTKZH3REOBMQF6D73XX66KY.jpg|https://media.getedealer.com/w_1280,h_960,q_90,c_l,v1/inventory/OLWCYMK2DFDDTOYJQOIEQVYIUQ.jpg|https://media.getedealer.com/w_1280,h_960,q_90,c_l,v1/inventory/XA3BL2JHENH67H5AUUDWI6QACA.jpg|https://media.getedealer.com/w_1280,h_960,q_90,c_l,v1/inventory/F2MR66AYFRCUJCO5Z7TVNN7IHM.jpg|https://media.getedealer.com/w_1280,h_960,q_90,c_l,v1/inventory/HPGXVVI7IJBUDHGKHHVBDMQDEQ.jpg|https://media.getedealer.com/w_1280,h_960,q_90,c_l,v1/inventory/QONSXHT4P5HQPOVBPCYY4NK56A.jpg|https://media.getedealer.com/w_1280,h_960,q_90,c_l,v1/inventory/ZNJQGIIVP5FJJI5PZ6MEGIODJU.jpg|https://media.getedealer.com/w_1280,h_960,q_90,c_l,v1/inventory/ROMXVAELD5EIFHOTRDP2VZJQHM.jpg|https://media.getedealer.com/w_1280,h_960,q_90,c_l,v1/inventory/SWZ3TVI5RVCTXDOWF2MFBMHZZM.jpg|https://media.getedealer.com/w_1280,h_960,q_90,c_l,v1/inventory/IK26D5PGARBUBIENG5A4F43JEA.jpg|https://media.getedealer.com/w_1280,h_960,q_90,c_l,v1/inventory/3W3BD7IW7RBZTDPZVYT6AHYSGU.jpg|https://media.getedealer.com/w_1280,h_960,q_90,c_l,v1/inventory/MN7DYY3AJ5H3VDOPJ6XUHLMLBU.jpg|https://media.getedealer.com/w_1280,h_960,q_90,c_l,v1/inventory/L7I57GI6YZCO3JXJP5A5WZN4HE.jpg|https://media.getedealer.com/w_1280,h_960,q_90,c_l,v1/inventory/V2ZHDJKRIJFOLNYBUSGAZ7SKSI.jpg",10-02-2025 08:14,FALSE
g5JXS7yzTf2T0qDda8dM5A,CHILLIWACK MITSUBISHI,,+1 672-784-5040,45510 Yale Rd,Chilliwack,BC,V2P 2M9,49.151131,-121.963743,lIrkyqCTSyyZ7H0BBBTeWQ,JA4T5VA92SZ603484,MI603484,NEW,2025,Mitsubishi,Outlander Plug-In Hybrid,SEL,SEL S-AWC,52598,35,SUV,Silver,,4,,Automatic,4Ã—4,2.4,4,Gasoline / Electric Hybrid,,Air Conditioning|Alloy Wheels|Backup Camera|Bluetooth Connection|Brake Assist|Cruise Control|Heated Seats|Keyless Entry|Lane Assist|Parking Sensors|Power Windows|Satellite Radio|Smart Device Integration|Sunroof / Moonroof,"https://media.getedealer.com/w_1280,h_960,q_90,c_l,v1/inventory/VLQHHXND5FFT3PGZJOTRJ7K3MI.jpg|https://media.getedealer.com/w_1280,h_960,q_90,c_l,v1/inventory/KED2WXXSNBEMVENWET2RQBZPMA.jpg|https://media.getedealer.com/w_1280,h_960,q_90,c_l,v1/inventory/GTVAPDBZH5G55DFXNFREB4EOU4.jpg|https://media.getedealer.com/w_1280,h_960,q_90,c_l,v1/inventory/JRDX7YN3MJBUHPSXRSW56QZYJ4.jpg|https://media.getedealer.com/w_1280,h_960,q_90,c_l,v1/inventory/7VWDWM5HFBGL5MSVS43IDKF4OQ.jpg|https://media.getedealer.com/w_1280,h_960,q_90,c_l,v1/inventory/V3SEMOE2IBCEJASC5MHGI2C47U.jpg|https://media.getedealer.com/w_1280,h_960,q_90,c_l,v1/inventory/MCFPNHSPJJEMJGTEUWLZWFV2HI.jpg|https://media.getedealer.com/w_1280,h_960,q_90,c_l,v1/inventory/ERITLR5RCZDGNEKDE6XF26R3XA.jpg|https://media.getedealer.com/w_1280,h_960,q_90,c_l,v1/inventory/5X2QDXYCGNBP5IR2JJGWFC2KUE.jpg|https://media.getedealer.com/w_1280,h_960,q_90,c_l,v1/inventory/XXPRQZM7AREXNKAA6B7MWYLBIA.jpg|https://media.getedealer.com/w_1280,h_960,q_90,c_l,v1/inventory/4K2MDTW25NHK7F2SRPYHUELGJM.jpg|https://media.getedealer.com/w_1280,h_960,q_90,c_l,v1/inventory/BY4KWNJ7Q5EKBH2QDKHR7AOHB4.jpg|https://media.getedealer.com/w_1280,h_960,q_90,c_l,v1/inventory/AT64XKFL5VDVJIOLMLAD6W5WEA.jpg|https://media.getedealer.com/w_1280,h_960,q_90,c_l,v1/inventory/A5C4F5ICJZGFHMUJJHZC4FOLEQ.jpg|https://media.getedealer.com/w_1280,h_960,q_90,c_l,v1/inventory/LNU4QUYJJVGV5GWWY4GUSL4BDI.jpg|https://media.getedealer.com/w_1280,h_960,q_90,c_l,v1/inventory/HZB65WGQ4ZEDXNH526PCHE2Z6A.jpg|https://media.getedealer.com/w_1280,h_960,q_90,c_l,v1/inventory/K3GFDJNOLBAGNJBL3BMHMOQYO4.jpg|https://media.getedealer.com/w_1280,h_960,q_90,c_l,v1/inventory/WF3DGNJFIZEDXLJ6XZTRAGA5Q4.jpg|https://media.getedealer.com/w_1280,h_960,q_90,c_l,v1/inventory/75OGQGZYRFCD7IQE32KBSPI75M.jpg|https://media.getedealer.com/w_1280,h_960,q_90,c_l,v1/inventory/655YOSZTOVF53P2HHVZGSGHNNA.jpg|https://media.getedealer.com/w_1280,h_960,q_90,c_l,v1/inventory/KVBRCCPY6ZAPFNLP44ZX3K5BJE.jpg|https://media.getedealer.com/w_1280,h_960,q_90,c_l,v1/inventory/RLBDUOVQWBGZXLZCBHGYY63QAU.jpg|https://media.getedealer.com/w_1280,h_960,q_90,c_l,v1/inventory/HSZPQFSSWBDNXFCSQ5WUFBLGIU.jpg|https://media.getedealer.com/w_1280,h_960,q_90,c_l,v1/inventory/NXLIHVGC7VBC3FCZI5XXKMNW5I.jpg",10-02-2025 08:15,FALSE
g5JXS7yzTf2T0qDda8dM5A,CHILLIWACK MITSUBISHI,,+1 672-784-5040,45510 Yale Rd,Chilliwack,BC,V2P 2M9,49.151131,-121.963743,lK1tGeZ6St63PfVMdwhpOg,5N1DL0MM8HC554091,NA554091,USED,2017,INFINITI,QX60,Other,AWD 4dr,19900,113519,SUV,White,Black,4,,Automatic,AWD,3.5,6,Gasoline,,Air Conditioning|Alloy Wheels|Backup Camera|Bluetooth Connection|Brake Assist|Cruise Control|Heated Seats|Keyless Entry|Leather Seats|Power Seats|Power Windows|Satellite Radio|Smart Device Integration|Sunroof / Moonroof,"https://media.getedealer.com/w_1280,h_960,q_90,c_l,v1/inventory/ACKCXKFC2VDVHMBHJJDS4QFHZ4.jpg|https://media.getedealer.com/w_1280,h_960,q_90,c_l,v1/inventory/HYUCU2BYHNCPJGUW2ZQUVFPVS4.jpg|https://media.getedealer.com/w_1280,h_960,q_90,c_l,v1/inventory/LRYOEM4GMZEW5NHLXANWR3IKAI.jpg|https://media.getedealer.com/w_1280,h_960,q_90,c_l,v1/inventory/IITXUWFY3NALLIKO7GLOGRX3H4.jpg|https://media.getedealer.com/w_1280,h_960,q_90,c_l,v1/inventory/MNWNU6VGYNCRBJSUVXX7MDFCDM.jpg|https://media.getedealer.com/w_1280,h_960,q_90,c_l,v1/inventory/CNMZFPLY4JEDDCIQQL423EAFTU.jpg|https://media.getedealer.com/w_1280,h_960,q_90,c_l,v1/inventory/4P6J5SCABJEFZASWCAWGGCC5YA.jpg|https://media.getedealer.com/w_1280,h_960,q_90,c_l,v1/inventory/CUCKL75W2RBPTHJQVWALPPPUPE.jpg|https://media.getedealer.com/w_1280,h_960,q_90,c_l,v1/inventory/AK4RV5NV7BDXFNNRTIKMMWTQHQ.jpg|https://media.getedealer.com/w_1280,h_960,q_90,c_l,v1/inventory/AQHBV4L7EVFOZKHM7T5FSKD56U.jpg|https://media.getedealer.com/w_1280,h_960,q_90,c_l,v1/inventory/NBQCSVVNR5C7BDLB4IDBEA5VUI.jpg|https://media.getedealer.com/w_1280,h_960,q_90,c_l,v1/inventory/V3AM7ONSGBHAFKHM5LM5VIDBYQ.jpg|https://media.getedealer.com/w_1280,h_960,q_90,c_l,v1/inventory/7LVM2XOGCFCAZC42CC5RTWX4Q4.jpg|https://media.getedealer.com/w_1280,h_960,q_90,c_l,v1/inventory/27Z2GWPW3ZACJGGJF3BUILCWL4.jpg|https://media.getedealer.com/w_1280,h_960,q_90,c_l,v1/inventory/DDHXYYE2FZFRFPALEMIFZY4TRA.jpg|https://media.getedealer.com/w_1280,h_960,q_90,c_l,v1/inventory/ZLR7DOBZDRHHDMIEY4JZJJAXSM.jpg|https://media.getedealer.com/w_1280,h_960,q_90,c_l,v1/inventory/25CR43ZCWFBLDLEZQ6ZRAO3DKE.jpg|https://media.getedealer.com/w_1280,h_960,q_90,c_l,v1/inventory/RPUYGLPPZNCBFAAXPJYUCOR7LY.jpg|https://media.getedealer.com/w_1280,h_960,q_90,c_l,v1/inventory/2KXMA2OTXJA4TCGEN64WHUQ63Y.jpg|https://media.getedealer.com/w_1280,h_960,q_90,c_l,v1/inventory/ZJ23XWDCQJE2FBYARELYUXROIM.jpg|https://media.getedealer.com/w_1280,h_960,q_90,c_l,v1/inventory/CWHDHIBPHNGXRFG5JY5T4KZ7WY.jpg|https://media.getedealer.com/w_1280,h_960,q_90,c_l,v1/inventory/B53MUFBZ4BDIZPQBGGCBNISFC4.jpg|https://media.getedealer.com/w_1280,h_960,q_90,c_l,v1/inventory/PHPNUUCRPRAQBBJR7CX2ZYCGBU.jpg|https://media.getedealer.com/w_1280,h_960,q_90,c_l,v1/inventory/MZXJ7E7DFJDNZMYPU24MWJS3DA.jpg",10-02-2025 08:14,FALSE
g5JXS7yzTf2T0qDda8dM5A,CHILLIWACK MITSUBISHI,,+1 672-784-5040,45510 Yale Rd,Chilliwack,BC,V2P 2M9,49.151131,-121.963743,lgCdXQLISP6a6jPqG0Es2g,1C6RR7LT2PS556103,NA556103,USED,2023,Ram,1500 Classic,Warlock,"Warlock 4x4 Crew Cab 5'7"" Box",49650,16759,Truck,Black,Black,4,,Automatic,4Ã—4,5.7,8,Gasoline,,Air Conditioning|Alloy Wheels|Backup Camera|Bluetooth Connection|Brake Assist|Cruise Control|Keyless Entry|Parking Sensors|Power Windows|Satellite Radio,"https://media.getedealer.com/w_1280,h_960,q_90,c_l,v1/inventory/DZDSQSE5FNADPOGCFRQSZQGKFQ.jpg|https://media.getedealer.com/w_1280,h_960,q_90,c_l,v1/inventory/UX7ZRXVN6FDKXC4JPYOMEP3ODA.jpg|https://media.getedealer.com/w_1280,h_960,q_90,c_l,v1/inventory/7UXP5MJILBECPFYDZPFJGA5FL4.jpg|https://media.getedealer.com/w_1280,h_960,q_90,c_l,v1/inventory/GFCJFYZTA5FSBLLQKICMTC7CCU.jpg|https://media.getedealer.com/w_1280,h_960,q_90,c_l,v1/inventory/6R5RJNL3GJH65KMKKZPWAYTLNI.jpg|https://media.getedealer.com/w_1280,h_960,q_90,c_l,v1/inventory/FLPTEFWVHFGDFNRBJ5RPPO42KE.jpg|https://media.getedealer.com/w_1280,h_960,q_90,c_l,v1/inventory/6JZRFCEVLFA6NFK65U7LQ4HTU4.jpg|https://media.getedealer.com/w_1280,h_960,q_90,c_l,v1/inventory/PB3JYXM2URHQ5FB5676B6BO7LA.jpg|https://media.getedealer.com/w_1280,h_960,q_90,c_l,v1/inventory/HC4CN43XTNFXLC3P25PHTRVSOY.jpg|https://media.getedealer.com/w_1280,h_960,q_90,c_l,v1/inventory/PRFSPU4BEVGZBEPZ3KDNRMQLUY.jpg|https://media.getedealer.com/w_1280,h_960,q_90,c_l,v1/inventory/AJHNVZSGXVD7NEOHY7DXFOYQPM.jpg|https://media.getedealer.com/w_1280,h_960,q_90,c_l,v1/inventory/HBUMS2W5ORHJ7NLHANK7IM7YZM.jpg|https://media.getedealer.com/w_1280,h_960,q_90,c_l,v1/inventory/6PTDKD3JBFEEJCUKRANFUH3VZQ.jpg|https://media.getedealer.com/w_1280,h_960,q_90,c_l,v1/inventory/4TUMLGWIJRH3XIFWIFAOBKPPBY.jpg|https://media.getedealer.com/w_1280,h_960,q_90,c_l,v1/inventory/W6JKEZAAEZHNTEK2PC4CB4ENEQ.jpg|https://media.getedealer.com/w_1280,h_960,q_90,c_l,v1/inventory/4U6U5ZYU2BFCHB5L6JCI3QIJQY.jpg|https://media.getedealer.com/w_1280,h_960,q_90,c_l,v1/inventory/WF4DGQHPQRHI3DDJU7VSU7KDT4.jpg|https://media.getedealer.com/w_1280,h_960,q_90,c_l,v1/inventory/JNMR3K5MPVGJRJDVVW6MUKZIZA.jpg|https://media.getedealer.com/w_1280,h_960,q_90,c_l,v1/inventory/3ZB4HNTL6NFY7GOXA6FIO6DQPQ.jpg|https://media.getedealer.com/w_1280,h_960,q_90,c_l,v1/inventory/TBIXKVB6RBF5JIXC3GJXDUTFHI.jpg|https://media.getedealer.com/w_1280,h_960,q_90,c_l,v1/inventory/ZTVC3FLKRJC4TOILLYP6T6TJWQ.jpg",10-02-2025 08:12,FALSE
g5JXS7yzTf2T0qDda8dM5A,CHILLIWACK MITSUBISHI,,+1 672-784-5040,45510 Yale Rd,Chilliwack,BC,V2P 2M9,49.151131,-121.963743,li8gEvSISempMnJY7lQQQQ,3FA6P0T90HR371287,UU371287,USED,2017,Ford,Fusion,Sport,Sport AWD Leather,9950,243002,Sedan,,,4,,Automatic,AWD,2,4,Gasoline,<p>2.5L Inline-4 Engine - Keyless Entry - 8-Inch Touchscreen Display - Apple CarPlay and Android Auto Compatibility - Dual-Zone Automatic Climate Control - 17 Alloy Wheels - Power Adjustable Driver&#39;s Seat - Cloth Upholstery - Power Mirrors - Power Windows - Power Door Locks - Satellite Radio - Rearview Camera - And So Much More!</p>,Air Conditioning|Alloy Wheels|Backup Camera|Bluetooth Connection|Brake Assist|Cruise Control|Keyless Entry|Power Seats|Power Windows|Satellite Radio|Smart Device Integration,"https://media.getedealer.com/w_1280,h_960,q_90,c_l,v1/inventory/GKYXN4GIGFEANHPJF7HPKG3PNU.jpg|https://media.getedealer.com/w_1280,h_960,q_90,c_l,v1/inventory/J2K4XVW2ERDZVLZA2ZR3ELSGVY.jpg|https://media.getedealer.com/w_1280,h_960,q_90,c_l,v1/inventory/FRMXAV6COVBGTAEIRA6CV7MVM4.jpg|https://media.getedealer.com/w_1280,h_960,q_90,c_l,v1/inventory/KN2K2PXKFBAFHCN6QJOBW52C2I.jpg|https://media.getedealer.com/w_1280,h_960,q_90,c_l,v1/inventory/PSUTURNP2ZHHZEJZVG2RHXS6LI.jpg|https://media.getedealer.com/w_1280,h_960,q_90,c_l,v1/inventory/QWBOPENBOFHRTOGIUM6WCSAYVY.jpg|https://media.getedealer.com/w_1280,h_960,q_90,c_l,v1/inventory/ILTVUG37WNHMNMJJT2KRXG5LRQ.jpg|https://media.getedealer.com/w_1280,h_960,q_90,c_l,v1/inventory/GXCFSJAPSBCY5PS2Y3QG32QGTQ.jpg|https://media.getedealer.com/w_1280,h_960,q_90,c_l,v1/inventory/4KPD7GYXXRA43AY45UCUFQCXYI.jpg|https://media.getedealer.com/w_1280,h_960,q_90,c_l,v1/inventory/XZTZOZXCWFDS3P7IJDGIICQYZM.jpg|https://media.getedealer.com/w_1280,h_960,q_90,c_l,v1/inventory/W5NAV2P4R5AW7ETI5UOBBP5Q4A.jpg|https://media.getedealer.com/w_1280,h_960,q_90,c_l,v1/inventory/A6F6ZG6J2BANBN6ZLJVLKUQIAE.jpg|https://media.getedealer.com/w_1280,h_960,q_90,c_l,v1/inventory/A2AGZ5I4NFGOTA2BDSWWTBS2Z4.jpg|https://media.getedealer.com/w_1280,h_960,q_90,c_l,v1/inventory/V4POFKCOEVCSZIITKVPFWWVM4M.jpg|https://media.getedealer.com/w_1280,h_960,q_90,c_l,v1/inventory/B6AXHYCKXRDX5GPTXXIR52JSBA.jpg|https://media.getedealer.com/w_1280,h_960,q_90,c_l,v1/inventory/IPGX4LV3Z5CU3ESFVQ6ZMAPSIA.jpg|https://media.getedealer.com/w_1280,h_960,q_90,c_l,v1/inventory/LCSVHLWCDNEVJM3UDEOAEPEWRI.jpg|https://media.getedealer.com/w_1280,h_960,q_90,c_l,v1/inventory/IGGDH6LVQVFGZMVQKEGOLLIZRY.jpg|https://media.getedealer.com/w_1280,h_960,q_90,c_l,v1/inventory/WEWJ2PIV4FDXLKUWUOVYCD4RNE.jpg|https://media.getedealer.com/w_1280,h_960,q_90,c_l,v1/inventory/ZRVPCS4AU5EA3GBSZSFAVLKMUQ.jpg|https://media.getedealer.com/w_1280,h_960,q_90,c_l,v1/inventory/QTVTIKGUPNHYVKS7PBQIAZFPLM.jpg|https://media.getedealer.com/w_1280,h_960,q_90,c_l,v1/inventory/GHNPRAWIOZBDDKDMPL72TVYCUA.jpg|https://media.getedealer.com/w_1280,h_960,q_90,c_l,v1/inventory/IM74TEVHRNEUNNCLHSURCTN7HI.jpg|https://media.getedealer.com/w_1280,h_960,q_90,c_l,v1/inventory/K2XUPX3MBZHTTETTKJB5ISROIU.jpg|https://media.getedealer.com/w_1280,h_960,q_90,c_l,v1/inventory/2LRB6GVWRBBJNEZIV5BZ4IB4IU.jpg",10-02-2025 08:13,FALSE
g5JXS7yzTf2T0qDda8dM5A,CHILLIWACK MITSUBISHI,,+1 672-784-5040,45510 Yale Rd,Chilliwack,BC,V2P 2M9,49.151131,-121.963743,ltFVcpUdTHKLDTCxfvfeNg,2HKRW2H91KH132386,NA132386,USED,2019,Honda,CR-V,Touring,Touring AWD,29200,122199,SUV,White,,4,,Automatic,AWD,1.5,4,Gasoline,,Air Conditioning|Alloy Wheels|Backup Camera|Bluetooth Connection|Brake Assist|Cruise Control|Heated Seats|Keyless Entry|Lane Assist|Leather Seats|Navigation System|Power Seats|Power Windows|Remote Start|Satellite Radio|Smart Device Integration|Sunroof / Moonroof,"https://media.getedealer.com/w_1280,h_960,q_90,c_l,v1/inventory/CQCVEE5CPZAL3CNDF2EBGYPLPI.jpg|https://media.getedealer.com/w_1280,h_960,q_90,c_l,v1/inventory/6E47DRG3IRBQBADSEAVK6JQKKI.jpg|https://media.getedealer.com/w_1280,h_960,q_90,c_l,v1/inventory/YWDRTVE4YFAKVMKNRFALOIPTWQ.jpg|https://media.getedealer.com/w_1280,h_960,q_90,c_l,v1/inventory/A2TSZQME2RDY7BQHDCOHSFGRKY.jpg|https://media.getedealer.com/w_1280,h_960,q_90,c_l,v1/inventory/HHLW44XPFJBXXHW4CI63BCYQ4E.jpg|https://media.getedealer.com/w_1280,h_960,q_90,c_l,v1/inventory/UFSYXVXWHBAM5E6SP2KWT27FZQ.jpg|https://media.getedealer.com/w_1280,h_960,q_90,c_l,v1/inventory/EAYZLHGBRFAOJAA2MMS2PJQX7E.jpg|https://media.getedealer.com/w_1280,h_960,q_90,c_l,v1/inventory/YUONKCHUKBB4TDLW7Q5DZHOSTI.jpg|https://media.getedealer.com/w_1280,h_960,q_90,c_l,v1/inventory/AM3THL7L6ZBUNNQKGSH7RFMGUY.jpg|https://media.getedealer.com/w_1280,h_960,q_90,c_l,v1/inventory/6XIN6ICPCZHONBPGRVENY7IYPE.jpg|https://media.getedealer.com/w_1280,h_960,q_90,c_l,v1/inventory/LADVBB2WOZFKVPOQG3AT5ANAN4.jpg|https://media.getedealer.com/w_1280,h_960,q_90,c_l,v1/inventory/O34BWB7YQZCMBPDRGCXPWMOPXI.jpg|https://media.getedealer.com/w_1280,h_960,q_90,c_l,v1/inventory/P2EF74F6MBBZJKDQR7NV44ZCNI.jpg|https://media.getedealer.com/w_1280,h_960,q_90,c_l,v1/inventory/YZADAJHZQRHQ7HXRRF7RKKVD3Y.jpg|https://media.getedealer.com/w_1280,h_960,q_90,c_l,v1/inventory/7LREG3VYLBGTXD55WS7SOTSAUM.jpg|https://media.getedealer.com/w_1280,h_960,q_90,c_l,v1/inventory/INGZXAHXZVHJFKIWOG5FKY4TUM.jpg|https://media.getedealer.com/w_1280,h_960,q_90,c_l,v1/inventory/GJZ4XPAIOZCK7L2OAPIXTNNTEY.jpg|https://media.getedealer.com/w_1280,h_960,q_90,c_l,v1/inventory/ECMWVSQKIFHIPP75NNRMCIFCUA.jpg|https://media.getedealer.com/w_1280,h_960,q_90,c_l,v1/inventory/K34V3IOEZFF3JKV2ABLSLVGTBY.jpg|https://media.getedealer.com/w_1280,h_960,q_90,c_l,v1/inventory/VRSWTHGAUFBJTMB3LJR7VVLOSI.jpg|https://media.getedealer.com/w_1280,h_960,q_90,c_l,v1/inventory/FBKZS3QIPZDF7JCREH2CF7BHXY.jpg|https://media.getedealer.com/w_1280,h_960,q_90,c_l,v1/inventory/PTSZVVRJ6VCCJIMMSULIMIB4FY.jpg|https://media.getedealer.com/w_1280,h_960,q_90,c_l,v1/inventory/SYUEA3OLQ5FRNM6IELKQ3RCBO4.jpg|https://media.getedealer.com/w_1280,h_960,q_90,c_l,v1/inventory/OETXX6GTGVAIVLKOF2U5BQZUJE.jpg",10-02-2025 08:13,FALSE
g5JXS7yzTf2T0qDda8dM5A,CHILLIWACK MITSUBISHI,,+1 672-784-5040,45510 Yale Rd,Chilliwack,BC,V2P 2M9,49.151131,-121.963743,lweTUXcvRDCYcahKwRISIw,JA4AJVAW8TU601522,MI601522,NEW,2026,Mitsubishi,RVR,SE,SE AWC,37999,34,SUV,Black,,4,,Automatic,4Ã—4,2.4,4,Gasoline,,Air Conditioning|Alloy Wheels|Backup Camera|Bluetooth Connection|Brake Assist|Cruise Control|Heated Seats|Keyless Entry|Lane Assist|Power Windows|Satellite Radio|Smart Device Integration,"https://media.getedealer.com/w_1280,h_960,q_90,c_l,v1/inventory/3PABIFQZRFA3BI6QVQU3VQ4YTQ.jpg|https://media.getedealer.com/w_1280,h_960,q_90,c_l,v1/inventory/SGLY4RMDXNEHBIMVAQYZJAXFWU.jpg|https://media.getedealer.com/w_1280,h_960,q_90,c_l,v1/inventory/LQMUYN7TJZASXPYHFOEHOVAXKI.jpg|https://media.getedealer.com/w_1280,h_960,q_90,c_l,v1/inventory/MMGA5YQIZBEQ7HAMH6NDJJNNZE.jpg|https://media.getedealer.com/w_1280,h_960,q_90,c_l,v1/inventory/RWPCVKNMYVAFXHMO3KQGP2DQZQ.jpg|https://media.getedealer.com/w_1280,h_960,q_90,c_l,v1/inventory/LNBGUOQK4RCJ5H5DYIO7B2ET2U.jpg|https://media.getedealer.com/w_1280,h_960,q_90,c_l,v1/inventory/V7XKJDTS7VFA3JZ2JLAPZDPZ3Q.jpg|https://media.getedealer.com/w_1280,h_960,q_90,c_l,v1/inventory/NROHJ7SZAZBD3GY6A6CWDUU3DY.jpg|https://media.getedealer.com/w_1280,h_960,q_90,c_l,v1/inventory/2PIOKN6H7JDSLKREJDFDGK7BJQ.jpg|https://media.getedealer.com/w_1280,h_960,q_90,c_l,v1/inventory/AAIPYTDGBZA2NHU7JCIHCVKIIM.jpg|https://media.getedealer.com/w_1280,h_960,q_90,c_l,v1/inventory/T55ACZXH3RD7NOLWDQIOLRTDIQ.jpg|https://media.getedealer.com/w_1280,h_960,q_90,c_l,v1/inventory/E64VLG4EOJEGZBVBGXMJBCPMSA.jpg|https://media.getedealer.com/w_1280,h_960,q_90,c_l,v1/inventory/UJA2A7W7MNB7JNQIIAFVWCLBSQ.jpg|https://media.getedealer.com/w_1280,h_960,q_90,c_l,v1/inventory/GQMSYHPRPBAYZN5L5YPO73ES6Q.jpg|https://media.getedealer.com/w_1280,h_960,q_90,c_l,v1/inventory/3JDJVZ3Z35CTXMXTKUWNN27V2Y.jpg|https://media.getedealer.com/w_1280,h_960,q_90,c_l,v1/inventory/BO6TBQ34WRDPRJCLCKPTBXSQ6A.jpg|https://media.getedealer.com/w_1280,h_960,q_90,c_l,v1/inventory/YLEIMMR73RDETJP2EEAKWZOEGI.jpg|https://media.getedealer.com/w_1280,h_960,q_90,c_l,v1/inventory/4M5VAMVRDZAKJFHLIWSBD5FD4E.jpg|https://media.getedealer.com/w_1280,h_960,q_90,c_l,v1/inventory/MQHH37VYVNERTJJZVMZ5DEO2BM.jpg|https://media.getedealer.com/w_1280,h_960,q_90,c_l,v1/inventory/OJYNQSNBYVAVJPGBOPQNNSTDVA.jpg|https://media.getedealer.com/w_1280,h_960,q_90,c_l,v1/inventory/4EFR2N3GRZCOJHBRIYQPP6SWIU.jpg|https://media.getedealer.com/w_1280,h_960,q_90,c_l,v1/inventory/NA2BZUXUS5E7PKM7Q3YRAGMEOM.jpg|https://media.getedealer.com/w_1280,h_960,q_90,c_l,v1/inventory/4SRDFBR74ZBBPIQZHCKHZP3TJY.jpg|https://media.getedealer.com/w_1280,h_960,q_90,c_l,v1/inventory/2DLOEWGQFJEMZLDR7YCAOIYHHQ.jpg",11/28/2025 8:09:07,FALSE
g5JXS7yzTf2T0qDda8dM5A,CHILLIWACK MITSUBISHI,,+1 672-784-5040,45510 Yale Rd,Chilliwack,BC,V2P 2M9,49.151131,-121.963743,mWJDMdMyRcereuAb9FyKeA,3C6RR7KG1MG569979,UU569979,USED,2021,Ram,1500 Classic,Express,"Express 4x4 Crew Cab 5'7"" Box",35400,87962,Truck,Black,Black,4,,Automatic,4Ã—4,3.6,6,Gasoline,,Air Conditioning|Backup Camera|Bluetooth Connection|Brake Assist|Cruise Control|Power Windows,"https://media.getedealer.com/w_1280,h_960,q_90,c_l,v1/inventory/J44HVDXDRZFM5KZGJSUTHNGMU4.jpg|https://media.getedealer.com/w_1280,h_960,q_90,c_l,v1/inventory/FFJXDF7LLNBH7K7TC2DN4WRZTE.jpg|https://media.getedealer.com/w_1280,h_960,q_90,c_l,v1/inventory/G455JNDNMJCHJN76SVCTNZV5P4.jpg|https://media.getedealer.com/w_1280,h_960,q_90,c_l,v1/inventory/Z3FP6KZYVBECTPNDNDWE3BZLW4.jpg|https://media.getedealer.com/w_1280,h_960,q_90,c_l,v1/inventory/ZWC5NQWJN5CS3NTMU56Q57YS7M.jpg|https://media.getedealer.com/w_1280,h_960,q_90,c_l,v1/inventory/5KWW2XOQPNE2RMQHG3JA73B5UI.jpg|https://media.getedealer.com/w_1280,h_960,q_90,c_l,v1/inventory/LPLBWEXUX5CR3GUJU3WXW6WVBU.jpg|https://media.getedealer.com/w_1280,h_960,q_90,c_l,v1/inventory/3R2CTNX6YNCBBDDEVBG4BPVJZU.jpg|https://media.getedealer.com/w_1280,h_960,q_90,c_l,v1/inventory/UNNZXT3EO5HQHGV2ZN534HIH2E.jpg|https://media.getedealer.com/w_1280,h_960,q_90,c_l,v1/inventory/SP325C5X5VGPFALKIWOWZZADME.jpg|https://media.getedealer.com/w_1280,h_960,q_90,c_l,v1/inventory/5OMQ6ZAQMNCFHEY5BICVAYKJEI.jpg|https://media.getedealer.com/w_1280,h_960,q_90,c_l,v1/inventory/LDPUMSQYFJDLBLOKBUEYTUHEFI.jpg|https://media.getedealer.com/w_1280,h_960,q_90,c_l,v1/inventory/UYTM36KBVNCRTP54R7R56NLYGU.jpg|https://media.getedealer.com/w_1280,h_960,q_90,c_l,v1/inventory/2J5POZRMNZARBMUG75EQP2KKHA.jpg|https://media.getedealer.com/w_1280,h_960,q_90,c_l,v1/inventory/2O2XQRH5TZC2BKJJF3UEKNOVKI.jpg|https://media.getedealer.com/w_1280,h_960,q_90,c_l,v1/inventory/OKEMIFDRAZFPFHIGR2JJPISC4U.jpg|https://media.getedealer.com/w_1280,h_960,q_90,c_l,v1/inventory/XJIPW4X3GJBD5PRKOOZ7GWGS2U.jpg|https://media.getedealer.com/w_1280,h_960,q_90,c_l,v1/inventory/5HCUPLGKV5BQRITSW6OD5DGDGA.jpg|https://media.getedealer.com/w_1280,h_960,q_90,c_l,v1/inventory/ILITUBMF5VEL7CJZY5QHFIBKHM.jpg|https://media.getedealer.com/w_1280,h_960,q_90,c_l,v1/inventory/WL62QEPJERFU5CQ52Z2LDEOPOA.jpg|https://media.getedealer.com/w_1280,h_960,q_90,c_l,v1/inventory/CT5ZKF3BY5F4ZHJDJKWZJFUSBI.jpg|https://media.getedealer.com/w_1280,h_960,q_90,c_l,v1/inventory/PT3QA4G73ZGSBH2AJZ3STDOX7E.jpg|https://media.getedealer.com/w_1280,h_960,q_90,c_l,v1/inventory/XAJR7HT3UZAS7EMI3IH3LMCK7Y.jpg|https://media.getedealer.com/w_1280,h_960,q_90,c_l,v1/inventory/PJ3XZV33OZBZFBX2O7MULIPFME.jpg|https://media.getedealer.com/w_1280,h_960,q_90,c_l,v1/inventory/AD3GFF5LN5HPRCWGEVBW3YFZFI.jpg",10-02-2025 08:13,FALSE
g5JXS7yzTf2T0qDda8dM5A,CHILLIWACK MITSUBISHI,,+1 672-784-5040,45510 Yale Rd,Chilliwack,BC,V2P 2M9,49.151131,-121.963743,mYEaiU1xTJCEgeJg8JkAqw,JA4ATUAAXTZ604689,MI604689,NEW,2026,Mitsubishi,Eclipse Cross,ES,ES S-AWC,31273,24,SUV,Black,,4,,Automatic,4Ã—4,1.5,4,Gasoline,,Air Conditioning|Alloy Wheels|Backup Camera|Bluetooth Connection|Brake Assist|Cruise Control|Heated Seats|Keyless Entry|Power Windows|Satellite Radio|Smart Device Integration,"https://media.getedealer.com/w_1280,h_960,q_90,c_l,v1/inventory/7PBSLAXJDRBT3CGPK422KBJPTY.jpg|https://media.getedealer.com/w_1280,h_960,q_90,c_l,v1/inventory/TBALLJQW7ZA2LMN3A6IY3FWCSE.jpg|https://media.getedealer.com/w_1280,h_960,q_90,c_l,v1/inventory/Z74QBMOEPNEE3JUGZ263YPRSDE.jpg|https://media.getedealer.com/w_1280,h_960,q_90,c_l,v1/inventory/KCDIZIYIGJAGJE35D2FI6QLOOU.jpg|https://media.getedealer.com/w_1280,h_960,q_90,c_l,v1/inventory/WQ5EWSCZCNB7PEUGS6Q4AXVI7I.jpg|https://media.getedealer.com/w_1280,h_960,q_90,c_l,v1/inventory/K6CZICUBAVDKPM53GGIE3NOJIQ.jpg|https://media.getedealer.com/w_1280,h_960,q_90,c_l,v1/inventory/Y2IPJVOM6ZHNJODP54ONNBDJCY.jpg|https://media.getedealer.com/w_1280,h_960,q_90,c_l,v1/inventory/CJFMMN7KE5ANPCBFHMQIZP7QWM.jpg|https://media.getedealer.com/w_1280,h_960,q_90,c_l,v1/inventory/PQW2FZBE3ZFJXATUGCRHP32XFM.jpg|https://media.getedealer.com/w_1280,h_960,q_90,c_l,v1/inventory/TP34UWRJ6NGIVMT6OY3ZY37E6E.jpg|https://media.getedealer.com/w_1280,h_960,q_90,c_l,v1/inventory/RDKRC2QF4BGRLOCELTCL6STFS4.jpg|https://media.getedealer.com/w_1280,h_960,q_90,c_l,v1/inventory/6BANDQN4PVBMBIX3JCISVZQFGU.jpg|https://media.getedealer.com/w_1280,h_960,q_90,c_l,v1/inventory/PCEYVTIC5JA7NB6THUDLE6O7UM.jpg|https://media.getedealer.com/w_1280,h_960,q_90,c_l,v1/inventory/I6CMEVO6IBB7DLFSNQEQIMX44I.jpg|https://media.getedealer.com/w_1280,h_960,q_90,c_l,v1/inventory/ZLKDP7IUUZGSZDRXUANBI5T45M.jpg|https://media.getedealer.com/w_1280,h_960,q_90,c_l,v1/inventory/UKNFIXIV2ZBFZOOXZD62JBGWHQ.jpg|https://media.getedealer.com/w_1280,h_960,q_90,c_l,v1/inventory/DRKHX7DYJRG7FJ3JUC44U5S2EM.jpg|https://media.getedealer.com/w_1280,h_960,q_90,c_l,v1/inventory/HIZBIHM5ZFBZ7BZPGL6ZKKF3HA.jpg|https://media.getedealer.com/w_1280,h_960,q_90,c_l,v1/inventory/DG4TXGASB5ETBECXHYP54D447A.jpg|https://media.getedealer.com/w_1280,h_960,q_90,c_l,v1/inventory/AJENVBJAKFFTZITGQWOWA7SZFY.jpg|https://media.getedealer.com/w_1280,h_960,q_90,c_l,v1/inventory/SDFWN2GLC5BUBKZITPFFCYAYBI.jpg|https://media.getedealer.com/w_1280,h_960,q_90,c_l,v1/inventory/DCNPMK5VFRG77ASCXFU44IRULM.jpg|https://media.getedealer.com/w_1280,h_960,q_90,c_l,v1/inventory/2IMM3ALHOFFQRMZRLYN3TD7IEY.jpg|https://media.getedealer.com/w_1280,h_960,q_90,c_l,v1/inventory/6FZPZZ53IFCQ7LK2TZQ55HH2BM.jpg",12/13/2025 7:35:59,FALSE
g5JXS7yzTf2T0qDda8dM5A,CHILLIWACK MITSUBISHI,,+1 672-784-5040,45510 Yale Rd,Chilliwack,BC,V2P 2M9,49.151131,-121.963743,mg5OzwiJT6WIUVKKDLWpeg,3VWG57BU2KM039937,AA039937,USED,2019,Volkswagen,Jetta,Execline,Execline Auto,22150,123657,Sedan,Orange,,4,,Automatic,FWD,1.4,4,Gasoline,,Air Conditioning|Alloy Wheels|Backup Camera|Bluetooth Connection|Brake Assist|Cooled Seats|Cruise Control|Heated Seats|Keyless Entry|Lane Assist|Leather Seats|Navigation System|Power Seats|Power Windows|Remote Start|Satellite Radio|Smart Device Integration|Sunroof / Moonroof,"https://media.getedealer.com/w_1280,h_960,q_90,c_l,v1/inventory/7WG5ICNXMFGLNFNZ7VUQTNBQDQ.jpg|https://media.getedealer.com/w_1280,h_960,q_90,c_l,v1/inventory/6SJTC5MPYRGWHOUMIYMZP3VEEY.jpg|https://media.getedealer.com/w_1280,h_960,q_90,c_l,v1/inventory/2T6PCP5OCBDFROBI7O2K7CUCJ4.jpg|https://media.getedealer.com/w_1280,h_960,q_90,c_l,v1/inventory/FJR2Q4QBDVEZBARFIMNNTAJAIE.jpg|https://media.getedealer.com/w_1280,h_960,q_90,c_l,v1/inventory/DSUHN6NWUNCS3GKKMXIUBYF3CY.jpg|https://media.getedealer.com/w_1280,h_960,q_90,c_l,v1/inventory/QLESHHEGZREFXF6KJG543QS4KE.jpg|https://media.getedealer.com/w_1280,h_960,q_90,c_l,v1/inventory/UQGYPVWE4ZAMZM7J3SNAFADCNA.jpg|https://media.getedealer.com/w_1280,h_960,q_90,c_l,v1/inventory/LMVYETSEMZB5DMAGAAFCXWHNVI.jpg|https://media.getedealer.com/w_1280,h_960,q_90,c_l,v1/inventory/F5SEAMZ2ZRFGNPJ6YRWSSHRFBQ.jpg|https://media.getedealer.com/w_1280,h_960,q_90,c_l,v1/inventory/4BR2APRKC5A77CTJ4AZROUZ2TA.jpg|https://media.getedealer.com/w_1280,h_960,q_90,c_l,v1/inventory/DN47UDTQM5HCFKSNGZJXNXN33U.jpg|https://media.getedealer.com/w_1280,h_960,q_90,c_l,v1/inventory/RCNRTJA5ORB3RODJD77RKUS66E.jpg|https://media.getedealer.com/w_1280,h_960,q_90,c_l,v1/inventory/IJHFESJSIFEVNFRJE5VMLMF32M.jpg|https://media.getedealer.com/w_1280,h_960,q_90,c_l,v1/inventory/5TZE323YK5FATHIMRDI6HAUZR4.jpg|https://media.getedealer.com/w_1280,h_960,q_90,c_l,v1/inventory/UUYGLV6KTNDW3KEBISMKQUPWFA.jpg|https://media.getedealer.com/w_1280,h_960,q_90,c_l,v1/inventory/VWY3GCD7UVCMZKAFQMSHEYGFIM.jpg|https://media.getedealer.com/w_1280,h_960,q_90,c_l,v1/inventory/GKIHC57UINDXZJM6AVFGQBCUGE.jpg|https://media.getedealer.com/w_1280,h_960,q_90,c_l,v1/inventory/4EBA54H7WRGLXN2ZKQPQWWI2NU.jpg|https://media.getedealer.com/w_1280,h_960,q_90,c_l,v1/inventory/VBQJPOQPGNGADG3BFUAFB66GPE.jpg|https://media.getedealer.com/w_1280,h_960,q_90,c_l,v1/inventory/XZBOT5OJ5BCSLLISUA3IPZVTWI.jpg|https://media.getedealer.com/w_1280,h_960,q_90,c_l,v1/inventory/JGQIZZECIZDPZLZNAYDHX3ZITA.jpg|https://media.getedealer.com/w_1280,h_960,q_90,c_l,v1/inventory/BULYOVHAFBCRTBYUM4PHBO4UWE.jpg|https://media.getedealer.com/w_1280,h_960,q_90,c_l,v1/inventory/CCAQIUCYAZEDHC7VOSO2P76SNQ.jpg|https://media.getedealer.com/w_1280,h_960,q_90,c_l,v1/inventory/SUS6Y637DJDNJB2VSUPBS65DI4.jpg",10-02-2025 08:13,FALSE
g5JXS7yzTf2T0qDda8dM5A,CHILLIWACK MITSUBISHI,,+1 672-784-5040,45510 Yale Rd,Chilliwack,BC,V2P 2M9,49.151131,-121.963743,mkeuAagZS4uFfmRXrx3T8Q,SAJEA51D72XC30795,UUC30795,USED,2002,Jaguar,X-TYPE,Other,4dr Sdn 2.5,3950,188526,Sedan,,,4,,Manual,AWD,2.5,6,Gasoline,,Air Conditioning|Alloy Wheels|Cruise Control|Keyless Entry|Leather Seats|Power Seats|Power Windows,"https://media.getedealer.com/w_1280,h_960,q_90,c_l,v1/inventory/QT7J5BR72VBHZGK3QMU5V6G4MQ.jpg|https://media.getedealer.com/w_1280,h_960,q_90,c_l,v1/inventory/DY2MKTYZHNC3BPGRIICCEF55J4.jpg|https://media.getedealer.com/w_1280,h_960,q_90,c_l,v1/inventory/6U4WZXK7SBGO3MNYXWRWR5Z6GU.jpg|https://media.getedealer.com/w_1280,h_960,q_90,c_l,v1/inventory/CK3R3OYLYRF5HPQYTGFIAW5FNM.jpg|https://media.getedealer.com/w_1280,h_960,q_90,c_l,v1/inventory/JZTBTJQF5VHOXIHXCTPO6ARDOE.jpg|https://media.getedealer.com/w_1280,h_960,q_90,c_l,v1/inventory/QFMSU2EI5FCFHG6TNU23I4ODLI.jpg|https://media.getedealer.com/w_1280,h_960,q_90,c_l,v1/inventory/3F7WYQU75RDIDJMXBSKXPYEJ7A.jpg|https://media.getedealer.com/w_1280,h_960,q_90,c_l,v1/inventory/3IWI4AZY4NHGXNMAIKXKXYOF5E.jpg|https://media.getedealer.com/w_1280,h_960,q_90,c_l,v1/inventory/PQCD3VZUOJBKVF6FBBHSLGKUWM.jpg|https://media.getedealer.com/w_1280,h_960,q_90,c_l,v1/inventory/AKUWITL43BAQBG6MTTEQKDU5SI.jpg|https://media.getedealer.com/w_1280,h_960,q_90,c_l,v1/inventory/4REUBJTXTNFQHOM7IHFRJQLZRM.jpg|https://media.getedealer.com/w_1280,h_960,q_90,c_l,v1/inventory/WQQCBJ4OJFEDLOPWZOTVNZJ3NU.jpg|https://media.getedealer.com/w_1280,h_960,q_90,c_l,v1/inventory/HLYRABCBB5CXZGJ6DBV2TZGXSU.jpg|https://media.getedealer.com/w_1280,h_960,q_90,c_l,v1/inventory/4P7ZWRJDPJCTJDLIRUGLBB3VCM.jpg|https://media.getedealer.com/w_1280,h_960,q_90,c_l,v1/inventory/4RJ5XT5CDNAMZINM5H2U5WZ6TY.jpg|https://media.getedealer.com/w_1280,h_960,q_90,c_l,v1/inventory/JCJUBRG7CVBMJF2XHGJQDFSBVM.jpg|https://media.getedealer.com/w_1280,h_960,q_90,c_l,v1/inventory/PJEGN6ETPJC4HKVH76AXUKQZLM.jpg|https://media.getedealer.com/w_1280,h_960,q_90,c_l,v1/inventory/Q3JZS7T7QNEJBA3ORZWP73UTVY.jpg|https://media.getedealer.com/w_1280,h_960,q_90,c_l,v1/inventory/A2EUMED3OJFCLGCNTPWAYYOCFM.jpg|https://media.getedealer.com/w_1280,h_960,q_90,c_l,v1/inventory/AXGQVFV5NNAMPIRU4JQBOI5W74.jpg|https://media.getedealer.com/w_1280,h_960,q_90,c_l,v1/inventory/AXNKQ26OLZFGRAYXRJ55FO3W4U.jpg|https://media.getedealer.com/w_1280,h_960,q_90,c_l,v1/inventory/6RTFU7NAFNCXJE4FD6AACLXQTU.jpg|https://media.getedealer.com/w_1280,h_960,q_90,c_l,v1/inventory/I4MJACEMENHHBCKP7WHKNLPZKI.jpg|https://media.getedealer.com/w_1280,h_960,q_90,c_l,v1/inventory/KCKQ4DRH55GCTL5PEHB4QSLADA.jpg|https://media.getedealer.com/w_1280,h_960,q_90,c_l,v1/inventory/FPIW4JW6MVHOVN3LW76WPS3FZU.jpg",10-02-2025 08:16,FALSE
g5JXS7yzTf2T0qDda8dM5A,CHILLIWACK MITSUBISHI,,+1 672-784-5040,45510 Yale Rd,Chilliwack,BC,V2P 2M9,49.151131,-121.963743,msdz3uB9QveIIkz5vZZFNQ,JA4T5WA9XSZ620460,MI620460,NEW,2025,Mitsubishi,Outlander Plug-In Hybrid,GT,GT S-AWC,54898,30,SUV,Red,,4,,Automatic,4Ã—4,2.4,4,Gasoline / Electric Hybrid,,Air Conditioning|Alloy Wheels|Backup Camera|Bluetooth Connection|Brake Assist|Cruise Control|Heads Up Display|Heated Seats|Keyless Entry|Lane Assist|Leather Seats|Navigation System|Parking Sensors|Power Seats|Power Windows|Satellite Radio|Smart Device Integration|Sunroof / Moonroof,"https://media.getedealer.com/w_1280,h_960,q_90,c_l,v1/inventory/SCFVKMGGZRA5BAT65QM3V66YWU.jpg|https://media.getedealer.com/w_1280,h_960,q_90,c_l,v1/inventory/JS4NKECUXBF3ZF43NT4BM46XOI.jpg|https://media.getedealer.com/w_1280,h_960,q_90,c_l,v1/inventory/TX4INWFLQJBMJI5R73AIB7LYQA.jpg|https://media.getedealer.com/w_1280,h_960,q_90,c_l,v1/inventory/6VH27BJXSFHKZOASWV4YVEPVZU.jpg|https://media.getedealer.com/w_1280,h_960,q_90,c_l,v1/inventory/3JKQ3DPR3VHOPPEIZG42ICCEEU.jpg|https://media.getedealer.com/w_1280,h_960,q_90,c_l,v1/inventory/7BO6ECAHABEQRFBOZYYJFEPIX4.jpg|https://media.getedealer.com/w_1280,h_960,q_90,c_l,v1/inventory/CLIYS5EHHJGIZKS2UC636EGFZ4.jpg|https://media.getedealer.com/w_1280,h_960,q_90,c_l,v1/inventory/P5K7KFC5W5G4TJ37YR37NQNMNQ.jpg|https://media.getedealer.com/w_1280,h_960,q_90,c_l,v1/inventory/QR7HFT34HNCAFEAP6PB6VHIL2Q.jpg|https://media.getedealer.com/w_1280,h_960,q_90,c_l,v1/inventory/6K7OVYGFDJAQ7A34H5QSNEITFA.jpg|https://media.getedealer.com/w_1280,h_960,q_90,c_l,v1/inventory/FTOCKAE3OZBG3AAY3PZGOXVA5E.jpg|https://media.getedealer.com/w_1280,h_960,q_90,c_l,v1/inventory/CZKDGJ2OVZHLNB6LA2OLSXRXY4.jpg|https://media.getedealer.com/w_1280,h_960,q_90,c_l,v1/inventory/2DK5XBQRNFHVLEFCS2H4TJAGVU.jpg|https://media.getedealer.com/w_1280,h_960,q_90,c_l,v1/inventory/WWMWGXRY6BA2VLD7U65QTD6P7U.jpg|https://media.getedealer.com/w_1280,h_960,q_90,c_l,v1/inventory/MBS47PFF7RCKRINF2F46ERSPNM.jpg|https://media.getedealer.com/w_1280,h_960,q_90,c_l,v1/inventory/GMDN2XLWBFBW5L3SQ2ENN6LH54.jpg|https://media.getedealer.com/w_1280,h_960,q_90,c_l,v1/inventory/TVDE43HM4JEQZG7W5PQCIASC2E.jpg|https://media.getedealer.com/w_1280,h_960,q_90,c_l,v1/inventory/MKGO6EQSZVDLRCAHF6EB2342MQ.jpg|https://media.getedealer.com/w_1280,h_960,q_90,c_l,v1/inventory/AJJSK2EBWBFE3OZ3W4SG34CAWI.jpg|https://media.getedealer.com/w_1280,h_960,q_90,c_l,v1/inventory/4AQESAZ745AQZOXRITJ3CR25C4.jpg|https://media.getedealer.com/w_1280,h_960,q_90,c_l,v1/inventory/GSVEO4O2FJHNDE5WISQ5TEF5SQ.jpg|https://media.getedealer.com/w_1280,h_960,q_90,c_l,v1/inventory/TAXTDESKVNFSBBROFWLGPOE4NE.jpg|https://media.getedealer.com/w_1280,h_960,q_90,c_l,v1/inventory/PFZNZNEC4BCGXAMRV66G2MAQKM.jpg|https://media.getedealer.com/w_1280,h_960,q_90,c_l,v1/inventory/Y5IVFLH7ZVHT7F6GSZ37JZ5VMY.jpg",10-02-2025 08:15,FALSE
g5JXS7yzTf2T0qDda8dM5A,CHILLIWACK MITSUBISHI,,+1 672-784-5040,45510 Yale Rd,Chilliwack,BC,V2P 2M9,49.151131,-121.963743,nfXfqsM8S3CKNDNHeG5aig,JA4T5WA91RZ619174,NA619174,USED,2024,Mitsubishi,Outlander Plug-In Hybrid,GT,GT S-AWC,47350,283303,SUV,Gray,,,,Automatic,,2.4,4,Flex Fuel,,Bluetooth Connection|Brake Assist|Cruise Control|Keyless Entry|Leather Seats|Navigation System|Power Seats|Power Windows|Satellite Radio|Smart Device Integration,"https://media.getedealer.com/w_1280,h_960,q_90,c_l,v1/inventory/TSQBX7NLANAJHDBEPRGVO5BEZY.jpg|https://media.getedealer.com/w_1280,h_960,q_90,c_l,v1/inventory/2YGLGFIRANHR5HQJOZAVCWZ67Y.jpg|https://media.getedealer.com/w_1280,h_960,q_90,c_l,v1/inventory/P76GB5CEKJAIHM5NNKGFPL6QZY.jpg|https://media.getedealer.com/w_1280,h_960,q_90,c_l,v1/inventory/ODGNVIAHFJHDHIKO747SBPUTNM.jpg|https://media.getedealer.com/w_1280,h_960,q_90,c_l,v1/inventory/TX3QZQU3CNBXTFWGWMCSX657CU.jpg|https://media.getedealer.com/w_1280,h_960,q_90,c_l,v1/inventory/GWODNMKNDBFWHJ4L3VFURVLADM.jpg|https://media.getedealer.com/w_1280,h_960,q_90,c_l,v1/inventory/NLAEQ2BB4VC3LOPCV5TREMUDOE.jpg|https://media.getedealer.com/w_1280,h_960,q_90,c_l,v1/inventory/RK5AJ3WX3VAUJE4UYX7UBTCEWQ.jpg|https://media.getedealer.com/w_1280,h_960,q_90,c_l,v1/inventory/FPKFCVBTBNAULDNPGW2P7FCMTI.jpg|https://media.getedealer.com/w_1280,h_960,q_90,c_l,v1/inventory/GDPY22YORNEMZLWIGVLS2PW5PQ.jpg|https://media.getedealer.com/w_1280,h_960,q_90,c_l,v1/inventory/L5W32ETUHBBHDFV7XBZ2JFHSFU.jpg|https://media.getedealer.com/w_1280,h_960,q_90,c_l,v1/inventory/HMBQSXUP5RCT7AEODM5MOCXGIE.jpg|https://media.getedealer.com/w_1280,h_960,q_90,c_l,v1/inventory/PPEOUBQBTJHCDDTV6YBBHM5NRE.jpg|https://media.getedealer.com/w_1280,h_960,q_90,c_l,v1/inventory/ONBHJA6QTZHE7ECX5FKZFYH5AI.jpg|https://media.getedealer.com/w_1280,h_960,q_90,c_l,v1/inventory/DRYNLYCL5JAEHB5SG6MRPBWKHU.jpg|https://media.getedealer.com/w_1280,h_960,q_90,c_l,v1/inventory/5TBHEOSQKJARJGWAOY5QTOZRVI.jpg|https://media.getedealer.com/w_1280,h_960,q_90,c_l,v1/inventory/BKBLSEU5Z5HHBLCGPSJUORKFJY.jpg|https://media.getedealer.com/w_1280,h_960,q_90,c_l,v1/inventory/DJ6UXEPVGZHNLB2XWRBLNFOFWY.jpg|https://media.getedealer.com/w_1280,h_960,q_90,c_l,v1/inventory/ZVYDR3XEURGHNMXZY6DVEC725E.jpg|https://media.getedealer.com/w_1280,h_960,q_90,c_l,v1/inventory/U6AHJIPBHBG4PFJJ7BJXR7477A.jpg|https://media.getedealer.com/w_1280,h_960,q_90,c_l,v1/inventory/SFJDXEUVNFCVBNCDAARUVT2KHM.jpg|https://media.getedealer.com/w_1280,h_960,q_90,c_l,v1/inventory/NSXXY2GTEVFXHHASQLEF7CGET4.jpg|https://media.getedealer.com/w_1280,h_960,q_90,c_l,v1/inventory/HH64EWCBNFDYJJNXTVQS7MXOO4.jpg|https://media.getedealer.com/w_1280,h_960,q_90,c_l,v1/inventory/TWQTEVGTMJA3PKNMXSPU2LL6EM.jpg",10-02-2025 08:15,FALSE
g5JXS7yzTf2T0qDda8dM5A,CHILLIWACK MITSUBISHI,,+1 672-784-5040,45510 Yale Rd,Chilliwack,BC,V2P 2M9,49.151131,-121.963743,oK7NTZDaQqCosJR24TDsrg,JA4J4VA81SZ620374,MI620374,NEW,2025,Mitsubishi,Outlander,SEL,SEL S-AWC,44598,30,SUV,Gray,,4,,Automatic,4Ã—4,2.5,4,Gasoline,,Air Conditioning|Alloy Wheels|Backup Camera|Bluetooth Connection|Brake Assist|Cruise Control|Heated Seats|Keyless Entry|Lane Assist|Parking Sensors|Power Windows|Satellite Radio|Smart Device Integration|Sunroof / Moonroof,"https://media.getedealer.com/w_1280,h_960,q_90,c_l,v1/inventory/PAHTG6ZTNVG5PI4JCCVKNQZTBY.jpg|https://media.getedealer.com/w_1280,h_960,q_90,c_l,v1/inventory/E5GOEA66DZDOTI2DOOS3CMY67U.jpg|https://media.getedealer.com/w_1280,h_960,q_90,c_l,v1/inventory/F7RSA7GMEVDVVPXBXXJPHUL42Q.jpg|https://media.getedealer.com/w_1280,h_960,q_90,c_l,v1/inventory/XITLU6WLNZD6RIZ3QNXBHF7AE4.jpg|https://media.getedealer.com/w_1280,h_960,q_90,c_l,v1/inventory/NHLP6JYI2ZH5FB7AR7VCKZFXYI.jpg|https://media.getedealer.com/w_1280,h_960,q_90,c_l,v1/inventory/LOQ45MUXNFEFXGBNVIZGW3G7BA.jpg|https://media.getedealer.com/w_1280,h_960,q_90,c_l,v1/inventory/DLUZVACWLFCKLIW7AYWX27RWQY.jpg|https://media.getedealer.com/w_1280,h_960,q_90,c_l,v1/inventory/3BA2EQX27RGRRHF6BP4LPFSKH4.jpg|https://media.getedealer.com/w_1280,h_960,q_90,c_l,v1/inventory/E6WUSAOMH5H2NKQMR335ENETQY.jpg|https://media.getedealer.com/w_1280,h_960,q_90,c_l,v1/inventory/H75VGUPZEZG7ZBMLRSINOUUWCE.jpg|https://media.getedealer.com/w_1280,h_960,q_90,c_l,v1/inventory/UYCFJJJSVFEUBEJ7R4FOZLI4LU.jpg|https://media.getedealer.com/w_1280,h_960,q_90,c_l,v1/inventory/O4VGCIBHOBBH5CWMG7WYTNPY6A.jpg|https://media.getedealer.com/w_1280,h_960,q_90,c_l,v1/inventory/VNIMJZ64UBG6RKUSZS7VJCJIOQ.jpg|https://media.getedealer.com/w_1280,h_960,q_90,c_l,v1/inventory/6PHU72FYUVDRXNJIJAYM6G5LQE.jpg|https://media.getedealer.com/w_1280,h_960,q_90,c_l,v1/inventory/IPCYRP2V25AKXLK2KJI7IJMHYQ.jpg|https://media.getedealer.com/w_1280,h_960,q_90,c_l,v1/inventory/4EHL2FKXOREEVFHXJSIBFE6KJM.jpg|https://media.getedealer.com/w_1280,h_960,q_90,c_l,v1/inventory/K7JWWNQEHVDQ7C3THKO533YZLY.jpg|https://media.getedealer.com/w_1280,h_960,q_90,c_l,v1/inventory/57AY5UUHHBHDFPRT24HJAYYB74.jpg|https://media.getedealer.com/w_1280,h_960,q_90,c_l,v1/inventory/KWBIMRBHRJHWHPIHP5EHWWM3KA.jpg|https://media.getedealer.com/w_1280,h_960,q_90,c_l,v1/inventory/RRQX65TKGZDZNORVHTRFTQLC5I.jpg|https://media.getedealer.com/w_1280,h_960,q_90,c_l,v1/inventory/ZWQATRDLMRAH5O7VYTJB7VQR6A.jpg|https://media.getedealer.com/w_1280,h_960,q_90,c_l,v1/inventory/2SYW7PWSSZFHLGJKQUNQFAXCII.jpg|https://media.getedealer.com/w_1280,h_960,q_90,c_l,v1/inventory/M5PUYBBNOFFZROFQIBIF546VQM.jpg|https://media.getedealer.com/w_1280,h_960,q_90,c_l,v1/inventory/UPPG5HFSCRBNXD6LTDV2B3MWEU.jpg",10-02-2025 08:14,FALSE
g5JXS7yzTf2T0qDda8dM5A,CHILLIWACK MITSUBISHI,,+1 672-784-5040,45510 Yale Rd,Chilliwack,BC,V2P 2M9,49.151131,-121.963743,oM4L0mbjQoCnV6VDCey7TQ,5GAEV13D39J161205,UU161205,USED,2009,Buick,Enclave,CX,AWD 4dr CX,9150,175952,SUV,White,,4,,Automatic,AWD,3.6,6,Gasoline,,Air Conditioning|Alloy Wheels|Bluetooth Connection|Cruise Control|Keyless Entry|Power Seats|Power Windows|Satellite Radio,"https://media.getedealer.com/w_1280,h_960,q_90,c_l,v1/inventory/LKJN5RNCD5GETH2AYLIP2ZI3KM.jpg|https://media.getedealer.com/w_1280,h_960,q_90,c_l,v1/inventory/FSKCP3WPOFABBAYOYSPQMCCOAA.jpg|https://media.getedealer.com/w_1280,h_960,q_90,c_l,v1/inventory/DDG7W74HTNCBHMQEAMVDOVGB7A.jpg|https://media.getedealer.com/w_1280,h_960,q_90,c_l,v1/inventory/RV5YYBMOJVAFJO2KOQZJFGDYQE.jpg|https://media.getedealer.com/w_1280,h_960,q_90,c_l,v1/inventory/C4RJRKS65ZHGXOMT6IBNXLIL54.jpg|https://media.getedealer.com/w_1280,h_960,q_90,c_l,v1/inventory/YTQGYM4HTJA6JJQEHVADJAYCHQ.jpg|https://media.getedealer.com/w_1280,h_960,q_90,c_l,v1/inventory/M4NPKAHASZBDPBQCEY5EPGRDT4.jpg|https://media.getedealer.com/w_1280,h_960,q_90,c_l,v1/inventory/GAYFZZD2PJGIDIJB26MLQV4SDY.jpg|https://media.getedealer.com/w_1280,h_960,q_90,c_l,v1/inventory/Y6EJKB7365H35E7G7SQNXIF5OE.jpg|https://media.getedealer.com/w_1280,h_960,q_90,c_l,v1/inventory/4VLZ6YYKTNHFHNP4UR2AL3OF4I.jpg|https://media.getedealer.com/w_1280,h_960,q_90,c_l,v1/inventory/M26JXPBGYNFIXKATHAWP2BZQ4E.jpg|https://media.getedealer.com/w_1280,h_960,q_90,c_l,v1/inventory/TQT2BWA5KBBCZDVMQMJZKPI24Q.jpg|https://media.getedealer.com/w_1280,h_960,q_90,c_l,v1/inventory/FPUSFM5EINFWPMJ6LMIHEN5ER4.jpg|https://media.getedealer.com/w_1280,h_960,q_90,c_l,v1/inventory/ELLQTCHUY5F4FF2H2KVVMCIUVI.jpg|https://media.getedealer.com/w_1280,h_960,q_90,c_l,v1/inventory/7ON64D6TWZFILCIDIRA46IPN6I.jpg|https://media.getedealer.com/w_1280,h_960,q_90,c_l,v1/inventory/SKDI6QHBINEWJK4AUB7XFIV7VE.jpg|https://media.getedealer.com/w_1280,h_960,q_90,c_l,v1/inventory/AERDNATIZJBYBFIWELUEZKPWCM.jpg|https://media.getedealer.com/w_1280,h_960,q_90,c_l,v1/inventory/UIOEZWMUSRFELNBY6665LIQ5KE.jpg|https://media.getedealer.com/w_1280,h_960,q_90,c_l,v1/inventory/YDU3F3QKLBE4DK4RYVFUKFB7FY.jpg|https://media.getedealer.com/w_1280,h_960,q_90,c_l,v1/inventory/MFFIJUESP5C27CLJLXASYAGOJA.jpg|https://media.getedealer.com/w_1280,h_960,q_90,c_l,v1/inventory/JVBBTDRF3JHMPPHCSVEHU4FCPA.jpg|https://media.getedealer.com/w_1280,h_960,q_90,c_l,v1/inventory/7QB57DHEPRBL3FCYWVC63GTQ5E.jpg|https://media.getedealer.com/w_1280,h_960,q_90,c_l,v1/inventory/6YIWLVBSAJA4LIA6XHRR2JUR2U.jpg|https://media.getedealer.com/w_1280,h_960,q_90,c_l,v1/inventory/RC3NB34LSVCSPEDIBQU4OMNLSY.jpg",10-02-2025 08:13,FALSE
g5JXS7yzTf2T0qDda8dM5A,CHILLIWACK MITSUBISHI,,+1 672-784-5040,45510 Yale Rd,Chilliwack,BC,V2P 2M9,49.151131,-121.963743,oc7UgOTXQpeHeOoC3D3I2A,JN1BJ1BW9MW446330,UU446330,USED,2021,Nissan,Qashqai,SV,AWD SV CVT,25950,42082,SUV,,,4,,Automatic,AWD,2,4,Gasoline,,Air Conditioning|Alloy Wheels|Backup Camera|Bluetooth Connection|Brake Assist|Heated Seats|Keyless Entry|Lane Assist|Parking Sensors|Power Windows|Satellite Radio|Smart Device Integration,"https://media.getedealer.com/w_1280,h_960,q_90,c_l,v1/inventory/3AB3CWLRSJCBVLCSC622UTMCJU.jpg|https://media.getedealer.com/w_1280,h_960,q_90,c_l,v1/inventory/EP72H4NKIVD6DF4COOVRZ5SQFA.jpg|https://media.getedealer.com/w_1280,h_960,q_90,c_l,v1/inventory/J4I5HQS7BRH6VI34ZXPWD2RRYY.jpg|https://media.getedealer.com/w_1280,h_960,q_90,c_l,v1/inventory/NCZEMNKSONCZZJNVTZ4UJZH7RE.jpg|https://media.getedealer.com/w_1280,h_960,q_90,c_l,v1/inventory/OT2UJO4SYNBEJOL6WJS5ZCVVIE.jpg|https://media.getedealer.com/w_1280,h_960,q_90,c_l,v1/inventory/RPS3QVIZZNBMBFURWYQ2ZVEB3A.jpg|https://media.getedealer.com/w_1280,h_960,q_90,c_l,v1/inventory/SY5IXF3SXRHXBDPOEPI46QU3XI.jpg|https://media.getedealer.com/w_1280,h_960,q_90,c_l,v1/inventory/VFDB4XEYSJBQ3LUEU4MOOBMWWI.jpg|https://media.getedealer.com/w_1280,h_960,q_90,c_l,v1/inventory/C3HQXSFXRRGBFGRFIBICNCDXJI.jpg|https://media.getedealer.com/w_1280,h_960,q_90,c_l,v1/inventory/67PFEBWMUFBURDOZ435VHTBX3I.jpg|https://media.getedealer.com/w_1280,h_960,q_90,c_l,v1/inventory/LRD42EC3WJBT5PPBJEGCFWNZ6E.jpg|https://media.getedealer.com/w_1280,h_960,q_90,c_l,v1/inventory/VPAZ3UKREBAU3KBK64DZJCIFSA.jpg|https://media.getedealer.com/w_1280,h_960,q_90,c_l,v1/inventory/ZLDOF2KMUNCPJJRY74RB5EU5OU.jpg|https://media.getedealer.com/w_1280,h_960,q_90,c_l,v1/inventory/YFEST23Q5JCIVPKDQZEN2XY5L4.jpg|https://media.getedealer.com/w_1280,h_960,q_90,c_l,v1/inventory/P3LNMHD7AZAFRPTTV6CDYFNN24.jpg|https://media.getedealer.com/w_1280,h_960,q_90,c_l,v1/inventory/OUTFSNLXZNCSTOMYAKQFTT3JVI.jpg|https://media.getedealer.com/w_1280,h_960,q_90,c_l,v1/inventory/2OJDH2PHLNFPHBBMY27L6JKOEQ.jpg|https://media.getedealer.com/w_1280,h_960,q_90,c_l,v1/inventory/4GCQABN7OBDBZI75WPUFO5AMSM.jpg|https://media.getedealer.com/w_1280,h_960,q_90,c_l,v1/inventory/KTLK77OMQNCMPBRYLBFFEG6G7U.jpg|https://media.getedealer.com/w_1280,h_960,q_90,c_l,v1/inventory/YXRR47DQHZG7PFLRRFGASNPSHE.jpg|https://media.getedealer.com/w_1280,h_960,q_90,c_l,v1/inventory/BIOFCYVUL5HW3OESAQTBEATWGQ.jpg|https://media.getedealer.com/w_1280,h_960,q_90,c_l,v1/inventory/SJAD47RTMJBT7C7KUGUPUJKXDU.jpg|https://media.getedealer.com/w_1280,h_960,q_90,c_l,v1/inventory/MCEOAJIMFRBY7KNQCWQJFHZXTI.jpg|https://media.getedealer.com/w_1280,h_960,q_90,c_l,v1/inventory/CETBX4X2BFGBVHIGWQ6ZCDD3QM.jpg|https://media.getedealer.com/w_1280,h_960,q_90,c_l,v1/inventory/D7NZMZBLDZEUZMCQ62FX224GVY.jpg",10-02-2025 08:15,FALSE
g5JXS7yzTf2T0qDda8dM5A,CHILLIWACK MITSUBISHI,,+1 672-784-5040,45510 Yale Rd,Chilliwack,BC,V2P 2M9,49.151131,-121.963743,oiFIWEBcTFW4Vr9HIAdd6w,JA4ATVAAXNZ606421,VA606421,USED,2022,Mitsubishi,Eclipse Cross,GT,GT S-AWC,29950,40805,SUV,Black,Gray,4,,Automatic,4Ã—4,1.5,4,Gasoline,,Air Conditioning|Alloy Wheels|Backup Camera|Bluetooth Connection|Brake Assist|Cruise Control|Heated Seats|Keyless Entry|Power Windows|Satellite Radio|Smart Device Integration,"https://media.getedealer.com/w_1280,h_960,q_90,c_l,v1/inventory/F7Q4EWV7XFHQVFZNYDY57OPB5E.jpg|https://media.getedealer.com/w_1280,h_960,q_90,c_l,v1/inventory/RQDAT36S5JD6NFC47AD7C3U3ZY.jpg|https://media.getedealer.com/w_1280,h_960,q_90,c_l,v1/inventory/X3WG7BRWKZA3FPJNQCDQKGZM4Q.jpg|https://media.getedealer.com/w_1280,h_960,q_90,c_l,v1/inventory/SGIJ7EZ7LJCFBB6NTTNAXKIFPI.jpg|https://media.getedealer.com/w_1280,h_960,q_90,c_l,v1/inventory/UZSOZEQU25HJLB37FZJDT2ITLI.jpg|https://media.getedealer.com/w_1280,h_960,q_90,c_l,v1/inventory/4FPFYFRMA5CBFE4GIZVHYX2F4U.jpg|https://media.getedealer.com/w_1280,h_960,q_90,c_l,v1/inventory/KXOERRCFLBBNVFVZSBWKR5AYQQ.jpg|https://media.getedealer.com/w_1280,h_960,q_90,c_l,v1/inventory/JUKXRLLS25DS3KSNRI2CTUFHAQ.jpg|https://media.getedealer.com/w_1280,h_960,q_90,c_l,v1/inventory/APJ6NF5KA5CRLHZHM6EBAVDKMY.jpg|https://media.getedealer.com/w_1280,h_960,q_90,c_l,v1/inventory/3JOM2M7EZFE47LDMVVGVTFK7IQ.jpg|https://media.getedealer.com/w_1280,h_960,q_90,c_l,v1/inventory/G4ZCHS5REVH5HOAO6FRFTWJ2PY.jpg|https://media.getedealer.com/w_1280,h_960,q_90,c_l,v1/inventory/HUAXIIQEABGSZOZCKMMHQ62RPA.jpg|https://media.getedealer.com/w_1280,h_960,q_90,c_l,v1/inventory/BN3H4KJWURGVFNSB2QX3KNXDBA.jpg|https://media.getedealer.com/w_1280,h_960,q_90,c_l,v1/inventory/4WUUM6BWORCZ3PDQ63EX2F3H3U.jpg|https://media.getedealer.com/w_1280,h_960,q_90,c_l,v1/inventory/FHO352OWLNGGPOV2JXAA4ELFIE.jpg|https://media.getedealer.com/w_1280,h_960,q_90,c_l,v1/inventory/NTO5TMKX4RCENLQ2Q4DI45VFV4.jpg|https://media.getedealer.com/w_1280,h_960,q_90,c_l,v1/inventory/4LGVUHJXERDETFUC4UAGG3NK6E.jpg|https://media.getedealer.com/w_1280,h_960,q_90,c_l,v1/inventory/2XVWHHQIWNGQXH2ZHBBQOYEINU.jpg|https://media.getedealer.com/w_1280,h_960,q_90,c_l,v1/inventory/DS6YOWU3MVHTFMPVRVLQINETXE.jpg|https://media.getedealer.com/w_1280,h_960,q_90,c_l,v1/inventory/OVUOS5RBM5A6XNHIUOYZSTDAEQ.jpg|https://media.getedealer.com/w_1280,h_960,q_90,c_l,v1/inventory/PYRBGKMJKJDJ7EZATNVELCUQUU.jpg|https://media.getedealer.com/w_1280,h_960,q_90,c_l,v1/inventory/Y7F6ONDWOBCX5AHT3MF4DRRGQE.jpg|https://media.getedealer.com/w_1280,h_960,q_90,c_l,v1/inventory/LA4CAC2W4FEVBHFXMRFUFGYIQE.jpg|https://media.getedealer.com/w_1280,h_960,q_90,c_l,v1/inventory/MUF3WQ52LNCZRIQSJQRG2W7HMA.jpg|https://media.getedealer.com/w_1280,h_960,q_90,c_l,v1/inventory/ZKIN2DNGTFDXTAYJHBUIDCUUI4.jpg",10-02-2025 08:14,FALSE
g5JXS7yzTf2T0qDda8dM5A,CHILLIWACK MITSUBISHI,,+1 672-784-5040,45510 Yale Rd,Chilliwack,BC,V2P 2M9,49.151131,-121.963743,p8fkWt08QiOJITArLCi35w,JA4AJVAW5TU602921,MI602921,NEW,2026,Mitsubishi,RVR,SEL,SEL AWC,33373,26,SUV,Silver,,4,,Automatic,4Ã—4,2.4,4,Gasoline,,Air Conditioning|Alloy Wheels|Backup Camera|Bluetooth Connection|Brake Assist|Cruise Control|Heated Seats|Keyless Entry|Lane Assist|Power Windows|Satellite Radio|Smart Device Integration,"https://media.getedealer.com/w_1280,h_960,q_90,c_l,v1/inventory/ZSZ7SQZZRRH7DO432LZEB7PQ7A.jpg|https://media.getedealer.com/w_1280,h_960,q_90,c_l,v1/inventory/MLEBQ5ZP7RE2BDVFEMVEQUWJII.jpg|https://media.getedealer.com/w_1280,h_960,q_90,c_l,v1/inventory/LN3KLKH6EZDJTPRWYWQDLIGTW4.jpg|https://media.getedealer.com/w_1280,h_960,q_90,c_l,v1/inventory/FN7VGFMRLVHJTDFON2UWPC5WSI.jpg|https://media.getedealer.com/w_1280,h_960,q_90,c_l,v1/inventory/YCSQC4O6GNDANMZTNW32HUH56M.jpg|https://media.getedealer.com/w_1280,h_960,q_90,c_l,v1/inventory/XK36MVCCRNGDNOHXVZVRTPIDOQ.jpg|https://media.getedealer.com/w_1280,h_960,q_90,c_l,v1/inventory/LDRO7BWN7NBLVI7DGSYS5PTRQ4.jpg|https://media.getedealer.com/w_1280,h_960,q_90,c_l,v1/inventory/PQZDJCO3OZA3ZDHX22IRCYEEHU.jpg|https://media.getedealer.com/w_1280,h_960,q_90,c_l,v1/inventory/OBR2LZ5N6REXNIAVBDKETHINNU.jpg|https://media.getedealer.com/w_1280,h_960,q_90,c_l,v1/inventory/2LKE4YINURCBHB47L4MFJ7NILM.jpg|https://media.getedealer.com/w_1280,h_960,q_90,c_l,v1/inventory/QY33LNHAYNBABHUAXESHNNKTEU.jpg|https://media.getedealer.com/w_1280,h_960,q_90,c_l,v1/inventory/DWAKLHCCJBDWBJJY4FFA4XWFKE.jpg|https://media.getedealer.com/w_1280,h_960,q_90,c_l,v1/inventory/WC6JULHC4BAOFDNUMZVR3N4LZY.jpg|https://media.getedealer.com/w_1280,h_960,q_90,c_l,v1/inventory/TFOSSJFG4ZE7LJVNDD2XZ6YRTA.jpg|https://media.getedealer.com/w_1280,h_960,q_90,c_l,v1/inventory/MBWCSY7BSZBF3DBXOLKGXKSFIM.jpg|https://media.getedealer.com/w_1280,h_960,q_90,c_l,v1/inventory/USS6ETTBXFAKHHUHM2ZCV65OBI.jpg|https://media.getedealer.com/w_1280,h_960,q_90,c_l,v1/inventory/G26U7RBZVZGLFHEEDCLWTQQNVE.jpg|https://media.getedealer.com/w_1280,h_960,q_90,c_l,v1/inventory/HIG5QVFPOFHEPHOEH5OLHFNSE4.jpg|https://media.getedealer.com/w_1280,h_960,q_90,c_l,v1/inventory/SMHSS5CENBC23CUMFPTIJKBUTM.jpg|https://media.getedealer.com/w_1280,h_960,q_90,c_l,v1/inventory/3ISGKAPUJVDSVLFGO6CJBZ3UVE.jpg|https://media.getedealer.com/w_1280,h_960,q_90,c_l,v1/inventory/NXWLOOA2DND7PHWCCXOCQEVIBY.jpg|https://media.getedealer.com/w_1280,h_960,q_90,c_l,v1/inventory/MUPW6HCRBVCR3NIOXORTPMQ2BI.jpg|https://media.getedealer.com/w_1280,h_960,q_90,c_l,v1/inventory/RKH57YUCK5C35O6K5SKQDB2LPU.jpg|https://media.getedealer.com/w_1280,h_960,q_90,c_l,v1/inventory/JJXDPR675VDTJK4ICHOJQ6QCRM.jpg|https://media.getedealer.com/w_1280,h_960,q_90,c_l,v1/inventory/C37Z5MOSJRABDE26XRPSEL4PMM.jpg",12/31/2025 7:30:50,FALSE
g5JXS7yzTf2T0qDda8dM5A,CHILLIWACK MITSUBISHI,,+1 672-784-5040,45510 Yale Rd,Chilliwack,BC,V2P 2M9,49.151131,-121.963743,pBhxRZyhQ8WNen1BQQThKA,LRBFX2SAXLD193423,VA193423,USED,2020,Buick,Envision,Essence,AWD 4dr Essence,30750,49144,SUV,Brown,,4,,Automatic,AWD,2.5,4,Flex Fuel,,Air Conditioning|Alloy Wheels|Backup Camera|Bluetooth Connection|Cruise Control|Heated Seats|Keyless Entry|Lane Assist|Leather Seats|Parking Sensors|Power Seats|Power Windows|Remote Start|Satellite Radio|Smart Device Integration|Wi-Fi Hotspot,"https://media.getedealer.com/w_1280,h_960,q_90,c_l,v1/inventory/K2O5OQ5GTNCYTNQXE5CQQJOUHA.jpg|https://media.getedealer.com/w_1280,h_960,q_90,c_l,v1/inventory/KL3424HTZFBHNGJFVOMC7R4ZUM.jpg|https://media.getedealer.com/w_1280,h_960,q_90,c_l,v1/inventory/RQCDYEKAENGQPNXIRCSVQPJ3UY.jpg|https://media.getedealer.com/w_1280,h_960,q_90,c_l,v1/inventory/2TJ3Y6RF4FBLHFWXX3MCPKL2XA.jpg|https://media.getedealer.com/w_1280,h_960,q_90,c_l,v1/inventory/224LJAFQQRFDNGEIFNRIU6T7CI.jpg|https://media.getedealer.com/w_1280,h_960,q_90,c_l,v1/inventory/AQ64VDRTJRCRRG4BO4WWKX2NXI.jpg|https://media.getedealer.com/w_1280,h_960,q_90,c_l,v1/inventory/IMU64JGWWNHNLC2OLAMCBLRYRA.jpg|https://media.getedealer.com/w_1280,h_960,q_90,c_l,v1/inventory/5IIQW6E6ARFFNDTJNK27VA2EJI.jpg|https://media.getedealer.com/w_1280,h_960,q_90,c_l,v1/inventory/7PO75J2VIVCBPMYHTPKZ6R2S3Y.jpg|https://media.getedealer.com/w_1280,h_960,q_90,c_l,v1/inventory/EKLKLKMF4VFM7P5VTOW4SGUYW4.jpg|https://media.getedealer.com/w_1280,h_960,q_90,c_l,v1/inventory/57CWYLG7NFEZRHRIBAZH4MYBJ4.jpg|https://media.getedealer.com/w_1280,h_960,q_90,c_l,v1/inventory/NQNGLMW77JAPZF7Y3Y6M3VRS4A.jpg|https://media.getedealer.com/w_1280,h_960,q_90,c_l,v1/inventory/7M7ZZEWFRNFXZDUX26WAE7UCU4.jpg|https://media.getedealer.com/w_1280,h_960,q_90,c_l,v1/inventory/RAPBRUB6CRGH7PIG2NFFA72RJM.jpg|https://media.getedealer.com/w_1280,h_960,q_90,c_l,v1/inventory/MVBWPQZWAVHA5PJ4OPKIG3JWIY.jpg|https://media.getedealer.com/w_1280,h_960,q_90,c_l,v1/inventory/N7Q7UV5K7ZFHTFXDM7NO5JI43M.jpg|https://media.getedealer.com/w_1280,h_960,q_90,c_l,v1/inventory/FSGGO4BMMZG6ZMFULUWEHRC45Q.jpg|https://media.getedealer.com/w_1280,h_960,q_90,c_l,v1/inventory/TR55AYPNXRDWNAK7CAEJK4K4TU.jpg|https://media.getedealer.com/w_1280,h_960,q_90,c_l,v1/inventory/PD4ET2RWYBHDJKMKTEVHSMXZW4.jpg|https://media.getedealer.com/w_1280,h_960,q_90,c_l,v1/inventory/I3EI73PD6JAJ7IC4DQLPW26N34.jpg|https://media.getedealer.com/w_1280,h_960,q_90,c_l,v1/inventory/FHDX6OLYCJDWTM4VIY24UC7KME.jpg|https://media.getedealer.com/w_1280,h_960,q_90,c_l,v1/inventory/F2ULE6WCU5AYJH4XXAWUVYK5WE.jpg|https://media.getedealer.com/w_1280,h_960,q_90,c_l,v1/inventory/UMKJO6QOIJHE3MOFGF2HFUN4BM.jpg|https://media.getedealer.com/w_1280,h_960,q_90,c_l,v1/inventory/5I3H6MBVAFF4ZA4IQKWX3OOIUU.jpg|https://media.getedealer.com/w_1280,h_960,q_90,c_l,v1/inventory/HNXB6IULFRDTDHZ4X5DXOPW3RU.jpg",10-02-2025 08:16,FALSE
g5JXS7yzTf2T0qDda8dM5A,CHILLIWACK MITSUBISHI,,+1 672-784-5040,45510 Yale Rd,Chilliwack,BC,V2P 2M9,49.151131,-121.963743,pN3bYb8kSguNS08SRqIYWA,4JGDA6EB5GA731227,VA731227,USED,2016,Mercedes-Benz,GLE,GLE 450 AMG,GLE 450 AMG 4MATIC SUV,24000,143444,SUV,Black,Black,4,,Automatic,AWD,3,6,Gasoline,,Air Conditioning|Alloy Wheels|Backup Camera|Bluetooth Connection|Brake Assist|Cruise Control|Heated Seats|Keyless Entry|Lane Assist|Power Seats|Power Windows|Satellite Radio|Sunroof / Moonroof,"https://media.getedealer.com/w_1280,h_960,q_90,c_l,v1/inventory/2TEP42RFKJHVPJI22EXVVYCLHY.jpg|https://media.getedealer.com/w_1280,h_960,q_90,c_l,v1/inventory/RJDT5WDYEBAMHHPWKER5EARFVE.jpg|https://media.getedealer.com/w_1280,h_960,q_90,c_l,v1/inventory/SEHL4REIDNEJVPH7RVBZV4OPJ4.jpg|https://media.getedealer.com/w_1280,h_960,q_90,c_l,v1/inventory/KXRIP6SQNZFYRIM27RXUQ24ONI.jpg|https://media.getedealer.com/w_1280,h_960,q_90,c_l,v1/inventory/A2ZGL3FD7RDN7G3JOITJUG3GXA.jpg|https://media.getedealer.com/w_1280,h_960,q_90,c_l,v1/inventory/PH25HKPDJBFOLCFXFMWHXKZL7A.jpg|https://media.getedealer.com/w_1280,h_960,q_90,c_l,v1/inventory/BNDBRWMLLFBY7M53PE2HIMEV7I.jpg|https://media.getedealer.com/w_1280,h_960,q_90,c_l,v1/inventory/7NSRP7BG3RD6DLXIL7CEKUSFQM.jpg|https://media.getedealer.com/w_1280,h_960,q_90,c_l,v1/inventory/XQU7LVDH35BD7AUYWYXIP36R4U.jpg|https://media.getedealer.com/w_1280,h_960,q_90,c_l,v1/inventory/ANCL7WU4VJBSZDAT537ZG3E4V4.jpg|https://media.getedealer.com/w_1280,h_960,q_90,c_l,v1/inventory/ZRDL2SYVZNCBTJCR6QZVFPRE74.jpg|https://media.getedealer.com/w_1280,h_960,q_90,c_l,v1/inventory/HMPSNRQLCJARTEXV327TYRI7F4.jpg|https://media.getedealer.com/w_1280,h_960,q_90,c_l,v1/inventory/U7UI3KET7FE7TPEUHN4LYVSPHI.jpg|https://media.getedealer.com/w_1280,h_960,q_90,c_l,v1/inventory/HYDIY3PGZBEFLE5LSX75K2V56A.jpg|https://media.getedealer.com/w_1280,h_960,q_90,c_l,v1/inventory/GRHORBQFKJBCLHSN6FTQ4BICS4.jpg|https://media.getedealer.com/w_1280,h_960,q_90,c_l,v1/inventory/3ICGM7OFIBBDVMITKSDIPAISUY.jpg|https://media.getedealer.com/w_1280,h_960,q_90,c_l,v1/inventory/UKJPDE6SQNCZPFNJAHEOIPHLOQ.jpg|https://media.getedealer.com/w_1280,h_960,q_90,c_l,v1/inventory/4A5REGBZ3BFORM5H3P7DJ6B5C4.jpg|https://media.getedealer.com/w_1280,h_960,q_90,c_l,v1/inventory/YRB7L7UU4NHK5MN2Z2CVT245RE.jpg|https://media.getedealer.com/w_1280,h_960,q_90,c_l,v1/inventory/5QJBPDIXKFDM5DBDQ5SCHNGGIE.jpg|https://media.getedealer.com/w_1280,h_960,q_90,c_l,v1/inventory/C5K5MSOSOJDARPYINYZT4MTYVQ.jpg|https://media.getedealer.com/w_1280,h_960,q_90,c_l,v1/inventory/6PJ3FG5W2BGV5BEPL4KMIYECC4.jpg|https://media.getedealer.com/w_1280,h_960,q_90,c_l,v1/inventory/HPMJDMOMINCN5L46Q7EG2GSWEQ.jpg",10-02-2025 08:13,FALSE
g5JXS7yzTf2T0qDda8dM5A,CHILLIWACK MITSUBISHI,,+1 672-784-5040,45510 Yale Rd,Chilliwack,BC,V2P 2M9,49.151131,-121.963743,pYbogLK6ReK2L21IolvjlQ,1C4RJYB60N8735042,UU735042,USED,2022,Jeep,Grand Cherokee 4xe,Other,4x4,52200,50210,SUV,Black,Black,4,,Automatic,4Ã—4,2,4,Gasoline / Electric Hybrid,,Air Conditioning|Alloy Wheels|Backup Camera|Bluetooth Connection|Brake Assist|Cruise Control|Heated Seats|Keyless Entry|Lane Assist|Navigation System|Parking Sensors|Power Seats|Power Windows|Remote Start|Satellite Radio|Smart Device Integration|Wi-Fi Hotspot,"https://media.getedealer.com/w_1280,h_960,q_90,c_l,v1/inventory/NORS4IUQGRHC7NQDAJYWNCFBME.jpg|https://media.getedealer.com/w_1280,h_960,q_90,c_l,v1/inventory/CJIZQFFXXNC4DD7BTLUKE7P7F4.jpg|https://media.getedealer.com/w_1280,h_960,q_90,c_l,v1/inventory/P4VZY7VMQRBWXI3FJZ2GQ2PFMY.jpg|https://media.getedealer.com/w_1280,h_960,q_90,c_l,v1/inventory/B3IJIEI6GVCD3OWCMFBXGNYINA.jpg|https://media.getedealer.com/w_1280,h_960,q_90,c_l,v1/inventory/5JTIRKK56RHN3EORPBEBSQVD3Y.jpg|https://media.getedealer.com/w_1280,h_960,q_90,c_l,v1/inventory/Z7GNVQPGUFF4DI4F6TU4QWDIQA.jpg|https://media.getedealer.com/w_1280,h_960,q_90,c_l,v1/inventory/32CRTG6YSFEXFFDHUIG62ZPM4I.jpg|https://media.getedealer.com/w_1280,h_960,q_90,c_l,v1/inventory/B2X4FISPVVDBDIN7M52RYRLBO4.jpg|https://media.getedealer.com/w_1280,h_960,q_90,c_l,v1/inventory/XP2MLQW5P5A4BOTM5OWQJ4DAWI.jpg|https://media.getedealer.com/w_1280,h_960,q_90,c_l,v1/inventory/GCAYR4GONVDWBL53QSK43FSB2E.jpg|https://media.getedealer.com/w_1280,h_960,q_90,c_l,v1/inventory/RZ4CZ3FO7JEFJOLA2K4D2ZBCG4.jpg|https://media.getedealer.com/w_1280,h_960,q_90,c_l,v1/inventory/HDIXWCWIABALFPGTODOX6I3III.jpg|https://media.getedealer.com/w_1280,h_960,q_90,c_l,v1/inventory/H6GRGML22ZBP3EQSJSNOVNTKCM.jpg|https://media.getedealer.com/w_1280,h_960,q_90,c_l,v1/inventory/DJEUFYCQENBXBC5Y2DJQQI7RLI.jpg|https://media.getedealer.com/w_1280,h_960,q_90,c_l,v1/inventory/YXUJ4BY3ONDDPLRDHMIKFRZBUA.jpg|https://media.getedealer.com/w_1280,h_960,q_90,c_l,v1/inventory/SLYPNFLOCFHWJMYB4PR2A4GQ4A.jpg|https://media.getedealer.com/w_1280,h_960,q_90,c_l,v1/inventory/7HRFZWW56JGEBF2PZZLHD4PTNM.jpg|https://media.getedealer.com/w_1280,h_960,q_90,c_l,v1/inventory/5ZX6VGMIRBEKXG3ALIQZCYPI5I.jpg|https://media.getedealer.com/w_1280,h_960,q_90,c_l,v1/inventory/HGKXTZ2TSBESNAOYPOPV2E3LKQ.jpg|https://media.getedealer.com/w_1280,h_960,q_90,c_l,v1/inventory/IYA5EQBR4FAF5JVANSU3PY5LNE.jpg|https://media.getedealer.com/w_1280,h_960,q_90,c_l,v1/inventory/FL33F6DFOREHXIGVBE4447V46I.jpg|https://media.getedealer.com/w_1280,h_960,q_90,c_l,v1/inventory/B6EOMCCZTJELFBAMJB7GPX43PA.jpg|https://media.getedealer.com/w_1280,h_960,q_90,c_l,v1/inventory/H7UGTSLC3RAAVHWZELFFI6P6LQ.jpg|https://media.getedealer.com/w_1280,h_960,q_90,c_l,v1/inventory/R6ENUQ76IZD3NHHK46WG6ASE4M.jpg|https://media.getedealer.com/w_1280,h_960,q_90,c_l,v1/inventory/6GADJC63DBFLVOMMIV75UPINKY.jpg",10-02-2025 08:12,FALSE
g5JXS7yzTf2T0qDda8dM5A,CHILLIWACK MITSUBISHI,,+1 672-784-5040,45510 Yale Rd,Chilliwack,BC,V2P 2M9,49.151131,-121.963743,pdsPcONmQ2O3hnF1SlmMbA,JA4J4VA89RZ617877,UU617877,USED,2024,Mitsubishi,Outlander,SE,SE S-AWC,35800,41403,SUV,Gray,Black,4,,Automatic,4Ã—4,2.5,4,Gasoline,,Air Conditioning|Alloy Wheels|Backup Camera|Bluetooth Connection|Brake Assist|Cruise Control|Heated Seats|Keyless Entry|Lane Assist|Parking Sensors|Power Windows|Satellite Radio|Smart Device Integration|Sunroof / Moonroof,"https://media.getedealer.com/w_1280,h_960,q_90,c_l,v1/inventory/PMV3DSRHH5BXTEHB7IZSMKMHCE.jpg|https://media.getedealer.com/w_1280,h_960,q_90,c_l,v1/inventory/DZB5RHN2EBEUBBNGSA76RSM4SQ.jpg|https://media.getedealer.com/w_1280,h_960,q_90,c_l,v1/inventory/BLM2OXO7QJHHZMZDXTZKZFQDUU.jpg|https://media.getedealer.com/w_1280,h_960,q_90,c_l,v1/inventory/HZAXVS6WOJCSDJJENENAGWHAXQ.jpg|https://media.getedealer.com/w_1280,h_960,q_90,c_l,v1/inventory/GAARK4V4KVCNFLK5XMKNF7VIAI.jpg|https://media.getedealer.com/w_1280,h_960,q_90,c_l,v1/inventory/FON22ECY6FBM3AGCV24DVT6SEA.jpg|https://media.getedealer.com/w_1280,h_960,q_90,c_l,v1/inventory/GMJACSMDOJFL7CAGPFF7PNME7I.jpg|https://media.getedealer.com/w_1280,h_960,q_90,c_l,v1/inventory/QINZMZXIY5B2DOPDG76CJEVADI.jpg|https://media.getedealer.com/w_1280,h_960,q_90,c_l,v1/inventory/WQPJBKOTMBDN5HE4VHI4A272BI.jpg|https://media.getedealer.com/w_1280,h_960,q_90,c_l,v1/inventory/3KVJH6MKZBE7ZLKO4HA6RI5PZI.jpg|https://media.getedealer.com/w_1280,h_960,q_90,c_l,v1/inventory/MCLXF3KZHJFKRDWB2DMY3ZLO6E.jpg|https://media.getedealer.com/w_1280,h_960,q_90,c_l,v1/inventory/PK2MBYNIKBHMNIYOUBAS2TUWP4.jpg|https://media.getedealer.com/w_1280,h_960,q_90,c_l,v1/inventory/KGG2RPJ2YBBI3IC5FU76QGDR2U.jpg|https://media.getedealer.com/w_1280,h_960,q_90,c_l,v1/inventory/FP6OWNVMTRBLDAEW25GXLC4BRM.jpg|https://media.getedealer.com/w_1280,h_960,q_90,c_l,v1/inventory/GRCXUS4D3RA3DANY2LQPOPRUPY.jpg|https://media.getedealer.com/w_1280,h_960,q_90,c_l,v1/inventory/JRDEJ2EA2ZFBRK2VUVDAPV4DVA.jpg|https://media.getedealer.com/w_1280,h_960,q_90,c_l,v1/inventory/TI5XLNRFXRD4RB4WQZBYVJMA6Q.jpg|https://media.getedealer.com/w_1280,h_960,q_90,c_l,v1/inventory/TCE6BANQ5ZDMVNF3KWIWGGJJCQ.jpg|https://media.getedealer.com/w_1280,h_960,q_90,c_l,v1/inventory/VEDF2RRA5JETNL7B4VPIFPZ43I.jpg|https://media.getedealer.com/w_1280,h_960,q_90,c_l,v1/inventory/OXNJ6S5LZNFLRHOCJ2VF53CZOI.jpg|https://media.getedealer.com/w_1280,h_960,q_90,c_l,v1/inventory/BK4A6HI3J5HMDMTJS5DONCTOUU.jpg|https://media.getedealer.com/w_1280,h_960,q_90,c_l,v1/inventory/X7R3IBT25BHZ7BM37XGCVWSE3A.jpg|https://media.getedealer.com/w_1280,h_960,q_90,c_l,v1/inventory/QL3SQPKLGRDYNJC4RDPXNUU5EQ.jpg|https://media.getedealer.com/w_1280,h_960,q_90,c_l,v1/inventory/2WSDFIM47ZB45BSBL3UDSKUBDM.jpg",11/18/2025 7:10:32,FALSE
g5JXS7yzTf2T0qDda8dM5A,CHILLIWACK MITSUBISHI,,+1 672-784-5040,45510 Yale Rd,Chilliwack,BC,V2P 2M9,49.151131,-121.963743,pwdjPa9RSjayRJlqqIZt7g,JA4J4WA82SZ618798,MI618798,NEW,2025,Mitsubishi,Outlander,GT,GT S-AWC,46798,37,SUV,Gray,,4,,Automatic,4Ã—4,2.5,4,Gasoline,,Air Conditioning|Alloy Wheels|Backup Camera|Bluetooth Connection|Brake Assist|Cooled Seats|Cruise Control|Heads Up Display|Heated Seats|Keyless Entry|Lane Assist|Navigation System|Parking Sensors|Power Seats|Power Windows|Satellite Radio|Smart Device Integration|Sunroof / Moonroof,"https://media.getedealer.com/w_1280,h_960,q_90,c_l,v1/inventory/6LGBIZV2QJHVJKMVRMNWP3FQR4.jpg|https://media.getedealer.com/w_1280,h_960,q_90,c_l,v1/inventory/HLTUASM5FBEO3FHMQDSDMNTUXA.jpg|https://media.getedealer.com/w_1280,h_960,q_90,c_l,v1/inventory/GSSTBZWFOZDKTNFYQVP7NVAOOE.jpg|https://media.getedealer.com/w_1280,h_960,q_90,c_l,v1/inventory/5N3Q2JC73VBDTBOQNBG6MJZJGE.jpg|https://media.getedealer.com/w_1280,h_960,q_90,c_l,v1/inventory/3FRQN4Q66ZEYPLME73FOZCE6JM.jpg|https://media.getedealer.com/w_1280,h_960,q_90,c_l,v1/inventory/3XWYOGASJNBMHH6L7FJTDEB7NU.jpg|https://media.getedealer.com/w_1280,h_960,q_90,c_l,v1/inventory/XR62F5IGS5DUXGSAICCDH4G4NY.jpg|https://media.getedealer.com/w_1280,h_960,q_90,c_l,v1/inventory/UDQXRR5RKBEVPCQU6WZNEGQXIY.jpg|https://media.getedealer.com/w_1280,h_960,q_90,c_l,v1/inventory/MAA3B5X5VNB37IFSZRWRQ62JIE.jpg|https://media.getedealer.com/w_1280,h_960,q_90,c_l,v1/inventory/6G5SRF7GQZF3HNNMML3NGLJWLI.jpg|https://media.getedealer.com/w_1280,h_960,q_90,c_l,v1/inventory/U5UJHQU7LFCCHD5VDURZFQ4GCI.jpg|https://media.getedealer.com/w_1280,h_960,q_90,c_l,v1/inventory/EBYZRTUWFRGUDMUMLJJVCGSKIQ.jpg|https://media.getedealer.com/w_1280,h_960,q_90,c_l,v1/inventory/LKRVAOD36FFEPKYASQ7XWQLPHM.jpg|https://media.getedealer.com/w_1280,h_960,q_90,c_l,v1/inventory/CVJALRPMXNCH3DNDHR5Z7J4ZKY.jpg|https://media.getedealer.com/w_1280,h_960,q_90,c_l,v1/inventory/GXEH6U5765BDTPBEXI7YC2HEGI.jpg|https://media.getedealer.com/w_1280,h_960,q_90,c_l,v1/inventory/6ROOQIBVTNGZ7JWSJ6GP3AKDSY.jpg|https://media.getedealer.com/w_1280,h_960,q_90,c_l,v1/inventory/KYMTPEJE4VG4XGKOQQUQJ6CVFY.jpg|https://media.getedealer.com/w_1280,h_960,q_90,c_l,v1/inventory/SIKLXJF35NBLVGGY2INOG6BW4A.jpg|https://media.getedealer.com/w_1280,h_960,q_90,c_l,v1/inventory/LQGU57QSN5E63NJIVBMVWNECIE.jpg|https://media.getedealer.com/w_1280,h_960,q_90,c_l,v1/inventory/T32T46SA75GUBPTZZ5IXCSTMTU.jpg|https://media.getedealer.com/w_1280,h_960,q_90,c_l,v1/inventory/BATOTFHLBJFKNGAUWHLEX76SHU.jpg|https://media.getedealer.com/w_1280,h_960,q_90,c_l,v1/inventory/YWF3QYXX2FD2RHLIPUGK2MT6XQ.jpg|https://media.getedealer.com/w_1280,h_960,q_90,c_l,v1/inventory/4ONRGHO3U5D5NBAQ2NDKP4VMTY.jpg|https://media.getedealer.com/w_1280,h_960,q_90,c_l,v1/inventory/7XSM7BF3TNFB7AU4K77LU4Z4NQ.jpg",10-02-2025 08:15,FALSE
g5JXS7yzTf2T0qDda8dM5A,CHILLIWACK MITSUBISHI,,+1 672-784-5040,45510 Yale Rd,Chilliwack,BC,V2P 2M9,49.151131,-121.963743,qEXW0i8JSZaNFK8iOL2EfQ,VBKUTM234LM301230,UU301230,USED,2020,Husqvarna,300HQV,NA,,6950,3359,,White,,,,,,,,,,,,12-06-2025 07:32,FALSE
g5JXS7yzTf2T0qDda8dM5A,CHILLIWACK MITSUBISHI,,+1 672-784-5040,45510 Yale Rd,Chilliwack,BC,V2P 2M9,49.151131,-121.963743,r6W7flwWSYyg4qYgwVRwIA,JA4AZ2A31LZ602561,AA602561,USED,2020,Mitsubishi,Outlander,EX-L,EX-L S-AWC,25750,96963,SUV,Brown,,4,,Automatic,4Ã—4,2.4,4,Gasoline,,Air Conditioning|Alloy Wheels|Backup Camera|Bluetooth Connection|Brake Assist|Cruise Control|Heated Seats|Keyless Entry|Power Windows|Satellite Radio|Smart Device Integration,"https://media.getedealer.com/w_1280,h_960,q_90,c_l,v1/inventory/S6K2DCZQR5DYZK4VX4MX5XOXQE.jpg|https://media.getedealer.com/w_1280,h_960,q_90,c_l,v1/inventory/3HIBFVE5UNF4NAYYLATJOCKD3M.jpg|https://media.getedealer.com/w_1280,h_960,q_90,c_l,v1/inventory/XDBWEMFNVRERPLIAVOR24OQBCA.jpg|https://media.getedealer.com/w_1280,h_960,q_90,c_l,v1/inventory/OBORKRV57VFE3OF46WN4KNSE6Q.jpg|https://media.getedealer.com/w_1280,h_960,q_90,c_l,v1/inventory/K6V57N57JZBOXI2SOO6IWTOXFI.jpg|https://media.getedealer.com/w_1280,h_960,q_90,c_l,v1/inventory/HOFCYM4OBNATRNH4Z7PIZCBFZ4.jpg|https://media.getedealer.com/w_1280,h_960,q_90,c_l,v1/inventory/4LIUTXDRWJGMHFSVNUVEBZQ4OU.jpg|https://media.getedealer.com/w_1280,h_960,q_90,c_l,v1/inventory/5LBL42KYQRBAFJ74WYPCBZ2LBU.jpg|https://media.getedealer.com/w_1280,h_960,q_90,c_l,v1/inventory/4H32LCHQJJDRXBVU3UFEOK2C2Q.jpg|https://media.getedealer.com/w_1280,h_960,q_90,c_l,v1/inventory/BNIKOD3OFVCBBO5W6X43V4WXBE.jpg|https://media.getedealer.com/w_1280,h_960,q_90,c_l,v1/inventory/XHJKYYM5I5HUHH6KU4RJWPCS64.jpg|https://media.getedealer.com/w_1280,h_960,q_90,c_l,v1/inventory/ZS67GG6AAREB5DMKMO4CMR7TFM.jpg|https://media.getedealer.com/w_1280,h_960,q_90,c_l,v1/inventory/LS77BVPWTNGUHF34IDROTDDEUU.jpg|https://media.getedealer.com/w_1280,h_960,q_90,c_l,v1/inventory/QE3QFYP4RFHEXDCOPRFHNSI5TI.jpg|https://media.getedealer.com/w_1280,h_960,q_90,c_l,v1/inventory/SNLWBWGKWVE3RLT4SOSG4B6WII.jpg|https://media.getedealer.com/w_1280,h_960,q_90,c_l,v1/inventory/XHYXJH4SLVENZL6RTLBVRJ3QA4.jpg|https://media.getedealer.com/w_1280,h_960,q_90,c_l,v1/inventory/7CCRCHFFVRBBJL5Z4KEDG7AIOM.jpg|https://media.getedealer.com/w_1280,h_960,q_90,c_l,v1/inventory/VVUMHIFWVVFEZBFWGZ7MBYFYJI.jpg|https://media.getedealer.com/w_1280,h_960,q_90,c_l,v1/inventory/2BCYZXU34ZANLEDYKAYECELLIA.jpg|https://media.getedealer.com/w_1280,h_960,q_90,c_l,v1/inventory/S6QBP6ZMTFE7VN36MR5UUGA7Y4.jpg|https://media.getedealer.com/w_1280,h_960,q_90,c_l,v1/inventory/YKQPQLSPOBEBZGPTFENLSLYMLI.jpg|https://media.getedealer.com/w_1280,h_960,q_90,c_l,v1/inventory/VMCMTUFGCBGHVFA2VUMFA5BKAU.jpg|https://media.getedealer.com/w_1280,h_960,q_90,c_l,v1/inventory/57QNNULNIFDL3BC3IMKK63XBE4.jpg",10-02-2025 08:14,FALSE
g5JXS7yzTf2T0qDda8dM5A,CHILLIWACK MITSUBISHI,,+1 672-784-5040,45510 Yale Rd,Chilliwack,BC,V2P 2M9,49.151131,-121.963743,rAlAHDccQrKtuvqeBqf4iw,3VV0B7AX1LM069491,NA069491,USED,2020,Volkswagen,Tiguan,Trendline,Trendline 4MOTION,21600,124213,SUV,White,,4,,Automatic,AWD,2,4,Gasoline,,Air Conditioning|Alloy Wheels|Backup Camera|Bluetooth Connection|Brake Assist|Cruise Control|Heated Seats|Keyless Entry|Lane Assist|Power Windows|Smart Device Integration,"https://media.getedealer.com/w_1280,h_960,q_90,c_l,v1/inventory/GU5VSG76D5DSLD5JJLLHVE4HCQ.jpg|https://media.getedealer.com/w_1280,h_960,q_90,c_l,v1/inventory/3UTFO6F6PBDH5LPZAOIBSYQQV4.jpg|https://media.getedealer.com/w_1280,h_960,q_90,c_l,v1/inventory/5TSPY7ARWRH5RP2FTUQZUCQHJ4.jpg|https://media.getedealer.com/w_1280,h_960,q_90,c_l,v1/inventory/IOWPGBGI3NGMBD476455RL56WM.jpg|https://media.getedealer.com/w_1280,h_960,q_90,c_l,v1/inventory/4OEXYNJQCJHPZIP4NY2IX37P2M.jpg|https://media.getedealer.com/w_1280,h_960,q_90,c_l,v1/inventory/XRYARS5Y45CEDJUO6Y6YHN34PI.jpg|https://media.getedealer.com/w_1280,h_960,q_90,c_l,v1/inventory/LPV37X362VCJVEQ3RWLQK6VOW4.jpg|https://media.getedealer.com/w_1280,h_960,q_90,c_l,v1/inventory/5JNLIXIIIJAZFA6KQLQER4SQ2U.jpg|https://media.getedealer.com/w_1280,h_960,q_90,c_l,v1/inventory/HC73PAM3SFDJPAXQO5UW65MEEI.jpg|https://media.getedealer.com/w_1280,h_960,q_90,c_l,v1/inventory/PP4YBW465FHWFL3QGCB3WNZCSM.jpg|https://media.getedealer.com/w_1280,h_960,q_90,c_l,v1/inventory/EHZKSZHKXNB5ZO23BV365FMASY.jpg|https://media.getedealer.com/w_1280,h_960,q_90,c_l,v1/inventory/GIU5OSGLYJBCRJ7Y6GAQ2CWIXA.jpg|https://media.getedealer.com/w_1280,h_960,q_90,c_l,v1/inventory/I2LOFI6VKNCMDNHVL3YBP2H3QA.jpg|https://media.getedealer.com/w_1280,h_960,q_90,c_l,v1/inventory/SBP52T2JPFFHRCLLIBOP5CBDOA.jpg|https://media.getedealer.com/w_1280,h_960,q_90,c_l,v1/inventory/5WVBKD2OJFAWDJXOWNC4YZ5FMU.jpg|https://media.getedealer.com/w_1280,h_960,q_90,c_l,v1/inventory/7QUOI4D6EZAS7DWLX7RHSY3FCY.jpg|https://media.getedealer.com/w_1280,h_960,q_90,c_l,v1/inventory/YEIDSULDGBARXFJ34NYSVOGFNU.jpg|https://media.getedealer.com/w_1280,h_960,q_90,c_l,v1/inventory/Y3QXZ442JND2JIVXQAWDNFQGGA.jpg|https://media.getedealer.com/w_1280,h_960,q_90,c_l,v1/inventory/2HTK756WF5E4VJUC4D62EZB2YE.jpg|https://media.getedealer.com/w_1280,h_960,q_90,c_l,v1/inventory/CSU6JPR64BBK7M4BE4N7OTACSY.jpg|https://media.getedealer.com/w_1280,h_960,q_90,c_l,v1/inventory/CIBPWKU32FF7XAWNBAPC2USX2Q.jpg|https://media.getedealer.com/w_1280,h_960,q_90,c_l,v1/inventory/626BU357BRA63HZTFDKD5OSHSY.jpg|https://media.getedealer.com/w_1280,h_960,q_90,c_l,v1/inventory/FUMRPEY6DVDL3HHF5M7JPLHJFQ.jpg|https://media.getedealer.com/w_1280,h_960,q_90,c_l,v1/inventory/OL7SHI2AAZHLZE7IDHGCF52TJQ.jpg|https://media.getedealer.com/w_1280,h_960,q_90,c_l,v1/inventory/SWDEEXCWZ5F3NCA76HMGGOWDXM.jpg",10-02-2025 08:13,FALSE
g5JXS7yzTf2T0qDda8dM5A,CHILLIWACK MITSUBISHI,,+1 672-784-5040,45510 Yale Rd,Chilliwack,BC,V2P 2M9,49.151131,-121.963743,rJyKZJMxT1GflTQulFhQlw,3FMCR9D97MRA13961,UUA13961,USED,2021,Ford,Bronco Sport,Badlands,Badlands 4x4,26950,170546,SUV,Black,,4,,Automatic,4Ã—4,2,4,Gasoline,,Air Conditioning|Alloy Wheels|Backup Camera|Bluetooth Connection|Brake Assist|Cruise Control|Heated Seats|Keyless Entry|Lane Assist|Power Seats|Power Windows|Remote Start|Satellite Radio|Smart Device Integration|Wi-Fi Hotspot,"https://media.getedealer.com/w_1280,h_960,q_90,c_l,v1/inventory/5UXGZOSYCRFATEDCPBNJQMOOMA.jpg|https://media.getedealer.com/w_1280,h_960,q_90,c_l,v1/inventory/5ROFGYRSVFFHZJ3UUUXBN3T75A.jpg|https://media.getedealer.com/w_1280,h_960,q_90,c_l,v1/inventory/5NII6PUUH5FPXPA4OCWYXD6GAY.jpg|https://media.getedealer.com/w_1280,h_960,q_90,c_l,v1/inventory/5EES3DH6U5CLJGULLMU6EZVMUI.jpg|https://media.getedealer.com/w_1280,h_960,q_90,c_l,v1/inventory/N2S45YVYVBFKLNC5USPNKYMYGU.jpg|https://media.getedealer.com/w_1280,h_960,q_90,c_l,v1/inventory/DWI6QEVLDJFTJPU4GRLUYVNYCA.jpg|https://media.getedealer.com/w_1280,h_960,q_90,c_l,v1/inventory/KSYW7EH7KNEOBEALT5ZTOMUMXU.jpg|https://media.getedealer.com/w_1280,h_960,q_90,c_l,v1/inventory/Y6MLQTY3BBEXDILGMRHQ4EWYI4.jpg|https://media.getedealer.com/w_1280,h_960,q_90,c_l,v1/inventory/5SW52EDWTRHNLB4ZSPJIL2LMDM.jpg|https://media.getedealer.com/w_1280,h_960,q_90,c_l,v1/inventory/O35AU6EJEZBSPJAXEKQ7XLKAWQ.jpg|https://media.getedealer.com/w_1280,h_960,q_90,c_l,v1/inventory/S5PRFHYSSJDLFKPQL4OE2OBUHE.jpg|https://media.getedealer.com/w_1280,h_960,q_90,c_l,v1/inventory/GO4GBSOOSZFOTJOYVKQJM3BWQ4.jpg|https://media.getedealer.com/w_1280,h_960,q_90,c_l,v1/inventory/C74FWLZOU5G25PKY77LP5JITOA.jpg|https://media.getedealer.com/w_1280,h_960,q_90,c_l,v1/inventory/GANTKQOTJZGGPJXMH7ZCQWA7YE.jpg|https://media.getedealer.com/w_1280,h_960,q_90,c_l,v1/inventory/UONI3DJ6RJA7XMAZ64J25H75VY.jpg|https://media.getedealer.com/w_1280,h_960,q_90,c_l,v1/inventory/LEK3IFBIWZHBNNF6CVF4B54K74.jpg|https://media.getedealer.com/w_1280,h_960,q_90,c_l,v1/inventory/ZM6GOBBWMJAYRH37LZ2HBLV26A.jpg|https://media.getedealer.com/w_1280,h_960,q_90,c_l,v1/inventory/A5HC7U2YSZHYPLSXM366Q4SSII.jpg|https://media.getedealer.com/w_1280,h_960,q_90,c_l,v1/inventory/V4QEDC4TYJGEVIOC5QCVC3YB4U.jpg|https://media.getedealer.com/w_1280,h_960,q_90,c_l,v1/inventory/V7YRC22WPFGMPMD25MVBABQMLY.jpg|https://media.getedealer.com/w_1280,h_960,q_90,c_l,v1/inventory/4XH4OYOHU5HATBIKWJUO6LE2DM.jpg|https://media.getedealer.com/w_1280,h_960,q_90,c_l,v1/inventory/WTCAMG3EQJDXNJKU5RPSM5CJ6A.jpg|https://media.getedealer.com/w_1280,h_960,q_90,c_l,v1/inventory/PE2RT6GXEVH5XI4ASTS7YFQIAU.jpg|https://media.getedealer.com/w_1280,h_960,q_90,c_l,v1/inventory/SPMGJHSCAFGU5JBE3D6NNYCVTM.jpg",11/26/2025 7:40:40,FALSE
g5JXS7yzTf2T0qDda8dM5A,CHILLIWACK MITSUBISHI,,+1 672-784-5040,45510 Yale Rd,Chilliwack,BC,V2P 2M9,49.151131,-121.963743,rR2j6uJuTESWcdYlEMk83w,JA4AHUAU0PU600374,NA600374,USED,2023,Mitsubishi,RVR,ES,ES,25150,35051,SUV,Blue,,4,,Automatic,FWD,2,4,Gasoline,,Air Conditioning|Backup Camera|Bluetooth Connection|Brake Assist|Cruise Control|Heated Seats|Keyless Entry|Power Windows|Satellite Radio|Smart Device Integration,"https://media.getedealer.com/w_1280,h_960,q_90,c_l,v1/inventory/N4XKOI3JTVEUVFGXC45V43POFA.jpg|https://media.getedealer.com/w_1280,h_960,q_90,c_l,v1/inventory/UCSNGXQGZRC3FN5WNXRASA3274.jpg|https://media.getedealer.com/w_1280,h_960,q_90,c_l,v1/inventory/BK5NMJSVHNBTJL4GNI4PXJX4U4.jpg|https://media.getedealer.com/w_1280,h_960,q_90,c_l,v1/inventory/ZEQKE4ZBBJHXXKC3F5HAIDNGL4.jpg|https://media.getedealer.com/w_1280,h_960,q_90,c_l,v1/inventory/UVEBGCTFTVCZ3FEXAVTIA6TNEA.jpg|https://media.getedealer.com/w_1280,h_960,q_90,c_l,v1/inventory/5UOQ5Y37SFHD3AU57Y2S5SZ3EI.jpg|https://media.getedealer.com/w_1280,h_960,q_90,c_l,v1/inventory/Q6PUNCBMRVF4TJYJIPXWDTJB54.jpg|https://media.getedealer.com/w_1280,h_960,q_90,c_l,v1/inventory/CG5AAEZ3VVHWXL44ETFTV2XC4I.jpg|https://media.getedealer.com/w_1280,h_960,q_90,c_l,v1/inventory/3SCGAHGNQFBGBMWNWMRF4FFEAI.jpg|https://media.getedealer.com/w_1280,h_960,q_90,c_l,v1/inventory/3VM64YGVFVGCNPDRQUYG2AJYYM.jpg|https://media.getedealer.com/w_1280,h_960,q_90,c_l,v1/inventory/46UQWPDF6VCCDC3BVAFJSXXGDU.jpg|https://media.getedealer.com/w_1280,h_960,q_90,c_l,v1/inventory/E4KFLSEMYBBQTCMZ62T23ISWTI.jpg|https://media.getedealer.com/w_1280,h_960,q_90,c_l,v1/inventory/MV3KSJZZGBH4JG5CV6W5MYYQBU.jpg|https://media.getedealer.com/w_1280,h_960,q_90,c_l,v1/inventory/GNT7C5IYBNBP7PVUD5JJUAD3YA.jpg|https://media.getedealer.com/w_1280,h_960,q_90,c_l,v1/inventory/TUAWKXB25FG2HEAMMWNQFTJT2Y.jpg|https://media.getedealer.com/w_1280,h_960,q_90,c_l,v1/inventory/J3GFUXUUJ5DARBGGXK7U2PKX44.jpg|https://media.getedealer.com/w_1280,h_960,q_90,c_l,v1/inventory/FF63XLU7LZAVJC7YCPBHEGP36M.jpg|https://media.getedealer.com/w_1280,h_960,q_90,c_l,v1/inventory/5A4IB4JFPRCCBJCUL4BEHW7NOQ.jpg|https://media.getedealer.com/w_1280,h_960,q_90,c_l,v1/inventory/AH4TDYE5LFD57MGPJTMSJIL4XY.jpg|https://media.getedealer.com/w_1280,h_960,q_90,c_l,v1/inventory/KWDTBYI76VEONJA4NJ2PEDGWFY.jpg|https://media.getedealer.com/w_1280,h_960,q_90,c_l,v1/inventory/KQWJKP5D4BFRRJ5OWOPMTVIHF4.jpg|https://media.getedealer.com/w_1280,h_960,q_90,c_l,v1/inventory/U3NWAJ4ZA5EZFIE424TETOYHJ4.jpg|https://media.getedealer.com/w_1280,h_960,q_90,c_l,v1/inventory/HZS5BOYVPZET5HFSNP7XSI3QB4.jpg|https://media.getedealer.com/w_1280,h_960,q_90,c_l,v1/inventory/O2DEOYQ6ZNAD7O7LYY7KH4JZOA.jpg",10-02-2025 08:14,FALSE
g5JXS7yzTf2T0qDda8dM5A,CHILLIWACK MITSUBISHI,,+1 672-784-5040,45510 Yale Rd,Chilliwack,BC,V2P 2M9,49.151131,-121.963743,rpdle5q8QGmR2GUwlHhLZA,JA4J4WAB9TZ603051,MI603051,NEW,2026,Mitsubishi,Outlander,GT,GT S-AWC,49273,29,SUV,Red,,4,,Automatic,4Ã—4,1.5,4,,,Air Conditioning|Alloy Wheels|Backup Camera|Bluetooth Connection|Brake Assist|Cooled Seats|Cruise Control|Heads Up Display|Heated Seats|Keyless Entry|Lane Assist|Navigation System|Parking Sensors|Power Seats|Power Windows|Satellite Radio|Smart Device Integration|Sunroof / Moonroof,"https://media.getedealer.com/w_1280,h_960,q_90,c_l,v1/inventory/7CHMB36ZSBEIVGCVRA5FJ2VJTM.jpg|https://media.getedealer.com/w_1280,h_960,q_90,c_l,v1/inventory/73S6KECOORBPTIBSIMXNFFEBHI.jpg|https://media.getedealer.com/w_1280,h_960,q_90,c_l,v1/inventory/75P26YECKZBGJLTCAS5V2ZT5AU.jpg|https://media.getedealer.com/w_1280,h_960,q_90,c_l,v1/inventory/6JIHUAO2XBAENIONIDZWAHBLXM.jpg|https://media.getedealer.com/w_1280,h_960,q_90,c_l,v1/inventory/U7TC5WYB2ZFOBOEUDDAYB4GLXI.jpg|https://media.getedealer.com/w_1280,h_960,q_90,c_l,v1/inventory/CUOPDTIJPFC2VMYU3KA4EBUGZQ.jpg|https://media.getedealer.com/w_1280,h_960,q_90,c_l,v1/inventory/HJAA2LOZEVGXRHIUYNJUNBYOLA.jpg|https://media.getedealer.com/w_1280,h_960,q_90,c_l,v1/inventory/77P36DS62NFHLHRC5I7JVCF36M.jpg|https://media.getedealer.com/w_1280,h_960,q_90,c_l,v1/inventory/DD4GMNDMIZDJFJSMRDXY67GMKM.jpg|https://media.getedealer.com/w_1280,h_960,q_90,c_l,v1/inventory/KGK3CFZPMNCKLP2CEWLV5ZDE5A.jpg|https://media.getedealer.com/w_1280,h_960,q_90,c_l,v1/inventory/DQ5X2MW47RBQ3NHSE623NFHLTY.jpg|https://media.getedealer.com/w_1280,h_960,q_90,c_l,v1/inventory/PSLQ3GDBCJHXNISK3XL5RLZEMQ.jpg|https://media.getedealer.com/w_1280,h_960,q_90,c_l,v1/inventory/GT2DIKPBQBDCTF7CCLLGCBMBZA.jpg|https://media.getedealer.com/w_1280,h_960,q_90,c_l,v1/inventory/MAHDJOPBKJDGJPG6T26JHJ7OOI.jpg|https://media.getedealer.com/w_1280,h_960,q_90,c_l,v1/inventory/4JWEOICPZNDVBPVG6GTOO5VJHQ.jpg|https://media.getedealer.com/w_1280,h_960,q_90,c_l,v1/inventory/4SGQ6UBMVFHBVFCLI6VHOQJLLA.jpg|https://media.getedealer.com/w_1280,h_960,q_90,c_l,v1/inventory/BEE2O7TG4VCMJFQD7CN4HJKRB4.jpg|https://media.getedealer.com/w_1280,h_960,q_90,c_l,v1/inventory/LHFYGVAAXRFKBKJF4KBASXHFYA.jpg|https://media.getedealer.com/w_1280,h_960,q_90,c_l,v1/inventory/4OBCVNFN3ZGCRMZOY4YEGRX2AU.jpg|https://media.getedealer.com/w_1280,h_960,q_90,c_l,v1/inventory/562J3JVXIFHGBIZORJ5UJA54BU.jpg|https://media.getedealer.com/w_1280,h_960,q_90,c_l,v1/inventory/YUY46GJDNZAD3GGECSZWPPVMVQ.jpg|https://media.getedealer.com/w_1280,h_960,q_90,c_l,v1/inventory/CHNRH3HLURHPDKR74V4UHL7XDI.jpg|https://media.getedealer.com/w_1280,h_960,q_90,c_l,v1/inventory/H5ZOSF2OQZDTPMWHLA2PSOEFNM.jpg|https://media.getedealer.com/w_1280,h_960,q_90,c_l,v1/inventory/AL4PNEYRH5G2PFN25QLSYRB5OI.jpg|https://media.getedealer.com/w_1280,h_960,q_90,c_l,v1/inventory/FXMCKPHJ65BUDITPEOJPJ3PEWE.jpg",12-06-2025 07:32,FALSE
g5JXS7yzTf2T0qDda8dM5A,CHILLIWACK MITSUBISHI,,+1 672-784-5040,45510 Yale Rd,Chilliwack,BC,V2P 2M9,49.151131,-121.963743,sQTUkUSjQUmsYKNj7WTfJQ,JA4J4UA84NZ618147,UU618147,USED,2022,Mitsubishi,Outlander,LE,LE S-AWC,32850,104814,SUV,Red,Black,4,,Automatic,4Ã—4,2.5,4,Gasoline,,Air Conditioning|Alloy Wheels|Backup Camera|Bluetooth Connection|Brake Assist|Cruise Control|Heated Seats|Keyless Entry|Lane Assist|Parking Sensors|Power Windows|Satellite Radio|Smart Device Integration|Sunroof / Moonroof,"https://media.getedealer.com/w_1280,h_960,q_90,c_l,v1/inventory/DSLIOEYOF5FI7OZRG35GQVOPIQ.jpg|https://media.getedealer.com/w_1280,h_960,q_90,c_l,v1/inventory/WXNUASLZSVHPXPN6WCHG22OW3I.jpg|https://media.getedealer.com/w_1280,h_960,q_90,c_l,v1/inventory/57NZUOX4WZCWTKLTXCQ7HSZUII.jpg|https://media.getedealer.com/w_1280,h_960,q_90,c_l,v1/inventory/YSDJQ34CO5DWBOOMIMFPP6MT2A.jpg|https://media.getedealer.com/w_1280,h_960,q_90,c_l,v1/inventory/YJQPCOMSI5CBVHRN5GILVY6LDU.jpg|https://media.getedealer.com/w_1280,h_960,q_90,c_l,v1/inventory/QKRJXDXKCBDWNEBR7QKILGXBLM.jpg|https://media.getedealer.com/w_1280,h_960,q_90,c_l,v1/inventory/QC3IHPHSNBFTVG3ZKJDUK3PB7U.jpg|https://media.getedealer.com/w_1280,h_960,q_90,c_l,v1/inventory/PPGGILRDFBD2DBZKHNY7ZTGTE4.jpg|https://media.getedealer.com/w_1280,h_960,q_90,c_l,v1/inventory/VU7CQ5MTSBG5BAHUJKUC4IJLGQ.jpg|https://media.getedealer.com/w_1280,h_960,q_90,c_l,v1/inventory/DCZ4TQUECRAG3A4PMGQW3NJC44.jpg|https://media.getedealer.com/w_1280,h_960,q_90,c_l,v1/inventory/NYF6R3WCFBHSVEUZUNW6GIZZFY.jpg|https://media.getedealer.com/w_1280,h_960,q_90,c_l,v1/inventory/ZIVC7VTKFFDSNJ5E3YTX3XWHZU.jpg|https://media.getedealer.com/w_1280,h_960,q_90,c_l,v1/inventory/NMF3R6JQQRA4BIV3JJBA5B23SM.jpg|https://media.getedealer.com/w_1280,h_960,q_90,c_l,v1/inventory/TT5TCEWVORCZLERK26HSWBI6NE.jpg|https://media.getedealer.com/w_1280,h_960,q_90,c_l,v1/inventory/E43VLZGCMNB6TK67XZAL6KLVI4.jpg|https://media.getedealer.com/w_1280,h_960,q_90,c_l,v1/inventory/J3A7PX7UMNEQTHYVWN2H6SG6AQ.jpg|https://media.getedealer.com/w_1280,h_960,q_90,c_l,v1/inventory/N7APA3UDJFDMPHHII62Z5VRDUA.jpg|https://media.getedealer.com/w_1280,h_960,q_90,c_l,v1/inventory/AHTLBKZLGVCP5K3GMZSAWTERGE.jpg|https://media.getedealer.com/w_1280,h_960,q_90,c_l,v1/inventory/3L7ZYYO35VEA7NW434IF2GRCFI.jpg|https://media.getedealer.com/w_1280,h_960,q_90,c_l,v1/inventory/K3HZUI77SBFKPIETHIFMY2SIOQ.jpg|https://media.getedealer.com/w_1280,h_960,q_90,c_l,v1/inventory/L7JWXC6PNFC3ZDQWVNL24EYPA4.jpg|https://media.getedealer.com/w_1280,h_960,q_90,c_l,v1/inventory/QP5ZH5ELDRF7ZMCEZSS266WRY4.jpg|https://media.getedealer.com/w_1280,h_960,q_90,c_l,v1/inventory/OHU7XCYTUNBWTMY5S2SCD34OB4.jpg|https://media.getedealer.com/w_1280,h_960,q_90,c_l,v1/inventory/GGADMAZKUBHWTHNI5LBQT7O4CM.jpg|https://media.getedealer.com/w_1280,h_960,q_90,c_l,v1/inventory/46ADS7FXMFEEXH225X7ICVQN6M.jpg",11/22/2025 7:28:53,FALSE
g5JXS7yzTf2T0qDda8dM5A,CHILLIWACK MITSUBISHI,,+1 672-784-5040,45510 Yale Rd,Chilliwack,BC,V2P 2M9,49.151131,-121.963743,srBDgfv0Q1O8XyMPSzZtrg,3C4NJDDB6MT600360,UU600360,USED,2021,Jeep,Compass,Trailhawk,Trailhawk 4x4,28800,83998,SUV,Black,,4,,Automatic,4Ã—4,2.4,4,Gasoline,,Air Conditioning|Alloy Wheels|Backup Camera|Bluetooth Connection|Brake Assist|Cruise Control|Heated Seats|Keyless Entry|Lane Assist|Parking Sensors|Power Windows|Remote Start|Satellite Radio|Smart Device Integration,"https://media.getedealer.com/w_1280,h_960,q_90,c_l,v1/trim/IZHMAQ4UBNGCNIJIRDA4TYGEKQ.jpg|https://media.getedealer.com/w_1280,h_960,q_90,c_l,v1/trim/X7W4V54YRJFPZDOEHW33VPV3J4.jpg|https://media.getedealer.com/w_1280,h_960,q_90,c_l,v1/trim/KO7HXJLSVBA5TPEM5FXQMFNWDM.jpg|https://media.getedealer.com/w_1280,h_960,q_90,c_l,v1/trim/6GJVVOS7JBD5ZPOFGBWHOJVEJM.jpg|https://media.getedealer.com/w_1280,h_960,q_90,c_l,v1/trim/JRC6X357YBCQ7DNUEWF6CSQREE.jpg|https://media.getedealer.com/w_1280,h_960,q_90,c_l,v1/trim/Z7LE7IQDRFFRDJ6Y2YDZA3Q3SI.jpg|https://media.getedealer.com/w_1280,h_960,q_90,c_l,v1/trim/WLUABZ7UPZAJFJBGMSI33BGD4Y.jpg|https://media.getedealer.com/w_1280,h_960,q_90,c_l,v1/trim/3D24HY2WURH35PAFI2333ROK2Q.jpg|https://media.getedealer.com/w_1280,h_960,q_90,c_l,v1/trim/OKJAFEZRW5GOLLYWYXXINJJWC4.jpg|https://media.getedealer.com/w_1280,h_960,q_90,c_l,v1/trim/XLDKATOYZFC2ZFF55GFEID5HRA.jpg|https://media.getedealer.com/w_1280,h_960,q_90,c_l,v1/trim/F7UXXBILKVGWTIAEGKVNZJWNCQ.jpg|https://media.getedealer.com/w_1280,h_960,q_90,c_l,v1/trim/PHARXHNQ7VC2DBIE4LVJT5LF6Y.jpg|https://media.getedealer.com/w_1280,h_960,q_90,c_l,v1/trim/LZ3M2E37O5EOFC4VODOJYDZFS4.jpg",12-10-2025 07:34,FALSE
g5JXS7yzTf2T0qDda8dM5A,CHILLIWACK MITSUBISHI,,+1 672-784-5040,45510 Yale Rd,Chilliwack,BC,V2P 2M9,49.151131,-121.963743,sxkTD7BcTOuVVCMXCqPSlw,3C6RR7KTXHG705402,VA705402,USED,2017,Ram,1500,ST,4WD Crew Cab 5.7 Ft Box ST,26900,138929,Truck,Black,Gray,4,,Automatic,4Ã—4,5.7,8,Gasoline,,Air Conditioning|Brake Assist|Cruise Control|Power Windows,"https://media.getedealer.com/w_1280,h_960,q_90,c_l,v1/inventory/U6Z2QBLHMFAVTMXQ46A6SQSCWM.jpg|https://media.getedealer.com/w_1280,h_960,q_90,c_l,v1/inventory/RPKEYIU5TZCTXLRYONAGE7C67Y.jpg|https://media.getedealer.com/w_1280,h_960,q_90,c_l,v1/inventory/TXQFBKYOYREE5LPOOEYXETVO7A.jpg|https://media.getedealer.com/w_1280,h_960,q_90,c_l,v1/inventory/JJBPYLREH5AWPKQSRRBDLRPFLQ.jpg|https://media.getedealer.com/w_1280,h_960,q_90,c_l,v1/inventory/74JC6GG665CMLI7674LLUJIKYM.jpg|https://media.getedealer.com/w_1280,h_960,q_90,c_l,v1/inventory/MC2PHPIALZFX5LT7TINJM6MYKQ.jpg|https://media.getedealer.com/w_1280,h_960,q_90,c_l,v1/inventory/CAQM4AD4IZBGTDEQVBUPOD2O6A.jpg|https://media.getedealer.com/w_1280,h_960,q_90,c_l,v1/inventory/P4S7HOGXPFAPBIONTEOELWASKA.jpg|https://media.getedealer.com/w_1280,h_960,q_90,c_l,v1/inventory/AR2MGMOC3RC3PJU4ZWUHSBGEU4.jpg|https://media.getedealer.com/w_1280,h_960,q_90,c_l,v1/inventory/S7EKXBUAJ5H33ODFS47J2Z7TLY.jpg|https://media.getedealer.com/w_1280,h_960,q_90,c_l,v1/inventory/QPZALS7RRFF5DHTDIEQZNZI3IY.jpg|https://media.getedealer.com/w_1280,h_960,q_90,c_l,v1/inventory/O3TVILMV5VGEPF7YG4HPLIZFOQ.jpg|https://media.getedealer.com/w_1280,h_960,q_90,c_l,v1/inventory/L3IHLCPG7ZHPLEBNKQ7L4OWWZI.jpg|https://media.getedealer.com/w_1280,h_960,q_90,c_l,v1/inventory/UXPU6KRISVCTHAG6SPHSIO7DT4.jpg|https://media.getedealer.com/w_1280,h_960,q_90,c_l,v1/inventory/DMBTAFMD35ERTG5T7MBLAGQXPM.jpg|https://media.getedealer.com/w_1280,h_960,q_90,c_l,v1/inventory/UZ7QEHKPNJASNDWK4DL6GT477M.jpg|https://media.getedealer.com/w_1280,h_960,q_90,c_l,v1/inventory/OH3TLZFY25GQBEF6LBIM7QI2NU.jpg|https://media.getedealer.com/w_1280,h_960,q_90,c_l,v1/inventory/MR5UX6BKTRBJBMWJICGWHUX2RM.jpg|https://media.getedealer.com/w_1280,h_960,q_90,c_l,v1/inventory/LVJCL4W2RVFDBAWRRB652E2IIA.jpg|https://media.getedealer.com/w_1280,h_960,q_90,c_l,v1/inventory/VYEZ2OXI7NA4LOC6NDXZWBGTJA.jpg|https://media.getedealer.com/w_1280,h_960,q_90,c_l,v1/inventory/PZJPDEOBE5BWBMD7RHZF7Y26NE.jpg|https://media.getedealer.com/w_1280,h_960,q_90,c_l,v1/inventory/ZMA4JK2PRBHBVIDMC6V2BVCIMY.jpg|https://media.getedealer.com/w_1280,h_960,q_90,c_l,v1/inventory/2IP5P45TWNGK7DEVXX6OGFLDFQ.jpg|https://media.getedealer.com/w_1280,h_960,q_90,c_l,v1/inventory/6JZ677WEOREXZL7OPZNYNC72CA.jpg",10-02-2025 08:13,FALSE
g5JXS7yzTf2T0qDda8dM5A,CHILLIWACK MITSUBISHI,,+1 672-784-5040,45510 Yale Rd,Chilliwack,BC,V2P 2M9,49.151131,-121.963743,t72VUcU4TSaEnfAPOVjkUg,5N1AT3BB6MC716008,NA716008,USED,2021,Nissan,Rogue,SV,AWD SV,28750,48108,SUV,Gray,Gray,4,,Automatic,AWD,2.5,4,Gasoline,,Air Conditioning|Alloy Wheels|Backup Camera|Bluetooth Connection|Brake Assist|Cruise Control|Heated Seats|Keyless Entry|Lane Assist|Power Seats|Power Windows|Remote Start|Satellite Radio|Smart Device Integration|Sunroof / Moonroof|Wi-Fi Hotspot,"https://media.getedealer.com/w_1280,h_960,q_90,c_l,v1/inventory/555PIQPRTRHNXATDWE6CCGCWZ4.jpg|https://media.getedealer.com/w_1280,h_960,q_90,c_l,v1/inventory/4SBKUCFO6VDS3O3SUZIHZGEQ7Y.jpg|https://media.getedealer.com/w_1280,h_960,q_90,c_l,v1/inventory/RUJ2Z4XZENBMJLO42BRQYR3KSE.jpg|https://media.getedealer.com/w_1280,h_960,q_90,c_l,v1/inventory/VZGJBHJB5ZCBPPWDS3ALOTG5DU.jpg|https://media.getedealer.com/w_1280,h_960,q_90,c_l,v1/inventory/OOIOA6Y4CRE6NKVMQFVI6KFIPA.jpg|https://media.getedealer.com/w_1280,h_960,q_90,c_l,v1/inventory/EYBX2ZLPEBHW3O4ERSOR6MWW3E.jpg|https://media.getedealer.com/w_1280,h_960,q_90,c_l,v1/inventory/6D3UJKCW7JB6FNEWKNUT4FBFMI.jpg|https://media.getedealer.com/w_1280,h_960,q_90,c_l,v1/inventory/773MXPRSYZGHZHF3YOSQX2KP7A.jpg|https://media.getedealer.com/w_1280,h_960,q_90,c_l,v1/inventory/NUQ3KOKGEZEWRGSQQSHP7LKDJI.jpg|https://media.getedealer.com/w_1280,h_960,q_90,c_l,v1/inventory/KBYL3MD7JBGX5PTHGXBCJB63QY.jpg|https://media.getedealer.com/w_1280,h_960,q_90,c_l,v1/inventory/TLMKVBS255GRXNRXWTIDXI6KOY.jpg|https://media.getedealer.com/w_1280,h_960,q_90,c_l,v1/inventory/AKQGYPW3FRBKTJWIIARZOBPWBU.jpg|https://media.getedealer.com/w_1280,h_960,q_90,c_l,v1/inventory/QPN2SI7OWRFEBLWYR5UE73RT5I.jpg|https://media.getedealer.com/w_1280,h_960,q_90,c_l,v1/inventory/VJ7J2M3YCVFENIC337XLS7SPAA.jpg|https://media.getedealer.com/w_1280,h_960,q_90,c_l,v1/inventory/EW62CFKVZNEUVMYFQ7QVM5O3YE.jpg|https://media.getedealer.com/w_1280,h_960,q_90,c_l,v1/inventory/7BHC3SZUYVE45EFALH5TLNLQPI.jpg|https://media.getedealer.com/w_1280,h_960,q_90,c_l,v1/inventory/ECAWAPX4IBGONIRVIASR522A5A.jpg|https://media.getedealer.com/w_1280,h_960,q_90,c_l,v1/inventory/7TWEGLBR6VEH3MMW4RVZ3C42KM.jpg|https://media.getedealer.com/w_1280,h_960,q_90,c_l,v1/inventory/KGBXOGAI4NG7XKLEB7ASGTSN5A.jpg|https://media.getedealer.com/w_1280,h_960,q_90,c_l,v1/inventory/TN46JXVLKJCL3GPNKVG7PHKMHQ.jpg|https://media.getedealer.com/w_1280,h_960,q_90,c_l,v1/inventory/AKQCLMUYY5BI3KFLGFSY3JXVIE.jpg|https://media.getedealer.com/w_1280,h_960,q_90,c_l,v1/inventory/IAWQFZB66BFDNB5WIJTHHDGRDM.jpg|https://media.getedealer.com/w_1280,h_960,q_90,c_l,v1/inventory/A4ZOQMSZF5H7ZFXPOEQQTUPFLA.jpg|https://media.getedealer.com/w_1280,h_960,q_90,c_l,v1/inventory/Z76IQBPBKZFUJNNTAIGCMEEMEQ.jpg|https://media.getedealer.com/w_1280,h_960,q_90,c_l,v1/inventory/MWUUEVNRWRFFHO2YVEE7BCIK2I.jpg",10-02-2025 08:14,FALSE
g5JXS7yzTf2T0qDda8dM5A,CHILLIWACK MITSUBISHI,,+1 672-784-5040,45510 Yale Rd,Chilliwack,BC,V2P 2M9,49.151131,-121.963743,tX0fe8WKRzSym8BKHELODQ,JM1DKFC71M1508565,UU508565,USED,2021,Mazda,CX-3,GS,GS Auto AWD,25950,109594,SUV,White,,4,,Automatic,AWD,2,4,Gasoline,,Air Conditioning|Alloy Wheels|Backup Camera|Bluetooth Connection|Brake Assist|Cruise Control|Heated Seats|Keyless Entry|Lane Assist|Power Windows|Smart Device Integration,"https://media.getedealer.com/w_1280,h_960,q_90,c_l,v1/inventory/MUAYRVFQXNFTHCP5T3VS2PYM2U.jpg|https://media.getedealer.com/w_1280,h_960,q_90,c_l,v1/inventory/OVD75V4VOFGX5CARUJIU6XANUY.jpg|https://media.getedealer.com/w_1280,h_960,q_90,c_l,v1/inventory/4VQ32BYF55GF5N7JLBUNAK664U.jpg|https://media.getedealer.com/w_1280,h_960,q_90,c_l,v1/inventory/4X5ZEN2RDFFXDO2T6D4QDOIP6I.jpg|https://media.getedealer.com/w_1280,h_960,q_90,c_l,v1/inventory/IOJALDPX55DCNPQMWZ34KBCKFE.jpg|https://media.getedealer.com/w_1280,h_960,q_90,c_l,v1/inventory/ABSN7TLAZZEPXEE3KJHG6PPLWE.jpg|https://media.getedealer.com/w_1280,h_960,q_90,c_l,v1/inventory/B24KTCF7XBABDFGWUW7NHXXIK4.jpg|https://media.getedealer.com/w_1280,h_960,q_90,c_l,v1/inventory/A5RDB2EUYFEPFJI6VJDTAWUKEM.jpg|https://media.getedealer.com/w_1280,h_960,q_90,c_l,v1/inventory/UIGFDBKNLRGQDBICUDLTCB2I7Y.jpg|https://media.getedealer.com/w_1280,h_960,q_90,c_l,v1/inventory/FR6OBDPOKVEE5KNTL2BVHW5H5Y.jpg|https://media.getedealer.com/w_1280,h_960,q_90,c_l,v1/inventory/PBFDVH7GDJHODLVCS2XE7N5KJI.jpg|https://media.getedealer.com/w_1280,h_960,q_90,c_l,v1/inventory/5OFCT3EF6BDRPFQR4LUSNIPFUE.jpg|https://media.getedealer.com/w_1280,h_960,q_90,c_l,v1/inventory/XCFXH7AFRFAXDCX4P6LW5PINEM.jpg|https://media.getedealer.com/w_1280,h_960,q_90,c_l,v1/inventory/SDWUJT3F6BF7NIVK5I3BN5EBFQ.jpg|https://media.getedealer.com/w_1280,h_960,q_90,c_l,v1/inventory/EOHP2XTN3RGQJLZUQ7XMAPTIIQ.jpg|https://media.getedealer.com/w_1280,h_960,q_90,c_l,v1/inventory/NI6M2GMYMZHGZAHE6DMDF5WOJY.jpg|https://media.getedealer.com/w_1280,h_960,q_90,c_l,v1/inventory/6CB4QGYOCZBMJHU27MYUBOHRFQ.jpg|https://media.getedealer.com/w_1280,h_960,q_90,c_l,v1/inventory/6JSOMST74RC4TDPQKKV2TCJYG4.jpg|https://media.getedealer.com/w_1280,h_960,q_90,c_l,v1/inventory/UGA2KQL4FNHCRHK6TG35SD3GFM.jpg|https://media.getedealer.com/w_1280,h_960,q_90,c_l,v1/inventory/AOUEBLZM3VHQRJMS3XMX4AHHTI.jpg|https://media.getedealer.com/w_1280,h_960,q_90,c_l,v1/inventory/7ROELZC6XVC6HDFQRMBSRCC42M.jpg|https://media.getedealer.com/w_1280,h_960,q_90,c_l,v1/inventory/NDZZ7246BVCCLJF5W5MEUFNQYU.jpg|https://media.getedealer.com/w_1280,h_960,q_90,c_l,v1/inventory/I6VUH6EE4ZCMNPIYKNZTFR6KKI.jpg|https://media.getedealer.com/w_1280,h_960,q_90,c_l,v1/inventory/KAI2D6NJEFGRPANY56FKYK7GHQ.jpg|https://media.getedealer.com/w_1280,h_960,q_90,c_l,v1/inventory/JR2AY35MLJERDL6SU3NE23XFAI.jpg",10-02-2025 08:15,FALSE
g5JXS7yzTf2T0qDda8dM5A,CHILLIWACK MITSUBISHI,,+1 672-784-5040,45510 Yale Rd,Chilliwack,BC,V2P 2M9,49.151131,-121.963743,tZ2Qah3YRqiwYWiPgcgmpQ,1FMCU9JAXRUA51357,NAA51357,USED,2024,Ford,Escape,Platinum,Platinum AWD,35600,48149,SUV,Black,Black,4,,Automatic,AWD,2,4,Gasoline,,Air Conditioning|Alloy Wheels|Backup Camera|Bluetooth Connection|Brake Assist|Cruise Control|Heated Seats|Keyless Entry|Lane Assist|Navigation System|Parking Sensors|Power Seats|Power Windows|Remote Start|Satellite Radio|Smart Device Integration|Wi-Fi Hotspot,"https://media.getedealer.com/w_1280,h_960,q_90,c_l,v1/inventory/Q6E4TU7ZMNBONA74HLRZRVVPU4.jpg|https://media.getedealer.com/w_1280,h_960,q_90,c_l,v1/inventory/3GYZVGTUPNHKBKK4O6XHITIB74.jpg|https://media.getedealer.com/w_1280,h_960,q_90,c_l,v1/inventory/LY5TSCLJOZE5PEQ2QO7YEMBTNQ.jpg|https://media.getedealer.com/w_1280,h_960,q_90,c_l,v1/inventory/T3GLB5JERNGMDF6CSU4C6AQHAQ.jpg|https://media.getedealer.com/w_1280,h_960,q_90,c_l,v1/inventory/4S5CRS5RP5BXVPC3NMMIYCLBDM.jpg|https://media.getedealer.com/w_1280,h_960,q_90,c_l,v1/inventory/ANWM2PUTXNBN7BBZDUK625SAE4.jpg|https://media.getedealer.com/w_1280,h_960,q_90,c_l,v1/inventory/TUSAG4O7TJDHXMYJT7T7T5OCPY.jpg|https://media.getedealer.com/w_1280,h_960,q_90,c_l,v1/inventory/RCKMVYIFDVGH5LE2GB5CCXTCPY.jpg|https://media.getedealer.com/w_1280,h_960,q_90,c_l,v1/inventory/6RO5S6VF5FHWNB3QZWL5R4SU6I.jpg|https://media.getedealer.com/w_1280,h_960,q_90,c_l,v1/inventory/MYUYGKSIZZAALP7LAIFS6GM52Y.jpg|https://media.getedealer.com/w_1280,h_960,q_90,c_l,v1/inventory/AMEQ2HA4AFBZ3AADPTEWOKZX4M.jpg|https://media.getedealer.com/w_1280,h_960,q_90,c_l,v1/inventory/K6T5YUQCKVHYXPQ3ZN5JRDMENM.jpg|https://media.getedealer.com/w_1280,h_960,q_90,c_l,v1/inventory/3INHFJB7FNCEPPG5JD2O5SMKS4.jpg|https://media.getedealer.com/w_1280,h_960,q_90,c_l,v1/inventory/62226LSWEVDUNGACA5AIL64X4U.jpg|https://media.getedealer.com/w_1280,h_960,q_90,c_l,v1/inventory/KC3VWS3H3FCKHLZCBMLWM22QUU.jpg|https://media.getedealer.com/w_1280,h_960,q_90,c_l,v1/inventory/EQD35SOZYRGUVMTW4EJIXPWYFU.jpg|https://media.getedealer.com/w_1280,h_960,q_90,c_l,v1/inventory/CVQTINQNJREKFOWORXWPRNZJJA.jpg|https://media.getedealer.com/w_1280,h_960,q_90,c_l,v1/inventory/HVKLKLMAKBD2BH6YIPWVVCAMFM.jpg|https://media.getedealer.com/w_1280,h_960,q_90,c_l,v1/inventory/42ELLFSQTVA7PCZFBHBJIJ6RJA.jpg|https://media.getedealer.com/w_1280,h_960,q_90,c_l,v1/inventory/UDUMQADVRNFOTBMTWPNL4VKUPY.jpg|https://media.getedealer.com/w_1280,h_960,q_90,c_l,v1/inventory/QZOGLVZIEZCGJF7VMZD2IEK4A4.jpg|https://media.getedealer.com/w_1280,h_960,q_90,c_l,v1/inventory/OAA7OZAVLRBTTOQBAHDSYOFUUM.jpg|https://media.getedealer.com/w_1280,h_960,q_90,c_l,v1/inventory/Z7MZZC466FECLIDXTKZAK7UVNY.jpg|https://media.getedealer.com/w_1280,h_960,q_90,c_l,v1/inventory/PI4BAGBLFNB7NP3L6466O7OMR4.jpg|https://media.getedealer.com/w_1280,h_960,q_90,c_l,v1/inventory/SPNUHG6SB5HGXKGGDQIGAVGAAE.jpg",10-02-2025 08:12,FALSE
g5JXS7yzTf2T0qDda8dM5A,CHILLIWACK MITSUBISHI,,+1 672-784-5040,45510 Yale Rd,Chilliwack,BC,V2P 2M9,49.151131,-121.963743,tgcJkqAiS92vQ1n6sqazeg,JA4T5WA93SZ609106,MI609106,NEW,2025,Mitsubishi,Outlander Plug-In Hybrid,GT,GT S-AWC,54898,30,SUV,Black,,4,,Automatic,4Ã—4,2.4,4,Gasoline / Electric Hybrid,,Air Conditioning|Alloy Wheels|Backup Camera|Bluetooth Connection|Brake Assist|Cruise Control|Heads Up Display|Heated Seats|Keyless Entry|Lane Assist|Leather Seats|Navigation System|Parking Sensors|Power Seats|Power Windows|Satellite Radio|Smart Device Integration|Sunroof / Moonroof,"https://media.getedealer.com/w_1280,h_960,q_90,c_l,v1/inventory/Q3CWCCFED5AKJFEZPQP5WLLP7U.jpg|https://media.getedealer.com/w_1280,h_960,q_90,c_l,v1/inventory/YB26MWG3HVEOPGKYKNAEXUAUPY.jpg|https://media.getedealer.com/w_1280,h_960,q_90,c_l,v1/inventory/NXPN3DQXR5FDTFJIOOCMRSFRVI.jpg|https://media.getedealer.com/w_1280,h_960,q_90,c_l,v1/inventory/4U2YHVKBQJHMPBVTPC3N6BR4N4.jpg|https://media.getedealer.com/w_1280,h_960,q_90,c_l,v1/inventory/2GNOF73MGBB4FJ27UJWHHRYDF4.jpg|https://media.getedealer.com/w_1280,h_960,q_90,c_l,v1/inventory/KEB4STGLMNH6ZF2SQEHHWEGW5E.jpg|https://media.getedealer.com/w_1280,h_960,q_90,c_l,v1/inventory/43C744WNGZBUFGCZ2ZTP54CCNQ.jpg|https://media.getedealer.com/w_1280,h_960,q_90,c_l,v1/inventory/VQTXHTET6BHLJJOWRNRVDCOABQ.jpg|https://media.getedealer.com/w_1280,h_960,q_90,c_l,v1/inventory/UHOXHXNHEZDQNHDYVBQOJTH2XQ.jpg|https://media.getedealer.com/w_1280,h_960,q_90,c_l,v1/inventory/ZXRXWYKKCZFODLO6ODV4TMFA3U.jpg|https://media.getedealer.com/w_1280,h_960,q_90,c_l,v1/inventory/FCXUM5D2SRGUNAT2O72EPRHGMA.jpg|https://media.getedealer.com/w_1280,h_960,q_90,c_l,v1/inventory/YGUYJDJQ25C35NUOCNNQ2Y66GM.jpg|https://media.getedealer.com/w_1280,h_960,q_90,c_l,v1/inventory/BPBHJZOWXZECHMRLYSL3NLYXGA.jpg|https://media.getedealer.com/w_1280,h_960,q_90,c_l,v1/inventory/3LBPZQKPT5ECJGL3Y7RZ5PL5OU.jpg|https://media.getedealer.com/w_1280,h_960,q_90,c_l,v1/inventory/AJDXDGPBJVDMLG3N2PRY6224HU.jpg|https://media.getedealer.com/w_1280,h_960,q_90,c_l,v1/inventory/RUJ266NKXNE5RG63CTOJTLYQNY.jpg|https://media.getedealer.com/w_1280,h_960,q_90,c_l,v1/inventory/QUCWAOS4JRGQFP6EHLIMGS7KBA.jpg|https://media.getedealer.com/w_1280,h_960,q_90,c_l,v1/inventory/46Q47Q5BPZAHNJCNALFEID36BI.jpg|https://media.getedealer.com/w_1280,h_960,q_90,c_l,v1/inventory/JNH44SPPGZDXLNNXJTSZEW3JJE.jpg|https://media.getedealer.com/w_1280,h_960,q_90,c_l,v1/inventory/WR26W5I3GRCPXBJUNVQNWCGFIY.jpg|https://media.getedealer.com/w_1280,h_960,q_90,c_l,v1/inventory/UAN672KRIFH2TAT4JDUYQDVNWQ.jpg|https://media.getedealer.com/w_1280,h_960,q_90,c_l,v1/inventory/EFQ4RMHYUVCFXECRGSO2SS77QE.jpg|https://media.getedealer.com/w_1280,h_960,q_90,c_l,v1/inventory/X5GRNUFH45CYJKWY3AO2NK45JI.jpg|https://media.getedealer.com/w_1280,h_960,q_90,c_l,v1/inventory/RGDYDJ2VSZCCJL4BEXN7T547UQ.jpg",10-02-2025 08:15,FALSE
g5JXS7yzTf2T0qDda8dM5A,CHILLIWACK MITSUBISHI,,+1 672-784-5040,45510 Yale Rd,Chilliwack,BC,V2P 2M9,49.151131,-121.963743,tpJtLbpvRrqhzzQf7ux5NA,ZFBHRFDB2K6N63559,VAN63559,USED,2019,Ram,ProMaster City Cargo Van,SLT,Cargo Van SLT,22950,93126,Van,,Black,4,,Automatic,FWD,2.4,4,Gasoline,,Air Conditioning|Backup Camera|Bluetooth Connection|Brake Assist|Cruise Control|Keyless Entry|Power Windows,"https://media.getedealer.com/w_1280,h_960,q_90,c_l,v1/inventory/UDYDZ6S46NGV7AVVH3LV27HRSY.jpg|https://media.getedealer.com/w_1280,h_960,q_90,c_l,v1/inventory/3XN4BJIEIJHA3HFURC5J54FXDE.jpg|https://media.getedealer.com/w_1280,h_960,q_90,c_l,v1/inventory/443NU4JNARHELPFND66BCUHK2Q.jpg|https://media.getedealer.com/w_1280,h_960,q_90,c_l,v1/inventory/IK7AHAW5YFDS5MFE4PXDZWPYXE.jpg|https://media.getedealer.com/w_1280,h_960,q_90,c_l,v1/inventory/H3OS6ICVOJH4RBXWSY6YJWMDNI.jpg|https://media.getedealer.com/w_1280,h_960,q_90,c_l,v1/inventory/JUMKPRRDMVEJ5MXNILXVUPUNBA.jpg|https://media.getedealer.com/w_1280,h_960,q_90,c_l,v1/inventory/K7SP7QDKFFCPNC7DUSQEFII5XU.jpg|https://media.getedealer.com/w_1280,h_960,q_90,c_l,v1/inventory/5L656TOQCVEG3C6WQ6BMPLNE5Y.jpg|https://media.getedealer.com/w_1280,h_960,q_90,c_l,v1/inventory/PDAT37JXTNELTCZU76FWUOFVCI.jpg|https://media.getedealer.com/w_1280,h_960,q_90,c_l,v1/inventory/DNFFAAQGVZG4VKGYN7IVEC534I.jpg|https://media.getedealer.com/w_1280,h_960,q_90,c_l,v1/inventory/LFQMXD553ZDYZA4G3MSGWJZLU4.jpg|https://media.getedealer.com/w_1280,h_960,q_90,c_l,v1/inventory/JXSAJYK2PRDC5J3KGQW6RZ3ZFI.jpg|https://media.getedealer.com/w_1280,h_960,q_90,c_l,v1/inventory/Y5LLWKQFBZFWTNJXML5CG67ECA.jpg|https://media.getedealer.com/w_1280,h_960,q_90,c_l,v1/inventory/OTT62ZMVIRGUDGNNHMGNXZBVCY.jpg|https://media.getedealer.com/w_1280,h_960,q_90,c_l,v1/inventory/M6YPGWW5QRA4XDOUKZBD4FJC2E.jpg|https://media.getedealer.com/w_1280,h_960,q_90,c_l,v1/inventory/N5PG5YECOZDYHA66BAIVSWIWJQ.jpg|https://media.getedealer.com/w_1280,h_960,q_90,c_l,v1/inventory/PF3W5PYKQ5D4FNOW55LVI3ZSWI.jpg|https://media.getedealer.com/w_1280,h_960,q_90,c_l,v1/inventory/DUKPV7PWHRE5PDOZ7MHMDXAPME.jpg|https://media.getedealer.com/w_1280,h_960,q_90,c_l,v1/inventory/JNSM24CTO5BBFJRPGWR2KB2NWM.jpg|https://media.getedealer.com/w_1280,h_960,q_90,c_l,v1/inventory/MBO3XTEE5BGLBH4HOWCBY63ON4.jpg|https://media.getedealer.com/w_1280,h_960,q_90,c_l,v1/inventory/QNKIXEPO5ZADHMMMRWYJ5LJ2LQ.jpg|https://media.getedealer.com/w_1280,h_960,q_90,c_l,v1/inventory/5XOWCRBN4JHBVNCTT27JHLQJXM.jpg",10-02-2025 08:16,FALSE
g5JXS7yzTf2T0qDda8dM5A,CHILLIWACK MITSUBISHI,,+1 672-784-5040,45510 Yale Rd,Chilliwack,BC,V2P 2M9,49.151131,-121.963743,uci3SkJPT4SHbkQ9G5sC3Q,1C6RR7LT5NS249666,NA249666,USED,2022,Ram,1500 Classic,Warlock,"Warlock 4x4 Crew Cab 5'7"" Box",47900,28543,Truck,White,Black,4,,Automatic,4Ã—4,5.7,8,Gasoline,,Air Conditioning|Alloy Wheels|Backup Camera|Bluetooth Connection|Brake Assist|Cruise Control|Keyless Entry|Parking Sensors|Power Windows|Satellite Radio,"https://media.getedealer.com/w_1280,h_960,q_90,c_l,v1/inventory/RV67IPO5MNB7LCUVTSA7E4GWUY.jpg|https://media.getedealer.com/w_1280,h_960,q_90,c_l,v1/inventory/VYMPP2EIEZDYNIF44SODG4D5B4.jpg|https://media.getedealer.com/w_1280,h_960,q_90,c_l,v1/inventory/MLXZ37BOC5HR5JIBEOJDAAXPWE.jpg|https://media.getedealer.com/w_1280,h_960,q_90,c_l,v1/inventory/KMHNVQO24VAYZPRBOT3QZ52Q2Q.jpg|https://media.getedealer.com/w_1280,h_960,q_90,c_l,v1/inventory/BWCWD6L6FRCGLPTIKLZC7CZ4M4.jpg|https://media.getedealer.com/w_1280,h_960,q_90,c_l,v1/inventory/6PC7I4DEMZFZTLAWHXCXP73BYM.jpg|https://media.getedealer.com/w_1280,h_960,q_90,c_l,v1/inventory/QYKALHYXXVCCLIHKNLN4UJBRSY.jpg|https://media.getedealer.com/w_1280,h_960,q_90,c_l,v1/inventory/M4ED2Q2FRBD4XC5DELWNINR5XQ.jpg|https://media.getedealer.com/w_1280,h_960,q_90,c_l,v1/inventory/NMDWB7L3R5GQNDDXUMF5GHKZGI.jpg|https://media.getedealer.com/w_1280,h_960,q_90,c_l,v1/inventory/UC473SNQWNGMXBNC7Z4O47MMNE.jpg|https://media.getedealer.com/w_1280,h_960,q_90,c_l,v1/inventory/BQEF63M2HNH7BHJUYLELDLNFU4.jpg|https://media.getedealer.com/w_1280,h_960,q_90,c_l,v1/inventory/4JXUO542NNEG3BI5I7VAOMIVWQ.jpg|https://media.getedealer.com/w_1280,h_960,q_90,c_l,v1/inventory/I27TVOZEUFGA3ME7MXWGPSRKDY.jpg|https://media.getedealer.com/w_1280,h_960,q_90,c_l,v1/inventory/224Z7LDNS5ESJO3UUADJU3BO5Y.jpg|https://media.getedealer.com/w_1280,h_960,q_90,c_l,v1/inventory/KU4LPVUNBFCF5IGABRP3VLDWDU.jpg|https://media.getedealer.com/w_1280,h_960,q_90,c_l,v1/inventory/XBHNXQT7Z5GQ7FENHYN37P7M74.jpg|https://media.getedealer.com/w_1280,h_960,q_90,c_l,v1/inventory/2GMG72J34FHHJKV6UZ5DTEHXZU.jpg|https://media.getedealer.com/w_1280,h_960,q_90,c_l,v1/inventory/WGZRBLKKCFER3GDBRKXOJA4LLE.jpg|https://media.getedealer.com/w_1280,h_960,q_90,c_l,v1/inventory/4UKOAO4D3VHHXEI76ZS4VXFIFE.jpg|https://media.getedealer.com/w_1280,h_960,q_90,c_l,v1/inventory/72O5DKAGL5EL3PDUPMPSTWMN44.jpg|https://media.getedealer.com/w_1280,h_960,q_90,c_l,v1/inventory/HZ3BZPQIMREY5NGLMHR3YCA7W4.jpg|https://media.getedealer.com/w_1280,h_960,q_90,c_l,v1/inventory/FL4BRQBHS5BVHER2FLPRTEGEEI.jpg",10-02-2025 08:12,FALSE
g5JXS7yzTf2T0qDda8dM5A,CHILLIWACK MITSUBISHI,,+1 672-784-5040,45510 Yale Rd,Chilliwack,BC,V2P 2M9,49.151131,-121.963743,v1wY3uOqTsmvo7qW77whjg,5YFB4RBE3LP044918,VA044918,USED,2020,Toyota,Corolla,SE,SE CVT,21400,102917,Sedan,White,,4,,Automatic,FWD,2,4,Gasoline,,Air Conditioning|Alloy Wheels|Backup Camera|Bluetooth Connection|Brake Assist|Cruise Control|Heated Seats|Keyless Entry|Lane Assist|Power Windows|Smart Device Integration,"https://media.getedealer.com/w_1280,h_960,q_90,c_l,v1/inventory/66PLBUSH2FAHZIWG63EWYPNFZI.jpg|https://media.getedealer.com/w_1280,h_960,q_90,c_l,v1/inventory/A2LA5ALKCNGWDGNR2DPQG4XQXQ.jpg|https://media.getedealer.com/w_1280,h_960,q_90,c_l,v1/inventory/HI3X36TOOZEENEKCD2QYCDQ5TQ.jpg|https://media.getedealer.com/w_1280,h_960,q_90,c_l,v1/inventory/JY6XTV6XUVAJBOLICAMG2FNA6A.jpg|https://media.getedealer.com/w_1280,h_960,q_90,c_l,v1/inventory/WKH5MLQ4IJAJTF5Q5JVPSGXX5M.jpg|https://media.getedealer.com/w_1280,h_960,q_90,c_l,v1/inventory/W6WPGSITTVBB7OT6YE76YEGPWQ.jpg|https://media.getedealer.com/w_1280,h_960,q_90,c_l,v1/inventory/PQQNIH2KNNCW7GOB2EL4ZK2XSE.jpg|https://media.getedealer.com/w_1280,h_960,q_90,c_l,v1/inventory/DEAKTBFJZNBEVKL7JXIA3U2Q6M.jpg|https://media.getedealer.com/w_1280,h_960,q_90,c_l,v1/inventory/HKIBQBT6ORG2XEV4KHFYAHTEUQ.jpg|https://media.getedealer.com/w_1280,h_960,q_90,c_l,v1/inventory/TGPBLTZONZEZJCH6NM25WT6Z5U.jpg|https://media.getedealer.com/w_1280,h_960,q_90,c_l,v1/inventory/W3F6HT5GHRCAPN4MCLVCNP2RPY.jpg|https://media.getedealer.com/w_1280,h_960,q_90,c_l,v1/inventory/X2GQILBDGZFURN7ZSLYK6L7QF4.jpg|https://media.getedealer.com/w_1280,h_960,q_90,c_l,v1/inventory/R6UTS2FFV5BTXJUVQ5P2U7LPQE.jpg|https://media.getedealer.com/w_1280,h_960,q_90,c_l,v1/inventory/FS3UQNHJIBFS5PU4GUBOYE5S64.jpg|https://media.getedealer.com/w_1280,h_960,q_90,c_l,v1/inventory/P232SKMFAFCEZEWEEYQ636R5TQ.jpg|https://media.getedealer.com/w_1280,h_960,q_90,c_l,v1/inventory/UQSZRCWD7NBQXHCR4SBJ4OAYXA.jpg|https://media.getedealer.com/w_1280,h_960,q_90,c_l,v1/inventory/VX5KUFYDJBDGVDVNL2GUXIGQM4.jpg|https://media.getedealer.com/w_1280,h_960,q_90,c_l,v1/inventory/KKKQ3LXBIVF3LDBMS52MAW5OYM.jpg|https://media.getedealer.com/w_1280,h_960,q_90,c_l,v1/inventory/QS44SKP5RBBWZCLOV6F77X3HVA.jpg|https://media.getedealer.com/w_1280,h_960,q_90,c_l,v1/inventory/PEAITW6YWNHALGBITDEJDRWDRA.jpg|https://media.getedealer.com/w_1280,h_960,q_90,c_l,v1/inventory/RVOFFMQLURADXKEG7SYPFQZ53M.jpg|https://media.getedealer.com/w_1280,h_960,q_90,c_l,v1/inventory/H3XK7PUBZJED5NEWATWJZCQQKU.jpg|https://media.getedealer.com/w_1280,h_960,q_90,c_l,v1/inventory/UEHEFEEZZRDUHIZ3ZXLLIB4JFU.jpg|https://media.getedealer.com/w_1280,h_960,q_90,c_l,v1/inventory/C7IDF3CZMVBETKQ7FF4VL4MQZY.jpg",10-02-2025 08:14,FALSE
g5JXS7yzTf2T0qDda8dM5A,CHILLIWACK MITSUBISHI,,+1 672-784-5040,45510 Yale Rd,Chilliwack,BC,V2P 2M9,49.151131,-121.963743,vTR6bIJDRvyRmkApxLETkw,5NMS2CAD8LH209254,UU209254,USED,2020,Hyundai,Santa Fe,Essential,2.4L Essential AWD w/Safety Package,25900,93458,SUV,White,,4,,Automatic,AWD,2.4,4,Gasoline,,Air Conditioning|Alloy Wheels|Backup Camera|Bluetooth Connection|Brake Assist|Cruise Control|Heated Seats|Keyless Entry|Lane Assist|Power Windows|Smart Device Integration,"https://media.getedealer.com/w_1280,h_960,q_90,c_l,v1/inventory/RSYG7MOJTVBIHNDVF7DBW5ECH4.jpg|https://media.getedealer.com/w_1280,h_960,q_90,c_l,v1/inventory/CX2V2A5MVRDEJIK4L3Y6GTO7N4.jpg|https://media.getedealer.com/w_1280,h_960,q_90,c_l,v1/inventory/OBSFUQNKHJA27CKLLM5G2X3G2A.jpg|https://media.getedealer.com/w_1280,h_960,q_90,c_l,v1/inventory/CNIE3I36C5FORK54HQ7XYG5X5Q.jpg|https://media.getedealer.com/w_1280,h_960,q_90,c_l,v1/inventory/OZEAZVX7ONB5XEMRNWSTT6ZFGU.jpg|https://media.getedealer.com/w_1280,h_960,q_90,c_l,v1/inventory/EXWLK6C3GVH4VOM3QXZOYA5ZNM.jpg|https://media.getedealer.com/w_1280,h_960,q_90,c_l,v1/inventory/FGI3B5JPV5GJBDQ5VYH4ENBSOA.jpg|https://media.getedealer.com/w_1280,h_960,q_90,c_l,v1/inventory/ZQPDHB2HXVCHDDSOVIXQI4PJOA.jpg|https://media.getedealer.com/w_1280,h_960,q_90,c_l,v1/inventory/VVSNUONPXJBFBE3HSEROZJSVRY.jpg|https://media.getedealer.com/w_1280,h_960,q_90,c_l,v1/inventory/PPESCMEIHZGYDGXFSKPKGH36GE.jpg|https://media.getedealer.com/w_1280,h_960,q_90,c_l,v1/inventory/E3XEORU4RFC65DEER3KLMEZP6U.jpg|https://media.getedealer.com/w_1280,h_960,q_90,c_l,v1/inventory/MUCG22DMRJF6PBPTX5EESI6C4U.jpg|https://media.getedealer.com/w_1280,h_960,q_90,c_l,v1/inventory/GSFZH6MDTJFKVG7INAYZJ2HOAA.jpg|https://media.getedealer.com/w_1280,h_960,q_90,c_l,v1/inventory/B6EER5QXBJAHNPOQSHAYAXQRBA.jpg|https://media.getedealer.com/w_1280,h_960,q_90,c_l,v1/inventory/DQC2MW57BNBGRP6JKPVVVP2HA4.jpg|https://media.getedealer.com/w_1280,h_960,q_90,c_l,v1/inventory/2H472TJ5PFC6TEFNZ46EFVPC6I.jpg|https://media.getedealer.com/w_1280,h_960,q_90,c_l,v1/inventory/75RDAQC4ZNFFHGKRHBXNJC2KEQ.jpg|https://media.getedealer.com/w_1280,h_960,q_90,c_l,v1/inventory/URLYURYVHVH3DEOHGRLNPOXEPI.jpg|https://media.getedealer.com/w_1280,h_960,q_90,c_l,v1/inventory/SWMCBP6CSRAUPO5JXXW3JZRUWM.jpg|https://media.getedealer.com/w_1280,h_960,q_90,c_l,v1/inventory/3UOQ7O4KLFAOHGLDMKQUQE4NC4.jpg|https://media.getedealer.com/w_1280,h_960,q_90,c_l,v1/inventory/GX3BGFDJWRBTZKMGYKXAAXIWG4.jpg|https://media.getedealer.com/w_1280,h_960,q_90,c_l,v1/inventory/CTB3I5WXX5EPTGH262NHJKRCFQ.jpg|https://media.getedealer.com/w_1280,h_960,q_90,c_l,v1/inventory/XLR7O4YI2JGXJFYZAZUJAAL5KY.jpg|https://media.getedealer.com/w_1280,h_960,q_90,c_l,v1/inventory/6AZUC7VYOJBGLOLUBADNB4XQLQ.jpg|https://media.getedealer.com/w_1280,h_960,q_90,c_l,v1/inventory/HJAS2LCJJJBQBF2V3FFNGVV6W4.jpg",11-07-2025 07:10,FALSE
g5JXS7yzTf2T0qDda8dM5A,CHILLIWACK MITSUBISHI,,+1 672-784-5040,45510 Yale Rd,Chilliwack,BC,V2P 2M9,49.151131,-121.963743,vmawzeIZTWuWVjvILShj6Q,2T3J1RFV2RW440125,VA440125,USED,2024,Toyota,RAV4,Trail,Trail AWD,47200,44204,SUV,Green,,4,,Automatic,AWD,2.5,4,Gasoline,,Air Conditioning|Alloy Wheels|Backup Camera|Bluetooth Connection|Brake Assist|Cruise Control|Heated Seats|Keyless Entry|Lane Assist|Power Seats|Power Windows|Remote Start|Satellite Radio|Smart Device Integration|Sunroof / Moonroof|Wi-Fi Hotspot,"https://media.getedealer.com/w_1280,h_960,q_90,c_l,v1/inventory/7MZFBDDSMBBSFIYUC5PYVPQCJA.jpg|https://media.getedealer.com/w_1280,h_960,q_90,c_l,v1/inventory/SC7TSBH3Z5FNZM7ATULLF76GCA.jpg|https://media.getedealer.com/w_1280,h_960,q_90,c_l,v1/inventory/EIHAKFROFNAELII2Z5UBCI5CLU.jpg|https://media.getedealer.com/w_1280,h_960,q_90,c_l,v1/inventory/2KELENFWANHT5MGBHH4J6DEKOA.jpg|https://media.getedealer.com/w_1280,h_960,q_90,c_l,v1/inventory/XK6WZB3J2ZDGXFF4HUYWSGSHNQ.jpg|https://media.getedealer.com/w_1280,h_960,q_90,c_l,v1/inventory/SI7CJ2ZWD5GZZJK7VD5GPPW6AQ.jpg|https://media.getedealer.com/w_1280,h_960,q_90,c_l,v1/inventory/IQHEH2XOVNH4PENFJFGUDSU5K4.jpg|https://media.getedealer.com/w_1280,h_960,q_90,c_l,v1/inventory/BOJ742HDIZH7ZGU3BTLP5RGOUA.jpg|https://media.getedealer.com/w_1280,h_960,q_90,c_l,v1/inventory/3RSJ4KKK6NBF7OONCBQS2XTOFA.jpg|https://media.getedealer.com/w_1280,h_960,q_90,c_l,v1/inventory/EK5QQWO2QJHT3EB6BC6S77JTK4.jpg|https://media.getedealer.com/w_1280,h_960,q_90,c_l,v1/inventory/NGLUUGWWXFDF7HUN75HPR6Z4PE.jpg|https://media.getedealer.com/w_1280,h_960,q_90,c_l,v1/inventory/7QRYSAU7HJDKDJDYZ3WJHSCWVE.jpg|https://media.getedealer.com/w_1280,h_960,q_90,c_l,v1/inventory/7UG5RCG7KNER7CVA6R2PYXMRLE.jpg|https://media.getedealer.com/w_1280,h_960,q_90,c_l,v1/inventory/ELIOYW7FBVC2XHEOVGV6PAFLHE.jpg|https://media.getedealer.com/w_1280,h_960,q_90,c_l,v1/inventory/H3WF6DHSYJHZBEURVBS2TRB6JQ.jpg|https://media.getedealer.com/w_1280,h_960,q_90,c_l,v1/inventory/IZN2UHEYM5AI3NOHKYQYK7REHU.jpg|https://media.getedealer.com/w_1280,h_960,q_90,c_l,v1/inventory/X2QZ3QAZPFF6BD3N5MWVWGC3IM.jpg|https://media.getedealer.com/w_1280,h_960,q_90,c_l,v1/inventory/JUMC3B6CGRCJBEWEHU36MDTEBU.jpg|https://media.getedealer.com/w_1280,h_960,q_90,c_l,v1/inventory/HMN2WT4SPFHK3NOEBCB5SXKS7U.jpg|https://media.getedealer.com/w_1280,h_960,q_90,c_l,v1/inventory/NA5GHTTEYJG4VJZE5C3GS4HAXM.jpg|https://media.getedealer.com/w_1280,h_960,q_90,c_l,v1/inventory/MNT6GGFEPFGRPO3GTHTFPH4TNE.jpg|https://media.getedealer.com/w_1280,h_960,q_90,c_l,v1/inventory/I7BUE43WUZF5RG2TDKNIJFDJ3E.jpg|https://media.getedealer.com/w_1280,h_960,q_90,c_l,v1/inventory/JR4YKXC4PFGZBH2O4FVWXCYC4M.jpg|https://media.getedealer.com/w_1280,h_960,q_90,c_l,v1/inventory/WOCSOAMLQZET5JY5RMAVPRDMKY.jpg",10-07-2025 08:25,FALSE
g5JXS7yzTf2T0qDda8dM5A,CHILLIWACK MITSUBISHI,,+1 672-784-5040,45510 Yale Rd,Chilliwack,BC,V2P 2M9,49.151131,-121.963743,voxKbfFhQX2ncrdd5cBthw,JA4T5UA99PZ606318,UU606318,USED,2023,Mitsubishi,Outlander PHEV,SEL,SEL S-AWC,36350,100412,SUV,Black,,4,,Automatic,4Ã—4,2.4,4,Gasoline / Electric Hybrid,,Air Conditioning|Alloy Wheels|Backup Camera|Bluetooth Connection|Brake Assist|Cruise Control|Heated Seats|Keyless Entry|Lane Assist|Navigation System|Parking Sensors|Power Seats|Power Windows|Satellite Radio|Smart Device Integration|Sunroof / Moonroof,"https://media.getedealer.com/w_1280,h_960,q_90,c_l,v1/trim/JDKA65DQXVELPGJXEADXASVK54.jpg|https://media.getedealer.com/w_1280,h_960,q_90,c_l,v1/trim/ST7VUJWVJRH7DCBFI23DTH34XI.jpg|https://media.getedealer.com/w_1280,h_960,q_90,c_l,v1/trim/XYDWQ3INVNAHLBXL5PME3RRWQE.jpg|https://media.getedealer.com/w_1280,h_960,q_90,c_l,v1/trim/LLIU36YN6FGLPCWHU4QDTNYG6I.jpg|https://media.getedealer.com/w_1280,h_960,q_90,c_l,v1/trim/EH2IYRDAWNBHRNLZQMBXSJ6OLI.jpg|https://media.getedealer.com/w_1280,h_960,q_90,c_l,v1/trim/UV2EGFLCENBLXHRBGESTLMJMPU.jpg|https://media.getedealer.com/w_1280,h_960,q_90,c_l,v1/trim/2AVY6CJUMREBHFZCCCY7OOYLUM.jpg|https://media.getedealer.com/w_1280,h_960,q_90,c_l,v1/trim/SPTX6AMQUFAHBBD6FQ3PKZOLTA.jpg|https://media.getedealer.com/w_1280,h_960,q_90,c_l,v1/trim/AN3IOAXJBBFAFFEKAXMPUQZXVI.jpg|https://media.getedealer.com/w_1280,h_960,q_90,c_l,v1/trim/UTNQH27X6NDQLNLMTWJG5OD4RU.jpg|https://media.getedealer.com/w_1280,h_960,q_90,c_l,v1/trim/DHWUMXHF6RB45H4M3TLBLD36N4.jpg|https://media.getedealer.com/w_1280,h_960,q_90,c_l,v1/trim/RE3R7CGBDRDWTAYOU52RBPR6YY.jpg|https://media.getedealer.com/w_1280,h_960,q_90,c_l,v1/trim/VSCPQS55VBHG3BRJ66LXLLVGAM.jpg",01-01-2026 07:31,FALSE
g5JXS7yzTf2T0qDda8dM5A,CHILLIWACK MITSUBISHI,,+1 672-784-5040,45510 Yale Rd,Chilliwack,BC,V2P 2M9,49.151131,-121.963743,vz1sm1bmRCi46oytpCTA7A,JA4AJ4AW2JZ606001,UU606001,USED,2021,Mitsubishi,RVR,SE,SE AWC,25650,78640,SUV,White,Black,4,,Automatic,4Ã—4,2.4,4,Gasoline,,Air Conditioning|Alloy Wheels|Backup Camera|Bluetooth Connection|Brake Assist|Cruise Control|Heated Seats|Keyless Entry|Power Windows|Satellite Radio|Smart Device Integration,"https://media.getedealer.com/w_1280,h_960,q_90,c_l,v1/trim/45367IXY45F6NGL6PXLMR2J5QQ.jpg|https://media.getedealer.com/w_1280,h_960,q_90,c_l,v1/trim/DIK5BFTZSZHULOG2BOIMLVU2WQ.jpg|https://media.getedealer.com/w_1280,h_960,q_90,c_l,v1/trim/XC4BPVXX2NBYPGAJ24QXUSI7V4.jpg|https://media.getedealer.com/w_1280,h_960,q_90,c_l,v1/trim/SKY64LDQDZD4JK7HX2EZVQFDQI.jpg|https://media.getedealer.com/w_1280,h_960,q_90,c_l,v1/trim/2XQNGPNL3NDHHEDBPLLBK2IEGM.jpg|https://media.getedealer.com/w_1280,h_960,q_90,c_l,v1/trim/2X3ZNNQ3XNCL3N4S5J2LSELCKI.jpg|https://media.getedealer.com/w_1280,h_960,q_90,c_l,v1/trim/TVBZFLKSMFFJXL4A7OQXTJGEFE.jpg|https://media.getedealer.com/w_1280,h_960,q_90,c_l,v1/trim/42SYBTU77VCFTPFEP4E6PPTXPI.jpg|https://media.getedealer.com/w_1280,h_960,q_90,c_l,v1/trim/JO47JJPXDVHHDLVT5OM5OKKSOI.jpg|https://media.getedealer.com/w_1280,h_960,q_90,c_l,v1/trim/BZ6ZJWNNHJGMPM5XACUXQIE7ZY.jpg|https://media.getedealer.com/w_1280,h_960,q_90,c_l,v1/trim/337R6OTNAZBAHB3EM5NYAWIVOA.jpg|https://media.getedealer.com/w_1280,h_960,q_90,c_l,v1/trim/UC4F2TCLDRHFJBHPVRI4QFAJCI.jpg",11/27/2025 7:37:43,FALSE
g5JXS7yzTf2T0qDda8dM5A,CHILLIWACK MITSUBISHI,,+1 672-784-5040,45510 Yale Rd,Chilliwack,BC,V2P 2M9,49.151131,-121.963743,w6oPxPmoR9OQHz7sUquFRA,3TYLB5JN3RT046709,VA046709,USED,2024,Toyota,Tacoma,Other,4x4 Double Cab Auto,59200,31655,Truck,Blue,,4,,Automatic,4Ã—4,2.4,4,Gasoline,,Air Conditioning|Alloy Wheels|Backup Camera|Bluetooth Connection|Brake Assist|Cruise Control|Heated Seats|Keyless Entry|Lane Assist|Power Windows|Satellite Radio|Smart Device Integration,"https://media.getedealer.com/w_1280,h_960,q_90,c_l,v1/inventory/CMAZISLPM5GDLC7JFXNHT3RJVM.jpg|https://media.getedealer.com/w_1280,h_960,q_90,c_l,v1/inventory/VD6QGLEDKFADVPOO6XGPEFWQAA.jpg|https://media.getedealer.com/w_1280,h_960,q_90,c_l,v1/inventory/6G5UIQL2GBAHNLWEILLKYHT6XE.jpg|https://media.getedealer.com/w_1280,h_960,q_90,c_l,v1/inventory/A62ICF53FZD7ZHE4FTP7TOGNNU.jpg|https://media.getedealer.com/w_1280,h_960,q_90,c_l,v1/inventory/TTRLAOYVMJASPILGPZLIS7QYIU.jpg|https://media.getedealer.com/w_1280,h_960,q_90,c_l,v1/inventory/G3NQ4EEDWJBUZDNMJRKYHSLBII.jpg|https://media.getedealer.com/w_1280,h_960,q_90,c_l,v1/inventory/VQBXY6LYSBEOVMDRIKV55LSAOU.jpg|https://media.getedealer.com/w_1280,h_960,q_90,c_l,v1/inventory/YVSOHAV2EZFIBCZCCG6CZWOL54.jpg|https://media.getedealer.com/w_1280,h_960,q_90,c_l,v1/inventory/NNBIBMSFQJE7ZEEZ2RXGWTVIBE.jpg|https://media.getedealer.com/w_1280,h_960,q_90,c_l,v1/inventory/EO6X2FAPBVC5FEQIG5KFMMCIUI.jpg|https://media.getedealer.com/w_1280,h_960,q_90,c_l,v1/inventory/YW5NTPR57FCRZJYKCEPOYRESMY.jpg|https://media.getedealer.com/w_1280,h_960,q_90,c_l,v1/inventory/Q3GVIPSAXVDA5AW2GN6JECM5XY.jpg|https://media.getedealer.com/w_1280,h_960,q_90,c_l,v1/inventory/PF6EBZSSFBG6VOUCPFJZLT4BTI.jpg|https://media.getedealer.com/w_1280,h_960,q_90,c_l,v1/inventory/XXTIQJMI7VAAPKD32UFSATCKJI.jpg|https://media.getedealer.com/w_1280,h_960,q_90,c_l,v1/inventory/APPHZXHUANHNJO5SKZLH5XHUYE.jpg|https://media.getedealer.com/w_1280,h_960,q_90,c_l,v1/inventory/I7O5WMAPVNCGHJW4JC67QVX5LI.jpg|https://media.getedealer.com/w_1280,h_960,q_90,c_l,v1/inventory/Y32B5CXTXZF2VEQTJXUXX44QHQ.jpg|https://media.getedealer.com/w_1280,h_960,q_90,c_l,v1/inventory/77NFKXUYCVHFPOW37WVYZIBMQE.jpg|https://media.getedealer.com/w_1280,h_960,q_90,c_l,v1/inventory/4K5RX3SCAREPXHEELR2MR4O2IQ.jpg|https://media.getedealer.com/w_1280,h_960,q_90,c_l,v1/inventory/25XZDHZ2CJAK7CYAZ6C7V6Y3JE.jpg|https://media.getedealer.com/w_1280,h_960,q_90,c_l,v1/inventory/5OBVKGDQA5AXVB5NMX6FKQ7ZTQ.jpg|https://media.getedealer.com/w_1280,h_960,q_90,c_l,v1/inventory/U5BQTESSRZEW3GQ6BBZ535LP4Y.jpg|https://media.getedealer.com/w_1280,h_960,q_90,c_l,v1/inventory/R5AF6IMQVZACHBZGFR3RV4EFPY.jpg|https://media.getedealer.com/w_1280,h_960,q_90,c_l,v1/inventory/QFJJJQ6CZZBIJKQ6S26QBEPHVQ.jpg",10-02-2025 08:13,FALSE
g5JXS7yzTf2T0qDda8dM5A,CHILLIWACK MITSUBISHI,,+1 672-784-5040,45510 Yale Rd,Chilliwack,BC,V2P 2M9,49.151131,-121.963743,wV1ppTMlQ3ackYI6q0J02Q,JN1BJ1CR2KW334927,UU334927,USED,2019,Nissan,Qashqai,S,AWD S CVT,21650,112581,SUV,White,,4,,Automatic,AWD,2,4,Gasoline,,Air Conditioning|Alloy Wheels|Backup Camera|Bluetooth Connection|Brake Assist|Cruise Control|Heated Seats|Keyless Entry|Lane Assist|Power Windows|Satellite Radio|Smart Device Integration,"https://media.getedealer.com/w_1280,h_960,q_90,c_l,v1/inventory/ZRTKALQVGNFINMK5OIXHPWU55I.jpg|https://media.getedealer.com/w_1280,h_960,q_90,c_l,v1/inventory/UHWCZLMENNED3BDAMOAKIDIU7E.jpg|https://media.getedealer.com/w_1280,h_960,q_90,c_l,v1/inventory/Q4HUVSZYC5DNPA2EKLQUO4AFXY.jpg|https://media.getedealer.com/w_1280,h_960,q_90,c_l,v1/inventory/MJZWCC2G7ZFNBHK7ELT3GVVSV4.jpg|https://media.getedealer.com/w_1280,h_960,q_90,c_l,v1/inventory/Y2PFGX54ENBQVGWDJDT3XOA2UY.jpg|https://media.getedealer.com/w_1280,h_960,q_90,c_l,v1/inventory/3E2Y2SYTJ5B2TMDP45MZUH4DBY.jpg|https://media.getedealer.com/w_1280,h_960,q_90,c_l,v1/inventory/TOSHJTIDVZFI7H6XGNSZ3V7CR4.jpg|https://media.getedealer.com/w_1280,h_960,q_90,c_l,v1/inventory/WDOE4JI3GJGHJDRFIAG5GWUQLY.jpg|https://media.getedealer.com/w_1280,h_960,q_90,c_l,v1/inventory/ENBAZ44YN5HFNIJJIC2NTYQRBM.jpg|https://media.getedealer.com/w_1280,h_960,q_90,c_l,v1/inventory/JLAGQBQ5JBFUXLP4V35RKH7OHU.jpg|https://media.getedealer.com/w_1280,h_960,q_90,c_l,v1/inventory/K5KCA3YOJBBCBPSASBW2L3HO4M.jpg|https://media.getedealer.com/w_1280,h_960,q_90,c_l,v1/inventory/XGF4BRM3HBH4NASSUKGBMOAYEE.jpg|https://media.getedealer.com/w_1280,h_960,q_90,c_l,v1/inventory/Y267T3UJHFHHPEKBLXSZLNZQM4.jpg|https://media.getedealer.com/w_1280,h_960,q_90,c_l,v1/inventory/B4Y52Q7UFFHEHERJ4KHQTCS56U.jpg|https://media.getedealer.com/w_1280,h_960,q_90,c_l,v1/inventory/MQQPDYDHOVGVHNNNTPDFM3EDOA.jpg|https://media.getedealer.com/w_1280,h_960,q_90,c_l,v1/inventory/QBVSGARBJ5HRZOVSBPPPUUKBOY.jpg|https://media.getedealer.com/w_1280,h_960,q_90,c_l,v1/inventory/ELR4NL3KF5C3FMDZ4XG35QV2V4.jpg|https://media.getedealer.com/w_1280,h_960,q_90,c_l,v1/inventory/33C2KXWDNNHLLOQIM2LK3EWHMQ.jpg|https://media.getedealer.com/w_1280,h_960,q_90,c_l,v1/inventory/BUTEEBPXPVEEDL7Y7HVD2ZXBTY.jpg|https://media.getedealer.com/w_1280,h_960,q_90,c_l,v1/inventory/QQSRMLPB4NDO5HOKXC3RLL2NTM.jpg|https://media.getedealer.com/w_1280,h_960,q_90,c_l,v1/inventory/FGSRBXEG2RHJPOXHSZ6LIT3FZU.jpg|https://media.getedealer.com/w_1280,h_960,q_90,c_l,v1/inventory/RQKDLBGT3JHIDFWZLE5W3UIGYI.jpg|https://media.getedealer.com/w_1280,h_960,q_90,c_l,v1/inventory/VU7GUZ3CTJFKDGLGVUJSGE26GY.jpg|https://media.getedealer.com/w_1280,h_960,q_90,c_l,v1/inventory/NHEAGM3Q5VB7NDK3TEK7JGMEDQ.jpg",11/25/2025 7:31:06,FALSE
g5JXS7yzTf2T0qDda8dM5A,CHILLIWACK MITSUBISHI,,+1 672-784-5040,45510 Yale Rd,Chilliwack,BC,V2P 2M9,49.151131,-121.963743,weiq8S6pQ3SBExOvRFLrOQ,5NPE34AF0KH762905,UU762905,USED,2019,Hyundai,Sonata,Preferred,2.4L Preferred,25300,86963,Sedan,Gray,Black,4,,Automatic,FWD,2.4,4,Gasoline,,Air Conditioning|Alloy Wheels|Backup Camera|Bluetooth Connection|Brake Assist|Cruise Control|Heated Seats|Keyless Entry|Lane Assist|Leather Seats|Power Seats|Power Windows|Satellite Radio|Smart Device Integration|Sunroof / Moonroof,"https://media.getedealer.com/w_1280,h_960,q_90,c_l,v1/inventory/IDMSZ2PKLJB6BIAB2THCEG36WA.jpg|https://media.getedealer.com/w_1280,h_960,q_90,c_l,v1/inventory/A6NULXBUPFCRNLKB5T5DZYWQ5M.jpg|https://media.getedealer.com/w_1280,h_960,q_90,c_l,v1/inventory/RPNO3J332NBG5FGZQRP3WDHARI.jpg|https://media.getedealer.com/w_1280,h_960,q_90,c_l,v1/inventory/QGOOJHISINCUPGNKNPPAUDJNHE.jpg|https://media.getedealer.com/w_1280,h_960,q_90,c_l,v1/inventory/QXBMTHD37ZB6FIRFNPD2XYLA5M.jpg|https://media.getedealer.com/w_1280,h_960,q_90,c_l,v1/inventory/V5JHWNRXHNCNHAFRME7VLIENAY.jpg|https://media.getedealer.com/w_1280,h_960,q_90,c_l,v1/inventory/FUWNJKPNDBAP5MTRQZRDJFFEJM.jpg|https://media.getedealer.com/w_1280,h_960,q_90,c_l,v1/inventory/Q3SMG2QKRZENBI6YF57R6PT5PY.jpg|https://media.getedealer.com/w_1280,h_960,q_90,c_l,v1/inventory/OCI57EWHAZB2RARFEALVMPPI54.jpg|https://media.getedealer.com/w_1280,h_960,q_90,c_l,v1/inventory/L45IZJRMMZE27GLAQJIKIVJAWE.jpg|https://media.getedealer.com/w_1280,h_960,q_90,c_l,v1/inventory/YOENBH3QBZERTLDQL3M32FGFUM.jpg|https://media.getedealer.com/w_1280,h_960,q_90,c_l,v1/inventory/B2RVNDQZIRCRHF5IBPMLVT33H4.jpg|https://media.getedealer.com/w_1280,h_960,q_90,c_l,v1/inventory/IQDKCYGZJNDZBHTOS7ETPKIB5M.jpg|https://media.getedealer.com/w_1280,h_960,q_90,c_l,v1/inventory/VLRUGCBLJBDM5B7WPPU2MWOG7I.jpg|https://media.getedealer.com/w_1280,h_960,q_90,c_l,v1/inventory/RIVYA4BKHFEMPFICBMNP2ZZDW4.jpg|https://media.getedealer.com/w_1280,h_960,q_90,c_l,v1/inventory/YC3NG2OX7REG3HEOKCVMRNYMOQ.jpg|https://media.getedealer.com/w_1280,h_960,q_90,c_l,v1/inventory/HEX36H2WYFDVNCSXDXZFVZXQ34.jpg|https://media.getedealer.com/w_1280,h_960,q_90,c_l,v1/inventory/RKYHPF7FGRFXNBWN7RYFRVQ4FA.jpg|https://media.getedealer.com/w_1280,h_960,q_90,c_l,v1/inventory/MUJUCH3PJRB77D3LOFCGXORYPU.jpg|https://media.getedealer.com/w_1280,h_960,q_90,c_l,v1/inventory/NSJE5QKMPVG2FOL5TEEWLUR3OU.jpg|https://media.getedealer.com/w_1280,h_960,q_90,c_l,v1/inventory/NIES242GHRBMJBKN4D6ZYL6JRU.jpg|https://media.getedealer.com/w_1280,h_960,q_90,c_l,v1/inventory/ITYD2CW67VHEDLFVWL56FGNPT4.jpg|https://media.getedealer.com/w_1280,h_960,q_90,c_l,v1/inventory/ZGZ3XV2V6BEY7GABZHECXYN3DI.jpg|https://media.getedealer.com/w_1280,h_960,q_90,c_l,v1/inventory/VKBCN4FJ2RCCRFTE654BW2EUYE.jpg|https://media.getedealer.com/w_1280,h_960,q_90,c_l,v1/inventory/3ENS55PO2JFBNPRZDGBGCPZ2R4.jpg",10-02-2025 08:14,FALSE
g5JXS7yzTf2T0qDda8dM5A,CHILLIWACK MITSUBISHI,,+1 672-784-5040,45510 Yale Rd,Chilliwack,BC,V2P 2M9,49.151131,-121.963743,wpkg0il7TRKHBPtsrivltQ,2C3CCADG0NH270760,UU270760,USED,2022,Chrysler,300,300 Touring L,300 Touring L RWD,29250,79512,Sedan,Black,,4,,Automatic,RWD,3.6,6,Gasoline,,Air Conditioning|Alloy Wheels|Backup Camera|Bluetooth Connection|Brake Assist|Cruise Control|Heated Seats|Keyless Entry|Lane Assist|Leather Seats|Navigation System|Parking Sensors|Power Seats|Power Windows|Remote Start|Satellite Radio|Smart Device Integration|Wi-Fi Hotspot,"https://media.getedealer.com/w_1280,h_960,q_90,c_l,v1/inventory/YVDT2LMUWRDPPGW67OSJZPW5HA.jpg|https://media.getedealer.com/w_1280,h_960,q_90,c_l,v1/inventory/W2A45HB5RNFWLDN7G63CIS3SYU.jpg|https://media.getedealer.com/w_1280,h_960,q_90,c_l,v1/inventory/WXEDXDQOYBBODN43XTIMDXJVFQ.jpg|https://media.getedealer.com/w_1280,h_960,q_90,c_l,v1/inventory/HINTRTKKBBFAPJGZP5HYS3TDZU.jpg|https://media.getedealer.com/w_1280,h_960,q_90,c_l,v1/inventory/RDY4WGTZXFBQHLZZ4HVDRWLU7M.jpg|https://media.getedealer.com/w_1280,h_960,q_90,c_l,v1/inventory/3TMBA6BJPRFAPGUXA4HMGT6AR4.jpg|https://media.getedealer.com/w_1280,h_960,q_90,c_l,v1/inventory/NMFB2HMOE5EAJB5OKDBUYQPGZA.jpg|https://media.getedealer.com/w_1280,h_960,q_90,c_l,v1/inventory/PUCUZ45SAVCJRN6UCP3I75IJZY.jpg|https://media.getedealer.com/w_1280,h_960,q_90,c_l,v1/inventory/YNY4NFPWPFDG3CAXHDQQMPDX44.jpg|https://media.getedealer.com/w_1280,h_960,q_90,c_l,v1/inventory/MQSJT44WNRG4LE6BJKYC2TGIPE.jpg|https://media.getedealer.com/w_1280,h_960,q_90,c_l,v1/inventory/ZH6XC4XRS5GT7JGVNE2MHGQCR4.jpg|https://media.getedealer.com/w_1280,h_960,q_90,c_l,v1/inventory/KRPOQHLCQZBFJKOPT233MAFZZY.jpg|https://media.getedealer.com/w_1280,h_960,q_90,c_l,v1/inventory/GR65UB4WTVE3RJCKRQTIZ5KKXY.jpg|https://media.getedealer.com/w_1280,h_960,q_90,c_l,v1/inventory/7J3UF4MZ2VB6BD64T65YAAF7TY.jpg|https://media.getedealer.com/w_1280,h_960,q_90,c_l,v1/inventory/K7BWIO2JBBG5JONBMZQ4HSATY4.jpg|https://media.getedealer.com/w_1280,h_960,q_90,c_l,v1/inventory/VFDSUO3ZVNBDPIDSSF5VZ6K2WA.jpg|https://media.getedealer.com/w_1280,h_960,q_90,c_l,v1/inventory/2ON272WZ7JD7VD7P2NYJDYC5KE.jpg|https://media.getedealer.com/w_1280,h_960,q_90,c_l,v1/inventory/L6Y2KVECDVHERBLJHPPOUDWVQA.jpg|https://media.getedealer.com/w_1280,h_960,q_90,c_l,v1/inventory/P4KDIXOU5JGTPCEWN7W3ADHO3Y.jpg|https://media.getedealer.com/w_1280,h_960,q_90,c_l,v1/inventory/3SHGEV6VPVFYHOI6QGO5D3VAJA.jpg|https://media.getedealer.com/w_1280,h_960,q_90,c_l,v1/inventory/HXSU4IMTZJECXDEX7CZ6MWX2JU.jpg|https://media.getedealer.com/w_1280,h_960,q_90,c_l,v1/inventory/YCIH6FHTBRG4PL6EUGP5QZ6PH4.jpg|https://media.getedealer.com/w_1280,h_960,q_90,c_l,v1/inventory/YZCM4P6NKVFTBPR3HXWTYQPSNU.jpg|https://media.getedealer.com/w_1280,h_960,q_90,c_l,v1/inventory/Z3GNMCP6VVCQDGQZDBXM4JKP7I.jpg|https://media.getedealer.com/w_1280,h_960,q_90,c_l,v1/inventory/OKWMMPRVUNHUVIJ37O2XRNS5HQ.jpg",11/27/2025 7:37:35,FALSE
g5JXS7yzTf2T0qDda8dM5A,CHILLIWACK MITSUBISHI,,+1 672-784-5040,45510 Yale Rd,Chilliwack,BC,V2P 2M9,49.151131,-121.963743,x08zxx94Roir5OajcAvtvg,5N1AT3AB6PC855223,AA855223,USED,2023,Nissan,Rogue,S,AWD S,33900,44735,SUV,White,,4,,Automatic,AWD,2.5,4,Gasoline,,Air Conditioning|Alloy Wheels|Backup Camera|Bluetooth Connection|Brake Assist|Cruise Control|Heated Seats|Keyless Entry|Lane Assist|Parking Sensors|Power Windows|Satellite Radio|Smart Device Integration,"https://media.getedealer.com/w_1280,h_960,q_90,c_l,v1/inventory/LHO75QG3VBAYFGNC376ZULKW74.jpg|https://media.getedealer.com/w_1280,h_960,q_90,c_l,v1/inventory/KIAXACC5SBFO5I7HB2IF72ONQ4.jpg|https://media.getedealer.com/w_1280,h_960,q_90,c_l,v1/inventory/WCI7IYKANJA2PD6DNFRBEJYK3Q.jpg|https://media.getedealer.com/w_1280,h_960,q_90,c_l,v1/inventory/LB4XZOFP5RHQNLNNAW7GZGSVFY.jpg|https://media.getedealer.com/w_1280,h_960,q_90,c_l,v1/inventory/34BPH25STVDSZFXB2SY5P6EWAU.jpg|https://media.getedealer.com/w_1280,h_960,q_90,c_l,v1/inventory/YZ7I3DVNVZCA3CHSJKA2ISYVTQ.jpg|https://media.getedealer.com/w_1280,h_960,q_90,c_l,v1/inventory/URCAC5Y4AJFTZI4X7U4F3X54DE.jpg|https://media.getedealer.com/w_1280,h_960,q_90,c_l,v1/inventory/BM5GTMYR2FEHZL4CWTAYIVRCXU.jpg|https://media.getedealer.com/w_1280,h_960,q_90,c_l,v1/inventory/NWKOBCHJHFCRHKNCCGQFQCTW6M.jpg|https://media.getedealer.com/w_1280,h_960,q_90,c_l,v1/inventory/CYIYXYRW5NFXFFGVOM7BTS6TDY.jpg|https://media.getedealer.com/w_1280,h_960,q_90,c_l,v1/inventory/WNNFLUZ6XVFNHDJV6PNT4LRIUI.jpg|https://media.getedealer.com/w_1280,h_960,q_90,c_l,v1/inventory/SC53QPBTJRFHLKIMCFNLADWPRI.jpg|https://media.getedealer.com/w_1280,h_960,q_90,c_l,v1/inventory/PXC4RL2GOVFQ3M5VP3RAWYTD6A.jpg|https://media.getedealer.com/w_1280,h_960,q_90,c_l,v1/inventory/I2BTAEBCIBBEXCXCZDXCSP5O2Y.jpg|https://media.getedealer.com/w_1280,h_960,q_90,c_l,v1/inventory/E62AKT3OURD43ETCBVWWNOKB2A.jpg|https://media.getedealer.com/w_1280,h_960,q_90,c_l,v1/inventory/VLFM5GX3ZBBF7IEP7NFLCAOH5Y.jpg|https://media.getedealer.com/w_1280,h_960,q_90,c_l,v1/inventory/62MMSCWA4VH7BNAABMFYAAYX6M.jpg|https://media.getedealer.com/w_1280,h_960,q_90,c_l,v1/inventory/ZFEDJGHQ4NEKNCZXDMRVID37WY.jpg|https://media.getedealer.com/w_1280,h_960,q_90,c_l,v1/inventory/IDEDMFSV5FDZXMWUXRZXRYO5IA.jpg|https://media.getedealer.com/w_1280,h_960,q_90,c_l,v1/inventory/3MM5C3OAPJHOHKM6Q4V3AVH7LM.jpg|https://media.getedealer.com/w_1280,h_960,q_90,c_l,v1/inventory/RKWQGUGFONFOTAMXDK2HPWSQ34.jpg|https://media.getedealer.com/w_1280,h_960,q_90,c_l,v1/inventory/XRAQTU7Q25CO3JJSFHR2EQ6HOA.jpg|https://media.getedealer.com/w_1280,h_960,q_90,c_l,v1/inventory/DDYBZRSRYRBETCUXCOQ63P2KAA.jpg",10-02-2025 08:14,FALSE
g5JXS7yzTf2T0qDda8dM5A,CHILLIWACK MITSUBISHI,,+1 672-784-5040,45510 Yale Rd,Chilliwack,BC,V2P 2M9,49.151131,-121.963743,x0ZdUF1MTKWMsqonTKyhzw,WDDHF8JB9EA801324,NA801324,USED,2014,Mercedes-Benz,E-Class,E 350,E 350 4MATIC Sedan,12400,188626,Sedan,,,4,,Automatic,AWD,3.5,6,Gasoline,,Air Conditioning|Alloy Wheels|Automatic Parking|Bluetooth Connection|Brake Assist|Cruise Control|Heated Seats|Keyless Entry|Leather Seats|Navigation System|Parking Sensors|Power Seats|Power Windows|Satellite Radio|Sunroof / Moonroof,"https://media.getedealer.com/w_1280,h_960,q_90,c_l,v1/inventory/CL7YVWFXVVFKXIY7N7BTSIQF5M.jpg|https://media.getedealer.com/w_1280,h_960,q_90,c_l,v1/inventory/WBNFQT5OXZEGRKTZPIMH5ST6ZA.jpg|https://media.getedealer.com/w_1280,h_960,q_90,c_l,v1/inventory/54EPPMRPBFANZORR3HXAA45BA4.jpg|https://media.getedealer.com/w_1280,h_960,q_90,c_l,v1/inventory/Y7KIWL35XRHRHMAWJC4IJZ4WQE.jpg|https://media.getedealer.com/w_1280,h_960,q_90,c_l,v1/inventory/C5W7R6MKGNH6LK57TDLI2SHWGI.jpg|https://media.getedealer.com/w_1280,h_960,q_90,c_l,v1/inventory/6H63LT5FFBEHBKHXLYY4TUFSJU.jpg|https://media.getedealer.com/w_1280,h_960,q_90,c_l,v1/inventory/UN3DBRCKKRF7PJJNY6BG7TEBUY.jpg|https://media.getedealer.com/w_1280,h_960,q_90,c_l,v1/inventory/HSC3QAL42JCGZEFYQHUYJKF2YE.jpg|https://media.getedealer.com/w_1280,h_960,q_90,c_l,v1/inventory/RFDMPOTU55DMZNPRDFR7AF5HFA.jpg|https://media.getedealer.com/w_1280,h_960,q_90,c_l,v1/inventory/XVBYDGIF3ZB4BKO7V6AK24XPKM.jpg|https://media.getedealer.com/w_1280,h_960,q_90,c_l,v1/inventory/SSSRQ66I35H5TA6IWECPF2IL54.jpg|https://media.getedealer.com/w_1280,h_960,q_90,c_l,v1/inventory/UMACI6JJGVBQDLMPMRP6U3PQKI.jpg|https://media.getedealer.com/w_1280,h_960,q_90,c_l,v1/inventory/LFIDSOFEJNDIDHC5O7PLZRHEDI.jpg|https://media.getedealer.com/w_1280,h_960,q_90,c_l,v1/inventory/F4HPHUCKKJAWVASCT555Z2I3QA.jpg|https://media.getedealer.com/w_1280,h_960,q_90,c_l,v1/inventory/EHXKSEL4CBC67CUNR2ZH4DQRIQ.jpg|https://media.getedealer.com/w_1280,h_960,q_90,c_l,v1/inventory/TFBR5VTMUBB47E2CBSLDMEW7LQ.jpg|https://media.getedealer.com/w_1280,h_960,q_90,c_l,v1/inventory/RMHF6O54ENGULKBGTQLV6ND2FQ.jpg|https://media.getedealer.com/w_1280,h_960,q_90,c_l,v1/inventory/NH4IY3OT6RH5HGGUDQL7VI4R54.jpg|https://media.getedealer.com/w_1280,h_960,q_90,c_l,v1/inventory/CMOOCSIUGBFRRHN2OW6T36IELQ.jpg|https://media.getedealer.com/w_1280,h_960,q_90,c_l,v1/inventory/2U5UVG4APFHPBEBZ7UH5TJ62OM.jpg|https://media.getedealer.com/w_1280,h_960,q_90,c_l,v1/inventory/QVZL2GSAHRGVLM4PQ7FH3DUWYE.jpg|https://media.getedealer.com/w_1280,h_960,q_90,c_l,v1/inventory/42ZHPQN5GBFUTN6345P6P7DJVY.jpg|https://media.getedealer.com/w_1280,h_960,q_90,c_l,v1/inventory/H4EM4RFIFBHIDAPNO7772VR66I.jpg",10-02-2025 08:16,FALSE
g5JXS7yzTf2T0qDda8dM5A,CHILLIWACK MITSUBISHI,,+1 672-784-5040,45510 Yale Rd,Chilliwack,BC,V2P 2M9,49.151131,-121.963743,x321F4KwR6uhbSw07fh1kQ,KL79MNSL1PB187809,NA187809,USED,2023,Chevrolet,TrailBlazer,LS,AWD 4dr MIDNIGHT PKG,31150,434,SUV,White,,4,,Automatic,AWD,1.3,3,Gasoline,,Air Conditioning|Alloy Wheels|Backup Camera|Bluetooth Connection|Lane Assist|Power Windows|Satellite Radio|Smart Device Integration|Wi-Fi Hotspot,"https://media.getedealer.com/w_1280,h_960,q_90,c_l,v1/inventory/DCKHLKCLFVFUJI2U3XJZTDCOC4.jpg|https://media.getedealer.com/w_1280,h_960,q_90,c_l,v1/inventory/CFJR2XY2FNHTZNOGPQODFD3ZRU.jpg|https://media.getedealer.com/w_1280,h_960,q_90,c_l,v1/inventory/DCSMNCIR2ZBEVPKYJ5H6BXZRNM.jpg|https://media.getedealer.com/w_1280,h_960,q_90,c_l,v1/inventory/OVRYUGPGIBBLJJ3FSPTY3JKIQY.jpg|https://media.getedealer.com/w_1280,h_960,q_90,c_l,v1/inventory/6AFPLP4OYJAPBJCPJ6MHO63FMY.jpg|https://media.getedealer.com/w_1280,h_960,q_90,c_l,v1/inventory/L7OW3RAPQRB6FBGWQVDS26WZHU.jpg|https://media.getedealer.com/w_1280,h_960,q_90,c_l,v1/inventory/22MKHZJLPJFINHG654HCCP7OLI.jpg|https://media.getedealer.com/w_1280,h_960,q_90,c_l,v1/inventory/XCUTL2YUYRH5JAVRKNVTOX4ZPE.jpg|https://media.getedealer.com/w_1280,h_960,q_90,c_l,v1/inventory/NUNL7X2CWJGZZORKC32PZRBJF4.jpg|https://media.getedealer.com/w_1280,h_960,q_90,c_l,v1/inventory/X2NKYPY3NZAOXEP2H3IGEMGWRQ.jpg|https://media.getedealer.com/w_1280,h_960,q_90,c_l,v1/inventory/EBK6H4ITAJFZBAQHNUL57QTRUE.jpg|https://media.getedealer.com/w_1280,h_960,q_90,c_l,v1/inventory/FSWXDASCPBCY7FM7WKNHPXTD4Y.jpg|https://media.getedealer.com/w_1280,h_960,q_90,c_l,v1/inventory/4DAH6MQNYBE4HHUI2NZMTWBACM.jpg|https://media.getedealer.com/w_1280,h_960,q_90,c_l,v1/inventory/W47GEXURPBAFZC2IWANN37ZOHQ.jpg|https://media.getedealer.com/w_1280,h_960,q_90,c_l,v1/inventory/IJ46UBIBM5FA7AGCNBPWOJULAI.jpg|https://media.getedealer.com/w_1280,h_960,q_90,c_l,v1/inventory/KXZBNG5U35B2XML4J5K3TV7PH4.jpg|https://media.getedealer.com/w_1280,h_960,q_90,c_l,v1/inventory/XJGZ27WKQZFRZJB5PBTSZ7ET64.jpg|https://media.getedealer.com/w_1280,h_960,q_90,c_l,v1/inventory/QPHDUHGE5NGMLBYC754M5H6MBM.jpg|https://media.getedealer.com/w_1280,h_960,q_90,c_l,v1/inventory/HYBDFM7WKZBNVGNH7LSVI6VGYM.jpg|https://media.getedealer.com/w_1280,h_960,q_90,c_l,v1/inventory/HUWRYZGQO5FLXBVG2257UKY6KQ.jpg|https://media.getedealer.com/w_1280,h_960,q_90,c_l,v1/inventory/EBSLWNZ5ZVHXHLS2WJO4NCJJIY.jpg|https://media.getedealer.com/w_1280,h_960,q_90,c_l,v1/inventory/SRRI3UERKNE27O2WGBILFQY57A.jpg|https://media.getedealer.com/w_1280,h_960,q_90,c_l,v1/inventory/7N4IR5S2OJGK7LWDU6WKTMYM3A.jpg",10-02-2025 08:15,FALSE
g5JXS7yzTf2T0qDda8dM5A,CHILLIWACK MITSUBISHI,,+1 672-784-5040,45510 Yale Rd,Chilliwack,BC,V2P 2M9,49.151131,-121.963743,xBOTGvbgTLWxYj42bEJuBw,JA4T5VA96SZ601544,MI601544,NEW,2025,Mitsubishi,Outlander Plug-In Hybrid,SEL,SEL S-AWC,52598,37,SUV,Silver,,4,,Automatic,4Ã—4,2.4,4,Gasoline / Electric Hybrid,,Air Conditioning|Alloy Wheels|Backup Camera|Bluetooth Connection|Brake Assist|Cruise Control|Heated Seats|Keyless Entry|Lane Assist|Parking Sensors|Power Windows|Satellite Radio|Smart Device Integration|Sunroof / Moonroof,"https://media.getedealer.com/w_1280,h_960,q_90,c_l,v1/inventory/ZXBZQ2FIK5HGXA6654OMBAUF5A.jpg|https://media.getedealer.com/w_1280,h_960,q_90,c_l,v1/inventory/AD35DM627FDZJKTVQ5NYUURYXY.jpg|https://media.getedealer.com/w_1280,h_960,q_90,c_l,v1/inventory/7MCOGBC3BJEJJGZLXYWQHOS7UU.jpg|https://media.getedealer.com/w_1280,h_960,q_90,c_l,v1/inventory/MF725E5VKBAYXIEON4E6PVRY2Q.jpg|https://media.getedealer.com/w_1280,h_960,q_90,c_l,v1/inventory/ACNOIKHS4BHBJLCOXNWR7DZOMY.jpg|https://media.getedealer.com/w_1280,h_960,q_90,c_l,v1/inventory/6DO2AIFCUVC6DKQNNXTOLGUOGI.jpg|https://media.getedealer.com/w_1280,h_960,q_90,c_l,v1/inventory/YVIJUPAEENFQXKMNGPEDZLR6OA.jpg|https://media.getedealer.com/w_1280,h_960,q_90,c_l,v1/inventory/VOHREF2VIZEVRB26E6JIVLH6NM.jpg|https://media.getedealer.com/w_1280,h_960,q_90,c_l,v1/inventory/7ZKQNTRH25ANRGFPSJS5NIHUUU.jpg|https://media.getedealer.com/w_1280,h_960,q_90,c_l,v1/inventory/2PQDM4OVXVABTGYW347KKPTXSM.jpg|https://media.getedealer.com/w_1280,h_960,q_90,c_l,v1/inventory/IY4LCIR3Z5EMVK3LQZ6SQUVDGA.jpg|https://media.getedealer.com/w_1280,h_960,q_90,c_l,v1/inventory/OOLGA35M4RHMPBBZAT4UU3DEH4.jpg|https://media.getedealer.com/w_1280,h_960,q_90,c_l,v1/inventory/PKQHDVFGJBFBFPCTU2OMRODHAQ.jpg|https://media.getedealer.com/w_1280,h_960,q_90,c_l,v1/inventory/GDAASII5BBG7JKR6L4Y775UA3I.jpg|https://media.getedealer.com/w_1280,h_960,q_90,c_l,v1/inventory/BCYFOXJHC5FGJLKCINZ47JGC7Y.jpg|https://media.getedealer.com/w_1280,h_960,q_90,c_l,v1/inventory/4LSLP4UMLJFTRN7QRZEE3ALIE4.jpg|https://media.getedealer.com/w_1280,h_960,q_90,c_l,v1/inventory/C3OB4ZGWSZHE3EVGKO67RUVASQ.jpg|https://media.getedealer.com/w_1280,h_960,q_90,c_l,v1/inventory/QHSABISLUJHXXM52MMRKWOJYBE.jpg|https://media.getedealer.com/w_1280,h_960,q_90,c_l,v1/inventory/OYRGEW7NPRHWDE7MRF7G2F6URE.jpg|https://media.getedealer.com/w_1280,h_960,q_90,c_l,v1/inventory/JIM2QJ4SDZGNLO2MMCEF4UQX6I.jpg|https://media.getedealer.com/w_1280,h_960,q_90,c_l,v1/inventory/OWSHFRWEKBEDDMN66LLUBNOXRE.jpg|https://media.getedealer.com/w_1280,h_960,q_90,c_l,v1/inventory/FRVDFDXBRBHRXOWXAHENVV45UM.jpg|https://media.getedealer.com/w_1280,h_960,q_90,c_l,v1/inventory/OQYSENOCOBDUNGWSJEXRNZK2K4.jpg|https://media.getedealer.com/w_1280,h_960,q_90,c_l,v1/inventory/SQMK6VGQYRGQNLSCNBH7ENCOEQ.jpg",10-02-2025 08:15,FALSE
g5JXS7yzTf2T0qDda8dM5A,CHILLIWACK MITSUBISHI,,+1 672-784-5040,45510 Yale Rd,Chilliwack,BC,V2P 2M9,49.151131,-121.963743,xC5KERqQRb2zcjQkaBHw4A,SALMB11493A109373,AA109373,USED,2003,Land Rover,Range Rover,HSE,4dr Wgn HSE,9950,241289,Van,Silver,Silver,4,,Automatic,4Ã—4,4.4,8,Gasoline,,Air Conditioning|Alloy Wheels|Brake Assist|Cruise Control|Heated Seats|Keyless Entry|Leather Seats|Navigation System|Parking Sensors|Power Seats|Power Windows|Sunroof / Moonroof,"https://media.getedealer.com/w_1280,h_960,q_90,c_l,v1/inventory/SNCRZHTAFBBBXEVDRSRILJ2GRM.jpg|https://media.getedealer.com/w_1280,h_960,q_90,c_l,v1/inventory/TFQHELQ7DJBF7O3VF6TKZO7ANU.jpg|https://media.getedealer.com/w_1280,h_960,q_90,c_l,v1/inventory/GYNHWSI3PRGBBL4UEE6SNERROE.jpg|https://media.getedealer.com/w_1280,h_960,q_90,c_l,v1/inventory/TVJQWC47AFBFFNB727CFIVCTPQ.jpg|https://media.getedealer.com/w_1280,h_960,q_90,c_l,v1/inventory/2ESX6NECYZARJLL4OKZFV6CDWU.jpg|https://media.getedealer.com/w_1280,h_960,q_90,c_l,v1/inventory/HZR52ATPH5CMTIQTQWXURZEV54.jpg|https://media.getedealer.com/w_1280,h_960,q_90,c_l,v1/inventory/GKOKQY7GPRFH5EY7TT2TIH4SQI.jpg|https://media.getedealer.com/w_1280,h_960,q_90,c_l,v1/inventory/D6JP3IK2OFFZ7G3ON4DNOG36QM.jpg|https://media.getedealer.com/w_1280,h_960,q_90,c_l,v1/inventory/3OXZMOON7FARTLP7UAZSJJBSWU.jpg|https://media.getedealer.com/w_1280,h_960,q_90,c_l,v1/inventory/3F6N7RGCQFENZNOE5YYG47XF5E.jpg|https://media.getedealer.com/w_1280,h_960,q_90,c_l,v1/inventory/RA55LAKFWNHQNPCLJ4WSVTLCEQ.jpg|https://media.getedealer.com/w_1280,h_960,q_90,c_l,v1/inventory/D5YRFKKIJNGD3CLGUWUTELC7JM.jpg|https://media.getedealer.com/w_1280,h_960,q_90,c_l,v1/inventory/KTPWBXCX4JFAFOO442IKREWCFE.jpg|https://media.getedealer.com/w_1280,h_960,q_90,c_l,v1/inventory/GV2AVNHNJNHFRP6AIXHSUS2DIM.jpg|https://media.getedealer.com/w_1280,h_960,q_90,c_l,v1/inventory/PTZDF3PFEZAVNCS6PRK3RSDHJY.jpg|https://media.getedealer.com/w_1280,h_960,q_90,c_l,v1/inventory/T6Z7NAYK6FDNNDJZWGW3J5MBPM.jpg|https://media.getedealer.com/w_1280,h_960,q_90,c_l,v1/inventory/LVZTOA36UFBLBB7Y2ZRAQQ77PM.jpg|https://media.getedealer.com/w_1280,h_960,q_90,c_l,v1/inventory/6HF4PCO2OREVFJ5CGDC3QBKY5Q.jpg|https://media.getedealer.com/w_1280,h_960,q_90,c_l,v1/inventory/ZCLHHHHDAJGINDW2EKEZTITS4I.jpg|https://media.getedealer.com/w_1280,h_960,q_90,c_l,v1/inventory/FXVE75DFNFGYZCF73VUL3SZP7I.jpg|https://media.getedealer.com/w_1280,h_960,q_90,c_l,v1/inventory/XNDZX2UNDZBUXDNI2F4I2KDRJA.jpg|https://media.getedealer.com/w_1280,h_960,q_90,c_l,v1/inventory/2NF3CA362VGGPHMU6SLJHTUE2M.jpg|https://media.getedealer.com/w_1280,h_960,q_90,c_l,v1/inventory/H37CNW62HJAV7DKFUW2YORJGD4.jpg",10-03-2025 08:05,FALSE
g5JXS7yzTf2T0qDda8dM5A,CHILLIWACK MITSUBISHI,,+1 672-784-5040,45510 Yale Rd,Chilliwack,BC,V2P 2M9,49.151131,-121.963743,xCJCr3PdQP27QLkgdvjV4Q,1G1ZD5ST0NF115792,NA115792,USED,2022,Chevrolet,Malibu,LT,4dr Sdn LT,25750,74303,Sedan,Brown,Black,4,,Automatic,FWD,1.5,4,Gasoline,,Air Conditioning|Alloy Wheels|Backup Camera|Bluetooth Connection|Brake Assist|Cruise Control|Keyless Entry|Power Seats|Power Windows|Remote Start|Satellite Radio|Smart Device Integration|Wi-Fi Hotspot,"https://media.getedealer.com/w_1280,h_960,q_90,c_l,v1/inventory/4Y3OLH2W75HG7FVEARFWSB67KI.jpg|https://media.getedealer.com/w_1280,h_960,q_90,c_l,v1/inventory/P3Q6656QOJECLHASLLKXWULTHY.jpg|https://media.getedealer.com/w_1280,h_960,q_90,c_l,v1/inventory/ITOAVASKKVG6BMFYIWYFQ4EJ4A.jpg|https://media.getedealer.com/w_1280,h_960,q_90,c_l,v1/inventory/VP3QCFDM6FGSBKME3OUYSXSDX4.jpg|https://media.getedealer.com/w_1280,h_960,q_90,c_l,v1/inventory/LUP3DCYK4JB7ZLTBKML5UKRHCE.jpg|https://media.getedealer.com/w_1280,h_960,q_90,c_l,v1/inventory/HLGBNTH5BNH4NNDQWGPWBHBLR4.jpg|https://media.getedealer.com/w_1280,h_960,q_90,c_l,v1/inventory/3RUFAFJK7JEWNPRBJZOPTVWJTU.jpg|https://media.getedealer.com/w_1280,h_960,q_90,c_l,v1/inventory/4EGY2VGM2JF7TOGWSDWNWOMTA4.jpg|https://media.getedealer.com/w_1280,h_960,q_90,c_l,v1/inventory/MBZYH2BOWFHIFMU4XMLGJXPGII.jpg|https://media.getedealer.com/w_1280,h_960,q_90,c_l,v1/inventory/MYDEJDLAEJATLMYTQQSMB35QKQ.jpg|https://media.getedealer.com/w_1280,h_960,q_90,c_l,v1/inventory/6GRARHJ6FFCY5JKZA3LAG7O5SU.jpg|https://media.getedealer.com/w_1280,h_960,q_90,c_l,v1/inventory/PR6MN4ZQOBHMBKGBIKT2EDXL3I.jpg|https://media.getedealer.com/w_1280,h_960,q_90,c_l,v1/inventory/BW3WASW4W5CFNK275N2QIVBG2A.jpg|https://media.getedealer.com/w_1280,h_960,q_90,c_l,v1/inventory/JGLF2X3MOJGMJO6NBRIKH7HQ5Y.jpg|https://media.getedealer.com/w_1280,h_960,q_90,c_l,v1/inventory/WXHDGFMFRZDQJH3JJTQPZFTTVI.jpg|https://media.getedealer.com/w_1280,h_960,q_90,c_l,v1/inventory/7DW76QF3GJDWFNINF5RIAZ7PYQ.jpg|https://media.getedealer.com/w_1280,h_960,q_90,c_l,v1/inventory/7MHJRHV23FDZTATFQEVUCXHFVI.jpg|https://media.getedealer.com/w_1280,h_960,q_90,c_l,v1/inventory/KNGWWX53RNBWRD3U26QAGDPAAY.jpg|https://media.getedealer.com/w_1280,h_960,q_90,c_l,v1/inventory/SX62QC2HYNEMHMQYJVWPYQNHFE.jpg|https://media.getedealer.com/w_1280,h_960,q_90,c_l,v1/inventory/SQRWQEKURZBS7JSCANC3SPZYNY.jpg|https://media.getedealer.com/w_1280,h_960,q_90,c_l,v1/inventory/2BIWLLUN2FDYZLCK57HOH455IM.jpg|https://media.getedealer.com/w_1280,h_960,q_90,c_l,v1/inventory/C72HOPNRGNBGRKI47V3FMYZXME.jpg|https://media.getedealer.com/w_1280,h_960,q_90,c_l,v1/inventory/NIII64QNZNCDZDYYC3PDXJZRZM.jpg|https://media.getedealer.com/w_1280,h_960,q_90,c_l,v1/inventory/E5KW63I6SBCQ5GEXYY72FQ472E.jpg",10-02-2025 08:12,FALSE
g5JXS7yzTf2T0qDda8dM5A,CHILLIWACK MITSUBISHI,,+1 672-784-5040,45510 Yale Rd,Chilliwack,BC,V2P 2M9,49.151131,-121.963743,xNyoSYwfSw6nBnH7eAj93g,JA4T5VA99SZ603384,VA603384,USED,2025,Mitsubishi,Outlander Plug-In Hybrid,SEL,SEL S-AWC,55300,556,SUV,Black,,4,,Automatic,4Ã—4,2.4,4,Gasoline / Electric Hybrid,,Air Conditioning|Alloy Wheels|Backup Camera|Bluetooth Connection|Brake Assist|Cruise Control|Heated Seats|Keyless Entry|Lane Assist|Parking Sensors|Power Windows|Satellite Radio|Smart Device Integration|Sunroof / Moonroof,"https://media.getedealer.com/w_1280,h_960,q_90,c_l,v1/inventory/EXCU4H6HDRE7HIG5K2VFBDTLVQ.jpg|https://media.getedealer.com/w_1280,h_960,q_90,c_l,v1/inventory/WZ4CIAWJPBBL5HOZ6QDTNNA3P4.jpg|https://media.getedealer.com/w_1280,h_960,q_90,c_l,v1/inventory/LPRFMQH3TVHIZCXWIA244JGXVM.jpg|https://media.getedealer.com/w_1280,h_960,q_90,c_l,v1/inventory/XHA7TW5T7ZADHGGC2EUKQF5LQA.jpg|https://media.getedealer.com/w_1280,h_960,q_90,c_l,v1/inventory/KMWZE3RVBJEYRNU5NMKKV6SJ6M.jpg|https://media.getedealer.com/w_1280,h_960,q_90,c_l,v1/inventory/7AZPJN6F55E7HPOX3RTTEPOHXU.jpg|https://media.getedealer.com/w_1280,h_960,q_90,c_l,v1/inventory/RP5AVPR6ANFVBJOVV3HEXYI6UM.jpg|https://media.getedealer.com/w_1280,h_960,q_90,c_l,v1/inventory/ZQOPVVR5GJEORLZXMAQQKBVUJY.jpg|https://media.getedealer.com/w_1280,h_960,q_90,c_l,v1/inventory/OMIBHKOLDFHDLLDESQZNOEBK64.jpg|https://media.getedealer.com/w_1280,h_960,q_90,c_l,v1/inventory/NABHYXDDHVES3LNEKGZQWB26XY.jpg|https://media.getedealer.com/w_1280,h_960,q_90,c_l,v1/inventory/7XKXSXO4IFB5HOUWHJFGDKCDXE.jpg|https://media.getedealer.com/w_1280,h_960,q_90,c_l,v1/inventory/SETUL4Y2YVG63FG6D7JU3RX3DI.jpg|https://media.getedealer.com/w_1280,h_960,q_90,c_l,v1/inventory/ST72S3SACRCTJBQEDK6NNBWI7A.jpg|https://media.getedealer.com/w_1280,h_960,q_90,c_l,v1/inventory/UHR3VENPWRG6VMYFQB2W3S2YRQ.jpg|https://media.getedealer.com/w_1280,h_960,q_90,c_l,v1/inventory/WFEXQH77XBD3LOZ7PW3FUOVRPQ.jpg|https://media.getedealer.com/w_1280,h_960,q_90,c_l,v1/inventory/FS7PNW7ILNDEXABUOSZ7AVRD5A.jpg|https://media.getedealer.com/w_1280,h_960,q_90,c_l,v1/inventory/LUFVMBSU3RBBDNXSJP3RZE5RK4.jpg|https://media.getedealer.com/w_1280,h_960,q_90,c_l,v1/inventory/V4V2GZW4EBFE7M5HAFKCMSGBRA.jpg|https://media.getedealer.com/w_1280,h_960,q_90,c_l,v1/inventory/J52Q66V6IVD6VHVKT6ITKXVPX4.jpg|https://media.getedealer.com/w_1280,h_960,q_90,c_l,v1/inventory/4CIWXVO5FVHHDOIHKD4QW4EVCE.jpg|https://media.getedealer.com/w_1280,h_960,q_90,c_l,v1/inventory/SXHQPQFGS5ETPHDYYBR6WUQ3WI.jpg|https://media.getedealer.com/w_1280,h_960,q_90,c_l,v1/inventory/QSCNEGBZIJAWZMPAERIQZHQAW4.jpg|https://media.getedealer.com/w_1280,h_960,q_90,c_l,v1/inventory/VCSYITI5BVDN5O5WTM7AUVAF74.jpg|https://media.getedealer.com/w_1280,h_960,q_90,c_l,v1/inventory/5YNQYKC7WFEWNIPEBVR6WI4XEM.jpg",10-02-2025 08:15,FALSE
g5JXS7yzTf2T0qDda8dM5A,CHILLIWACK MITSUBISHI,,+1 672-784-5040,45510 Yale Rd,Chilliwack,BC,V2P 2M9,49.151131,-121.963743,xavLoPbMSUKtQrudgvf40g,3C4PDCAB2HT512054,NA512054,USED,2017,Dodge,Journey,Canada Value Pkg,4dr Canada Value Pkg,13600,105361,SUV,Silver,Black,4,,Automatic,FWD,2.4,4,Gasoline,,Air Conditioning|Brake Assist|Cruise Control|Keyless Entry|Power Windows,"https://media.getedealer.com/w_1280,h_960,q_90,c_l,v1/inventory/IFSRVWSI4VBGTLZGTLLNVTDZBI.jpg|https://media.getedealer.com/w_1280,h_960,q_90,c_l,v1/inventory/TBP3DF432BBLTNZYWR7K6QCVDY.jpg|https://media.getedealer.com/w_1280,h_960,q_90,c_l,v1/inventory/HTOI3Q3ZSBHJDBCXQIQJL3WAPY.jpg|https://media.getedealer.com/w_1280,h_960,q_90,c_l,v1/inventory/K7CGZQADWFDJZM43N2IAY4TMKA.jpg|https://media.getedealer.com/w_1280,h_960,q_90,c_l,v1/inventory/YITMIFFFQRHFHC7FTZFR2CJ5BI.jpg|https://media.getedealer.com/w_1280,h_960,q_90,c_l,v1/inventory/ARJQKRLQPFCN5MNFNE6G3JO3IQ.jpg|https://media.getedealer.com/w_1280,h_960,q_90,c_l,v1/inventory/QOVR6SGMAJH5NLM2PR7ZHILIII.jpg|https://media.getedealer.com/w_1280,h_960,q_90,c_l,v1/inventory/SDOFTOJTVRHFXMXGW4DGAKVR5A.jpg|https://media.getedealer.com/w_1280,h_960,q_90,c_l,v1/inventory/ZYPI6E52YVDULCGXMCH3P54Y24.jpg|https://media.getedealer.com/w_1280,h_960,q_90,c_l,v1/inventory/77KMYPQN3VBFZDXQBVVOWOBE34.jpg|https://media.getedealer.com/w_1280,h_960,q_90,c_l,v1/inventory/LCNOFYXBDREITNPQ2JDAQAF4IA.jpg|https://media.getedealer.com/w_1280,h_960,q_90,c_l,v1/inventory/MGFKIEIYCVFJZGBSJ6MZD3WAXM.jpg|https://media.getedealer.com/w_1280,h_960,q_90,c_l,v1/inventory/GYWL5VKWTFBURG276DDL3ZVKCA.jpg|https://media.getedealer.com/w_1280,h_960,q_90,c_l,v1/inventory/MBON4SARGZELDJSK3ZE6HWIRT4.jpg|https://media.getedealer.com/w_1280,h_960,q_90,c_l,v1/inventory/4KRREU7E2FHXFCHNSWL3NMFXNA.jpg|https://media.getedealer.com/w_1280,h_960,q_90,c_l,v1/inventory/4SUJ354SUZDIJJCGNQRPDUD2EE.jpg|https://media.getedealer.com/w_1280,h_960,q_90,c_l,v1/inventory/GTKLGHQUNVCLPMINZGNZZWLW6Y.jpg|https://media.getedealer.com/w_1280,h_960,q_90,c_l,v1/inventory/XZGGV5MHOVC7TGRSDAYBZEKQDE.jpg|https://media.getedealer.com/w_1280,h_960,q_90,c_l,v1/inventory/ZQ7622KHBJBTXMY7ZG74KKP5OM.jpg|https://media.getedealer.com/w_1280,h_960,q_90,c_l,v1/inventory/IYK7WSUGINBDRPI7KQV6NMGH7A.jpg|https://media.getedealer.com/w_1280,h_960,q_90,c_l,v1/inventory/YZ2TWO4I6NCHPBTVESMEL6WCVE.jpg|https://media.getedealer.com/w_1280,h_960,q_90,c_l,v1/inventory/7QM5C4VPNBCKXL4LTYVC4CN5Q4.jpg",10-02-2025 08:13,FALSE
g5JXS7yzTf2T0qDda8dM5A,CHILLIWACK MITSUBISHI,,+1 672-784-5040,45510 Yale Rd,Chilliwack,BC,V2P 2M9,49.151131,-121.963743,xxzZOrePSjWSjOANM4oibw,2C3AH76V41H629450,UU629450,USED,2001,Chrysler,Intrepid,R/T,4dr Sdn R/T,2950,332937,Sedan,,,4,,Automatic,FWD,3.5,6,Gasoline,,Air Conditioning|Alloy Wheels|Cruise Control|Power Windows,"https://media.getedealer.com/w_1280,h_960,q_90,c_l,v1/inventory/HDALMPK56VCGNJGUH76YWDRJ6I.jpg|https://media.getedealer.com/w_1280,h_960,q_90,c_l,v1/inventory/MBWTRIVWBNEJTOMUNA7B7PPSQA.jpg|https://media.getedealer.com/w_1280,h_960,q_90,c_l,v1/inventory/YT76TEVWJBHM5GPVCB7ZUQIOFE.jpg|https://media.getedealer.com/w_1280,h_960,q_90,c_l,v1/inventory/NT7OFFUVBRB53DMJ2RP27VZBKQ.jpg|https://media.getedealer.com/w_1280,h_960,q_90,c_l,v1/inventory/ZMNDHCU66JA4BJEF6Q7UUBJYOA.jpg|https://media.getedealer.com/w_1280,h_960,q_90,c_l,v1/inventory/YJSJHBUCJNBFLA7FQIMBXXISI4.jpg|https://media.getedealer.com/w_1280,h_960,q_90,c_l,v1/inventory/TJFXMQAFM5E3LNCJJEEQOS5KSY.jpg|https://media.getedealer.com/w_1280,h_960,q_90,c_l,v1/inventory/NH5CFN3NBBDY7BXPRCDKBCL7TI.jpg|https://media.getedealer.com/w_1280,h_960,q_90,c_l,v1/inventory/45YJIGZ7N5FZRD7NUWB3GTCFZI.jpg|https://media.getedealer.com/w_1280,h_960,q_90,c_l,v1/inventory/PSEPROIPQNBMBCCZTLVNCKT3EI.jpg|https://media.getedealer.com/w_1280,h_960,q_90,c_l,v1/inventory/KM3I4GX5XZGYHAEVPU6LXF5TAI.jpg|https://media.getedealer.com/w_1280,h_960,q_90,c_l,v1/inventory/QLVTKW2ZURFGTJZRDPY6KHTSQI.jpg|https://media.getedealer.com/w_1280,h_960,q_90,c_l,v1/inventory/ZU5ZK7HAHVGX3D5Q4OS7ETV3EU.jpg|https://media.getedealer.com/w_1280,h_960,q_90,c_l,v1/inventory/ARQKBU4ONFDSZA3KJFANIHC42U.jpg|https://media.getedealer.com/w_1280,h_960,q_90,c_l,v1/inventory/FO5IYQYLD5HQTLR6IXJP5VFIR4.jpg|https://media.getedealer.com/w_1280,h_960,q_90,c_l,v1/inventory/HWVZ5KX53NH3BIIB7PO6WFF3BA.jpg|https://media.getedealer.com/w_1280,h_960,q_90,c_l,v1/inventory/BOWNQFACEFHLFHNEUBD27JOOME.jpg|https://media.getedealer.com/w_1280,h_960,q_90,c_l,v1/inventory/DESDSLO34BHPXDEOBV4QFHHEOQ.jpg|https://media.getedealer.com/w_1280,h_960,q_90,c_l,v1/inventory/YSPBQFUC55D4XBL3KHAAJV75B4.jpg|https://media.getedealer.com/w_1280,h_960,q_90,c_l,v1/inventory/CIL2RFHKTBB6DCQCTBPSDFQJAA.jpg|https://media.getedealer.com/w_1280,h_960,q_90,c_l,v1/inventory/XYX2GU65VVHGJEGQIAXI6X6SQQ.jpg|https://media.getedealer.com/w_1280,h_960,q_90,c_l,v1/inventory/CKY3BIQNZ5BNPN7SN6QJ3ZZIE4.jpg",10-02-2025 08:13,FALSE
g5JXS7yzTf2T0qDda8dM5A,CHILLIWACK MITSUBISHI,,+1 672-784-5040,45510 Yale Rd,Chilliwack,BC,V2P 2M9,49.151131,-121.963743,y4QCXLPcQwSLvfX7YeeI1g,1C4RJFCG4MC827410,NA827410,USED,2021,Jeep,Grand Cherokee,Overland,Overland 4x4,41950,36590,SUV,White,Black,4,,Automatic,4Ã—4,3.6,6,Gasoline,,Air Conditioning|Alloy Wheels|Backup Camera|Bluetooth Connection|Brake Assist|Cooled Seats|Cruise Control|Heated Seats|Keyless Entry|Lane Assist|Leather Seats|Navigation System|Parking Sensors|Power Seats|Power Windows|Remote Start|Satellite Radio|Smart Device Integration|Sunroof / Moonroof|Wi-Fi Hotspot,"https://media.getedealer.com/w_1280,h_960,q_90,c_l,v1/inventory/C6LKLCSNHVBN7I3AAXTUOX2SQI.jpg|https://media.getedealer.com/w_1280,h_960,q_90,c_l,v1/inventory/6JCPSDM5TBABNEBA56OMS2AEVY.jpg|https://media.getedealer.com/w_1280,h_960,q_90,c_l,v1/inventory/IBAT6LGBZJHVJMBGE7HSCDKBPM.jpg|https://media.getedealer.com/w_1280,h_960,q_90,c_l,v1/inventory/TK3LXHDDLBHO5CCJA3H6P3ZWSY.jpg|https://media.getedealer.com/w_1280,h_960,q_90,c_l,v1/inventory/VGKENWMMBRHXLDRT4OF4LBTMNQ.jpg|https://media.getedealer.com/w_1280,h_960,q_90,c_l,v1/inventory/FMREATP2DFHGXIDLLNQFCJQPP4.jpg|https://media.getedealer.com/w_1280,h_960,q_90,c_l,v1/inventory/CUYMVK42BVCRPOERSJZH3EWYOI.jpg|https://media.getedealer.com/w_1280,h_960,q_90,c_l,v1/inventory/VNC3OOUZ6JDNHNPKYOSESMLRHQ.jpg|https://media.getedealer.com/w_1280,h_960,q_90,c_l,v1/inventory/7YJ46AWZRVDNPCAT4CL7MAHNFE.jpg|https://media.getedealer.com/w_1280,h_960,q_90,c_l,v1/inventory/V27XIV4CGVA25KHZZDS2VV2AK4.jpg|https://media.getedealer.com/w_1280,h_960,q_90,c_l,v1/inventory/MHLYUQULXFBADL24DTUDTUUREM.jpg|https://media.getedealer.com/w_1280,h_960,q_90,c_l,v1/inventory/FZLVHVBD6NE5TMSGNHPVV57VOQ.jpg|https://media.getedealer.com/w_1280,h_960,q_90,c_l,v1/inventory/XC6YCAK6FFFMJDRLIDLQ6D6ZXM.jpg|https://media.getedealer.com/w_1280,h_960,q_90,c_l,v1/inventory/RXDMHA56JZFM5L2ULLNTR4AQ3A.jpg|https://media.getedealer.com/w_1280,h_960,q_90,c_l,v1/inventory/KAKLRCJCZBBHTFZENWQM5SPC54.jpg|https://media.getedealer.com/w_1280,h_960,q_90,c_l,v1/inventory/ZDC3VPMHMJEM3OXNWXMMCDXWU4.jpg|https://media.getedealer.com/w_1280,h_960,q_90,c_l,v1/inventory/TFEWTJEDLZES7KH546JLEK7JPA.jpg|https://media.getedealer.com/w_1280,h_960,q_90,c_l,v1/inventory/FEPGFHOOH5FV3FNW4FF7PAXDII.jpg|https://media.getedealer.com/w_1280,h_960,q_90,c_l,v1/inventory/ME2LT2C5KZBEXD72NGESEKBYRU.jpg|https://media.getedealer.com/w_1280,h_960,q_90,c_l,v1/inventory/INJ3QZNLMNH2VAWRG5UFZO3DFM.jpg|https://media.getedealer.com/w_1280,h_960,q_90,c_l,v1/inventory/UJ3RWLY3U5DKHKKTTC32RPKY5A.jpg|https://media.getedealer.com/w_1280,h_960,q_90,c_l,v1/inventory/6TXRXEJAFVESVGK3V4QPLHOIPA.jpg|https://media.getedealer.com/w_1280,h_960,q_90,c_l,v1/inventory/JJJCIRNETFHN7L3EEQXCVO5QGA.jpg|https://media.getedealer.com/w_1280,h_960,q_90,c_l,v1/inventory/E2DJKMMDFBFS3NWGUVYQI6WJZ4.jpg",10-02-2025 08:12,FALSE
g5JXS7yzTf2T0qDda8dM5A,CHILLIWACK MITSUBISHI,,+1 672-784-5040,45510 Yale Rd,Chilliwack,BC,V2P 2M9,49.151131,-121.963743,ysP3YheGR0OXDnpEVzIucw,1C6JJTEG3NL167426,VA167426,USED,2022,Jeep,Gladiator,Mojave,Mojave 4x4,53850,47000,Truck,Gray,,4,,,4Ã—4,3.6,6,Gasoline,,Air Conditioning|Alloy Wheels|Backup Camera|Bluetooth Connection|Brake Assist|Cruise Control|Keyless Entry|Navigation System|Power Windows|Satellite Radio|Smart Device Integration,"https://media.getedealer.com/w_1280,h_960,q_90,c_l,v1/inventory/CJMC2N7SWNGWFPG2GJYUY5YINE.jpg|https://media.getedealer.com/w_1280,h_960,q_90,c_l,v1/inventory/VJHHTQ3B3JDRDAYUYY237KGKEM.jpg|https://media.getedealer.com/w_1280,h_960,q_90,c_l,v1/inventory/RZ46TWQG3NALBLTIA2Z43G6EPY.jpg|https://media.getedealer.com/w_1280,h_960,q_90,c_l,v1/inventory/NDYDDWKTIVENFJQEGCHK2INFGE.jpg|https://media.getedealer.com/w_1280,h_960,q_90,c_l,v1/inventory/LA36XFNNWFBRFJA5SCTMYRMHNY.jpg|https://media.getedealer.com/w_1280,h_960,q_90,c_l,v1/inventory/T5QLB2SLQ5HTRENPBPXGQ2GWNE.jpg|https://media.getedealer.com/w_1280,h_960,q_90,c_l,v1/inventory/GBV2DBHOQJFN7NKAWKWCF3F2FM.jpg|https://media.getedealer.com/w_1280,h_960,q_90,c_l,v1/inventory/XI7LEI7Z4BDKDJTJS4D4CSFYFI.jpg|https://media.getedealer.com/w_1280,h_960,q_90,c_l,v1/inventory/TPXOEU56GZBRPNU6LK4MEV7AQM.jpg|https://media.getedealer.com/w_1280,h_960,q_90,c_l,v1/inventory/QTQLTOU35BHUFNASGF7N2XTGHM.jpg|https://media.getedealer.com/w_1280,h_960,q_90,c_l,v1/inventory/XYFTHAWV45CYNFEOWIDDDSRUFY.jpg|https://media.getedealer.com/w_1280,h_960,q_90,c_l,v1/inventory/5KMQOYQBNRBFNFKJ2S42EYQ7IE.jpg|https://media.getedealer.com/w_1280,h_960,q_90,c_l,v1/inventory/Y3KQH4FK5RHVZG7EM4MLBOZD7U.jpg|https://media.getedealer.com/w_1280,h_960,q_90,c_l,v1/inventory/RA6SM24YLNDMJOGOQT3MFOSXTI.jpg|https://media.getedealer.com/w_1280,h_960,q_90,c_l,v1/inventory/KMBQL7ICYNGTPAIYGBDTPHC3H4.jpg|https://media.getedealer.com/w_1280,h_960,q_90,c_l,v1/inventory/PSYDREWOZZGRRDX53HYRAZG7Z4.jpg|https://media.getedealer.com/w_1280,h_960,q_90,c_l,v1/inventory/HWXQTBCLTJGZDDXMG3RMTIN4FY.jpg|https://media.getedealer.com/w_1280,h_960,q_90,c_l,v1/inventory/L6UCI5OU6RACTFPVZGFKRP227U.jpg|https://media.getedealer.com/w_1280,h_960,q_90,c_l,v1/inventory/7IEM42VF6NHS5LJD2XGXUNQIOA.jpg|https://media.getedealer.com/w_1280,h_960,q_90,c_l,v1/inventory/EQ5245Y4WFDVFJACHI3GMSBPH4.jpg|https://media.getedealer.com/w_1280,h_960,q_90,c_l,v1/inventory/URVZ6EBWKJE43KVGT5I2PEZZ4U.jpg|https://media.getedealer.com/w_1280,h_960,q_90,c_l,v1/inventory/XQ2FNNI6UZHPLOWTUH2X6MAR3M.jpg|https://media.getedealer.com/w_1280,h_960,q_90,c_l,v1/inventory/QU2OEY4B2VEJLGAU7SH5HUJKTY.jpg",11-05-2025 07:10,FALSE
g5JXS7yzTf2T0qDda8dM5A,CHILLIWACK MITSUBISHI,,+1 672-784-5040,45510 Yale Rd,Chilliwack,BC,V2P 2M9,49.151131,-121.963743,z1Bu0BGkSpOORUFVUDursg,JA4T5VA93SZ624165,MI624165,NEW,2025,Mitsubishi,Outlander Plug-In Hybrid,SEL,SEL S-AWC,52598,30,SUV,Red,,4,,Automatic,4Ã—4,2.4,4,Gasoline / Electric Hybrid,,Air Conditioning|Alloy Wheels|Backup Camera|Bluetooth Connection|Brake Assist|Cruise Control|Heated Seats|Keyless Entry|Lane Assist|Parking Sensors|Power Windows|Satellite Radio|Smart Device Integration|Sunroof / Moonroof,"https://media.getedealer.com/w_1280,h_960,q_90,c_l,v1/inventory/5GIGXTU3ZRFCLKICZ7JKUAEI7E.jpg|https://media.getedealer.com/w_1280,h_960,q_90,c_l,v1/inventory/TORKDNSA7VCZFGOTWBQ5VOUZ7Q.jpg|https://media.getedealer.com/w_1280,h_960,q_90,c_l,v1/inventory/CPRTFT656RDQDCLZPM7KRV7PRE.jpg|https://media.getedealer.com/w_1280,h_960,q_90,c_l,v1/inventory/P4CUHHPUOVHLNAMSNU7IXZLMLA.jpg|https://media.getedealer.com/w_1280,h_960,q_90,c_l,v1/inventory/HZMQJMQIF5HRXF7QTZTSXZXTCY.jpg|https://media.getedealer.com/w_1280,h_960,q_90,c_l,v1/inventory/GYBX6HLWZRAILP5HLTIUQLGBHM.jpg|https://media.getedealer.com/w_1280,h_960,q_90,c_l,v1/inventory/DGCYRB3LEJBOTODGJDKZIBFY7Q.jpg|https://media.getedealer.com/w_1280,h_960,q_90,c_l,v1/inventory/KHYAW6IRFZEUVIKAGPZMP5LK3A.jpg|https://media.getedealer.com/w_1280,h_960,q_90,c_l,v1/inventory/WOMNQPDNNVCKBNH24AOSLS5WGI.jpg|https://media.getedealer.com/w_1280,h_960,q_90,c_l,v1/inventory/EFXDGBIUNZCUPF5T7YQWLZHK7M.jpg|https://media.getedealer.com/w_1280,h_960,q_90,c_l,v1/inventory/T3574YMONVFCTMBZGV5LBXMS6Q.jpg|https://media.getedealer.com/w_1280,h_960,q_90,c_l,v1/inventory/UAQBWFRJYJEPDKVODIRVEKY67U.jpg|https://media.getedealer.com/w_1280,h_960,q_90,c_l,v1/inventory/FTLLZI6VHVHLRJ4V5RLDRMHMPU.jpg|https://media.getedealer.com/w_1280,h_960,q_90,c_l,v1/inventory/7UMPPHUFZBFLVG2NYSVVJCYUXU.jpg|https://media.getedealer.com/w_1280,h_960,q_90,c_l,v1/inventory/Y4BTZAPNFRHAJKGCKPXB7HGEO4.jpg|https://media.getedealer.com/w_1280,h_960,q_90,c_l,v1/inventory/JBXU3NIC25DLPPVZJJXAUGQVLM.jpg|https://media.getedealer.com/w_1280,h_960,q_90,c_l,v1/inventory/FBWSMNIQVREK3JFJ6VXMZ4N7BE.jpg|https://media.getedealer.com/w_1280,h_960,q_90,c_l,v1/inventory/M33BNWRI7ZEHHCHGGU6SAECN6E.jpg|https://media.getedealer.com/w_1280,h_960,q_90,c_l,v1/inventory/FJGWG3KDBNFGFGCZNMVGGD5CKI.jpg|https://media.getedealer.com/w_1280,h_960,q_90,c_l,v1/inventory/YRD45XTTBZHQFA3WO2UPOFFX3M.jpg|https://media.getedealer.com/w_1280,h_960,q_90,c_l,v1/inventory/H3WCPQ37INH33JBRNDQMJ3XYUI.jpg|https://media.getedealer.com/w_1280,h_960,q_90,c_l,v1/inventory/ELI72KSUGRBDHIQR3QSM7AGCKE.jpg|https://media.getedealer.com/w_1280,h_960,q_90,c_l,v1/inventory/HFVWOY35ARHXTMRRJ3NZKD5I5U.jpg|https://media.getedealer.com/w_1280,h_960,q_90,c_l,v1/inventory/WWM5Y6FAGBARNBYW3LZVX4E46E.jpg|https://media.getedealer.com/w_1280,h_960,q_90,c_l,v1/inventory/CLJQ6AZ4VRFGZA5NPMBMKV4V4U.jpg",10-02-2025 08:15,FALSE
g5JXS7yzTf2T0qDda8dM5A,CHILLIWACK MITSUBISHI,,+1 672-784-5040,45510 Yale Rd,Chilliwack,BC,V2P 2M9,49.151131,-121.963743,zGQiS5evRx61uL8Ruc0Jdw,JA4T5UA96SZ616765,MI616765,NEW,2025,Mitsubishi,Outlander Plug-In Hybrid,ES,ES S-AWC,45498,37,SUV,White,,4,,Automatic,4Ã—4,2.4,4,Gasoline / Electric Hybrid,,Air Conditioning|Alloy Wheels|Backup Camera|Bluetooth Connection|Brake Assist|Cruise Control|Heated Seats|Keyless Entry|Lane Assist|Parking Sensors|Power Windows|Satellite Radio|Smart Device Integration,"https://media.getedealer.com/w_1280,h_960,q_90,c_l,v1/inventory/5LJLIKJVUFA57DY4VI2IHV3VVE.jpg|https://media.getedealer.com/w_1280,h_960,q_90,c_l,v1/inventory/C6YYR4B3AZHMLAGU4WQMI66TYU.jpg|https://media.getedealer.com/w_1280,h_960,q_90,c_l,v1/inventory/267EYJDTC5GK5JQQABO3WMTWZY.jpg|https://media.getedealer.com/w_1280,h_960,q_90,c_l,v1/inventory/WFY6AHCNDRC4BNY47VZQLVALJ4.jpg|https://media.getedealer.com/w_1280,h_960,q_90,c_l,v1/inventory/YXMMPHYVRZF7VDJ5VIJIBMEHMA.jpg|https://media.getedealer.com/w_1280,h_960,q_90,c_l,v1/inventory/5OWFPNWJ5VFZDGDQFXVDZ2DW64.jpg|https://media.getedealer.com/w_1280,h_960,q_90,c_l,v1/inventory/BYEXSDGUMBDUFCPFE2RLCE4F4U.jpg|https://media.getedealer.com/w_1280,h_960,q_90,c_l,v1/inventory/FB7CGDH64ZBCZN44C3NQY6THQY.jpg|https://media.getedealer.com/w_1280,h_960,q_90,c_l,v1/inventory/EIROAISBGZEAVB474NFXS3TRTU.jpg|https://media.getedealer.com/w_1280,h_960,q_90,c_l,v1/inventory/XPFHM5AJZVDNJKBWZEMOYCXFCM.jpg|https://media.getedealer.com/w_1280,h_960,q_90,c_l,v1/inventory/6CUZNYP2FNDLLD2RPCEVI2BNLA.jpg|https://media.getedealer.com/w_1280,h_960,q_90,c_l,v1/inventory/JAUWCP2KX5ENRFT5YGLMJXL4FE.jpg|https://media.getedealer.com/w_1280,h_960,q_90,c_l,v1/inventory/PMKXZGKHJVFEXKFMLWRHHAIGYQ.jpg|https://media.getedealer.com/w_1280,h_960,q_90,c_l,v1/inventory/O2IO2ERCQFE7JG6LYFPQG7NP5I.jpg|https://media.getedealer.com/w_1280,h_960,q_90,c_l,v1/inventory/O2HQLCMFJNCOFBEBKNZQETKWGI.jpg|https://media.getedealer.com/w_1280,h_960,q_90,c_l,v1/inventory/JZ5QK56EI5AU3CJ6HRCIDOXJVU.jpg|https://media.getedealer.com/w_1280,h_960,q_90,c_l,v1/inventory/KRJWH6SNSVDRTKYWWS2QBKNNHQ.jpg|https://media.getedealer.com/w_1280,h_960,q_90,c_l,v1/inventory/GZ2VV43UP5H2TIODF35OFKXX3Q.jpg|https://media.getedealer.com/w_1280,h_960,q_90,c_l,v1/inventory/WBHJ5H5CMZEVDEXKJR44EOXOOY.jpg|https://media.getedealer.com/w_1280,h_960,q_90,c_l,v1/inventory/2OWSDCTTQJH2ZMZBAW553DZ5JM.jpg|https://media.getedealer.com/w_1280,h_960,q_90,c_l,v1/inventory/AUZLQQFX55FDRIWFYCUBJ42SCU.jpg|https://media.getedealer.com/w_1280,h_960,q_90,c_l,v1/inventory/BONHZ2XRBFFOZJLOBWAGM72W5E.jpg|https://media.getedealer.com/w_1280,h_960,q_90,c_l,v1/inventory/PDJJ4QPSXJHARPKGC4CZPC7LE4.jpg|https://media.getedealer.com/w_1280,h_960,q_90,c_l,v1/inventory/X5SPEOLH5ZG5BOPIGEPC2MHPOE.jpg",10-02-2025 08:15,FALSE
g5JXS7yzTf2T0qDda8dM5A,CHILLIWACK MITSUBISHI,,+1 672-784-5040,45510 Yale Rd,Chilliwack,BC,V2P 2M9,49.151131,-121.963743,zS62lXFyTUSR4FL2O5Yhxg,JA4J4VA86SZ614621,MI614621,NEW,2025,Mitsubishi,Outlander,SEL,SEL S-AWC,45798,44,SUV,Gray,,4,,Automatic,4Ã—4,2.5,4,Gasoline,,Air Conditioning|Alloy Wheels|Backup Camera|Bluetooth Connection|Brake Assist|Cruise Control|Heated Seats|Keyless Entry|Lane Assist|Parking Sensors|Power Windows|Satellite Radio|Smart Device Integration|Sunroof / Moonroof,"https://media.getedealer.com/w_1280,h_960,q_90,c_l,v1/inventory/3JBBBHK2SNEFROOXKUMWOR526E.jpg|https://media.getedealer.com/w_1280,h_960,q_90,c_l,v1/inventory/7Z7JCULNTFCKBLDLFXQJPUAW7Y.jpg|https://media.getedealer.com/w_1280,h_960,q_90,c_l,v1/inventory/NOARDAPC5NGG3GJU4UZZ2OGAEM.jpg|https://media.getedealer.com/w_1280,h_960,q_90,c_l,v1/inventory/HL2ES4GRBVBBBBRCR4YJHCUPSM.jpg|https://media.getedealer.com/w_1280,h_960,q_90,c_l,v1/inventory/MQHLSIXNUJADVADMJEF2KJPCTQ.jpg|https://media.getedealer.com/w_1280,h_960,q_90,c_l,v1/inventory/GIT42HQU5BAOXD6H3Z5MHTSIHY.jpg|https://media.getedealer.com/w_1280,h_960,q_90,c_l,v1/inventory/E36TVUIESVG45BQ74KMBPP545U.jpg|https://media.getedealer.com/w_1280,h_960,q_90,c_l,v1/inventory/R26M3W746FDDFE5VFMSC2S5OMY.jpg|https://media.getedealer.com/w_1280,h_960,q_90,c_l,v1/inventory/OKUIFOZAMJDQZJOR5OSKAJE3YA.jpg|https://media.getedealer.com/w_1280,h_960,q_90,c_l,v1/inventory/QI57452LHVDKNGEM3XYIFLBASE.jpg|https://media.getedealer.com/w_1280,h_960,q_90,c_l,v1/inventory/FKLTBQB6GVCWDEPCYH2AXNQOJ4.jpg|https://media.getedealer.com/w_1280,h_960,q_90,c_l,v1/inventory/2ELWCG6HYZGVTFF5ONPKWVPMVU.jpg|https://media.getedealer.com/w_1280,h_960,q_90,c_l,v1/inventory/T5UJMZOKENHOVOBNXHBS45P7ZQ.jpg|https://media.getedealer.com/w_1280,h_960,q_90,c_l,v1/inventory/ZUHQ6XALBVDZJOWBHNU4M5YCGA.jpg|https://media.getedealer.com/w_1280,h_960,q_90,c_l,v1/inventory/LLXWHKRMMBFHHC2DTBECDD7DNE.jpg|https://media.getedealer.com/w_1280,h_960,q_90,c_l,v1/inventory/X7IUG7JS4BDFZEGNIP5IC5F2J4.jpg|https://media.getedealer.com/w_1280,h_960,q_90,c_l,v1/inventory/N7OHSDCYHNHYLBGNMEKIQSHWCA.jpg|https://media.getedealer.com/w_1280,h_960,q_90,c_l,v1/inventory/G5Q3MLWXYVER3C6DN6HWV242W4.jpg|https://media.getedealer.com/w_1280,h_960,q_90,c_l,v1/inventory/WQDQU6O7CBGTTFYZLUIQ3LDMRY.jpg|https://media.getedealer.com/w_1280,h_960,q_90,c_l,v1/inventory/BNEFCL6Z5FHO5NRLWPJU3FMWLY.jpg|https://media.getedealer.com/w_1280,h_960,q_90,c_l,v1/inventory/ASUWI7ZOSVHBJKPTMG5XOOLEY4.jpg|https://media.getedealer.com/w_1280,h_960,q_90,c_l,v1/inventory/JH36RHV6MVGMZJID4CX4POIOWE.jpg|https://media.getedealer.com/w_1280,h_960,q_90,c_l,v1/inventory/PWYE7TUUNVG2TN3PUVMNFDIBGM.jpg|https://media.getedealer.com/w_1280,h_960,q_90,c_l,v1/inventory/AI3FXQY4SVBLRGUX2KCNAQOASI.jpg",10-02-2025 08:14,FALSE
g5JXS7yzTf2T0qDda8dM5A,CHILLIWACK MITSUBISHI,,+1 672-784-5040,45510 Yale Rd,Chilliwack,BC,V2P 2M9,49.151131,-121.963743,zbFCNQH3QQex3l2erZBaKQ,19XFL1H86PE402205,NA402205,USED,2023,Honda,Civic Hatchback,Sport-B,Sport-B CVT Hatchback,33000,17100,Sedan,,,4,,Automatic,FWD,1.5,4,Gasoline,,Air Conditioning|Alloy Wheels|Backup Camera|Bluetooth Connection|Brake Assist|Cruise Control|Heated Seats|Keyless Entry|Lane Assist|Power Windows|Remote Start|Smart Device Integration|Sunroof / Moonroof,"https://media.getedealer.com/w_1280,h_960,q_90,c_l,v1/inventory/GDJDKYASBFC3ZMQAODEWNWMRMQ.jpg|https://media.getedealer.com/w_1280,h_960,q_90,c_l,v1/inventory/KWSTPB6UZRESJCU3MWAEOHMATU.jpg|https://media.getedealer.com/w_1280,h_960,q_90,c_l,v1/inventory/4K3L5IHLLNBYFCNGQUCXOZVWBU.jpg|https://media.getedealer.com/w_1280,h_960,q_90,c_l,v1/inventory/FS5WK3OXFVF4VBKDNG2ILFDQ2E.jpg|https://media.getedealer.com/w_1280,h_960,q_90,c_l,v1/inventory/SU6JTM5UFJB3RARSKXAF7TW76M.jpg|https://media.getedealer.com/w_1280,h_960,q_90,c_l,v1/inventory/WHK5PXAXORHURGCWVLOY4VQCQ4.jpg|https://media.getedealer.com/w_1280,h_960,q_90,c_l,v1/inventory/Q6C4KHFRFJHSRD74VBIHH7X7IE.jpg|https://media.getedealer.com/w_1280,h_960,q_90,c_l,v1/inventory/NIPZEEJAWRGPTE6C6DSDFMK2WI.jpg|https://media.getedealer.com/w_1280,h_960,q_90,c_l,v1/inventory/A2UCLHYRYFH2TPUZ7DWL74QGEU.jpg|https://media.getedealer.com/w_1280,h_960,q_90,c_l,v1/inventory/7X4WLSM7QFHFBESCS7YI4U4W5I.jpg|https://media.getedealer.com/w_1280,h_960,q_90,c_l,v1/inventory/G53KUMHK3VCLJJLQBHCKMM6SOU.jpg|https://media.getedealer.com/w_1280,h_960,q_90,c_l,v1/inventory/PIQVU2QGABGCLAGYSAAA7SKWWE.jpg|https://media.getedealer.com/w_1280,h_960,q_90,c_l,v1/inventory/4OCHHUR5WJHANKNDXVZBASNF2M.jpg|https://media.getedealer.com/w_1280,h_960,q_90,c_l,v1/inventory/TZ4NEWMX7FASBI2K33RZNLHML4.jpg|https://media.getedealer.com/w_1280,h_960,q_90,c_l,v1/inventory/BMD5HZU4XBHTJKAYQFFILAOFWY.jpg|https://media.getedealer.com/w_1280,h_960,q_90,c_l,v1/inventory/DRO7B7LD6VDHHODKWEZOZOBZPY.jpg|https://media.getedealer.com/w_1280,h_960,q_90,c_l,v1/inventory/E263LTNAU5H7RFIEEHYXNPEAKU.jpg|https://media.getedealer.com/w_1280,h_960,q_90,c_l,v1/inventory/AXLXR44JFFEHLAGDARWKSTD5JA.jpg|https://media.getedealer.com/w_1280,h_960,q_90,c_l,v1/inventory/YR76WLQBAJDT7DB7YUWV6AC3J4.jpg|https://media.getedealer.com/w_1280,h_960,q_90,c_l,v1/inventory/I5ICYSBR3NAXZDQHYT4YHOLXLQ.jpg|https://media.getedealer.com/w_1280,h_960,q_90,c_l,v1/inventory/K4LP47TMSJBVLMYMXNZXUJNB3I.jpg|https://media.getedealer.com/w_1280,h_960,q_90,c_l,v1/inventory/6E5CEQA2VZH7LB5IJOPF6RKVTM.jpg|https://media.getedealer.com/w_1280,h_960,q_90,c_l,v1/inventory/VGVPGI3ESFH6LIRC3Y2ZKJAMHY.jpg|https://media.getedealer.com/w_1280,h_960,q_90,c_l,v1/inventory/2AIYDQWJAZBVHNPBVYICRNLS6Y.jpg|https://media.getedealer.com/w_1280,h_960,q_90,c_l,v1/inventory/LSWHMHO3CJBMTLKJ4GBGUFMDEI.jpg",10-02-2025 08:12,FALSE
g5JXS7yzTf2T0qDda8dM5A,CHILLIWACK MITSUBISHI,,+1 672-784-5040,45510 Yale Rd,Chilliwack,BC,V2P 2M9,49.151131,-121.963743,zjGapZt9Q6qINcFhpkY97A,JA4JZ4AX2GZ608678,UU608678,USED,2016,Mitsubishi,Outlander,GT,AWC 4dr GT,11450,197158,SUV,Blue,,4,,Automatic,4Ã—4,3,6,Gasoline,,Air Conditioning|Alloy Wheels|Backup Camera|Bluetooth Connection|Brake Assist|Cruise Control|Heated Seats|Keyless Entry|Lane Assist|Leather Seats|Power Seats|Power Windows|Satellite Radio|Sunroof / Moonroof,"https://media.getedealer.com/w_1280,h_960,q_90,c_l,v1/inventory/2LLI4Y7XYNCNXIBGW6LOCVW6QQ.jpg|https://media.getedealer.com/w_1280,h_960,q_90,c_l,v1/inventory/PSWKEWOUMJBJRH3TCPJR4MIMOQ.jpg|https://media.getedealer.com/w_1280,h_960,q_90,c_l,v1/inventory/V3WEIIRLVZBQ5COJQO3VRGKQQI.jpg|https://media.getedealer.com/w_1280,h_960,q_90,c_l,v1/inventory/4DP36VGLRJA5HKE3EZYWOIERTM.jpg|https://media.getedealer.com/w_1280,h_960,q_90,c_l,v1/inventory/NZQ6EF4KXZDYFB3JC2OSSBGPHU.jpg|https://media.getedealer.com/w_1280,h_960,q_90,c_l,v1/inventory/TWWHDBKPVNFGXFYASH6UDEAJUA.jpg|https://media.getedealer.com/w_1280,h_960,q_90,c_l,v1/inventory/IACFK7YUPRGQFGSTQE5Q3STWWU.jpg|https://media.getedealer.com/w_1280,h_960,q_90,c_l,v1/inventory/JU2BMRJRXNDSBP4JD3KE7KQ53U.jpg|https://media.getedealer.com/w_1280,h_960,q_90,c_l,v1/inventory/7NZR6FTARRDH7DOYSTHJWDOUHE.jpg|https://media.getedealer.com/w_1280,h_960,q_90,c_l,v1/inventory/XVFRZ6B2CBGPDAPTG6LJZ7IDOE.jpg|https://media.getedealer.com/w_1280,h_960,q_90,c_l,v1/inventory/BBE55M5BRRGXZJHRCCGSX7SCZM.jpg|https://media.getedealer.com/w_1280,h_960,q_90,c_l,v1/inventory/TKZZGIVURFD53CFI7ACD5SSL44.jpg|https://media.getedealer.com/w_1280,h_960,q_90,c_l,v1/inventory/KGHM4WRIRZG5DCNDYVKBQWUOG4.jpg|https://media.getedealer.com/w_1280,h_960,q_90,c_l,v1/inventory/AQJSGUUSORBL5LCTI62EUJDOPA.jpg|https://media.getedealer.com/w_1280,h_960,q_90,c_l,v1/inventory/LYKVYCE4VJDKTHRJLFKBJMRZI4.jpg|https://media.getedealer.com/w_1280,h_960,q_90,c_l,v1/inventory/IHAK7OB4YNHR3MH5AI7CBSEHNU.jpg|https://media.getedealer.com/w_1280,h_960,q_90,c_l,v1/inventory/OBURNQO2WZALBGK7PUI47IY7XY.jpg|https://media.getedealer.com/w_1280,h_960,q_90,c_l,v1/inventory/JFXELCOMWFBMBL4KWRNLK73N3M.jpg|https://media.getedealer.com/w_1280,h_960,q_90,c_l,v1/inventory/RNSY3MUAN5DV5HUIGJC2SYQQVQ.jpg|https://media.getedealer.com/w_1280,h_960,q_90,c_l,v1/inventory/BS3DRJ7GZJA4LJFCDZX6GGMURQ.jpg|https://media.getedealer.com/w_1280,h_960,q_90,c_l,v1/inventory/4WO743Y24NFDLKPX4DM3A6RJFM.jpg|https://media.getedealer.com/w_1280,h_960,q_90,c_l,v1/inventory/FZNEAXOFRREG7MJQ3JBBJ3EM4I.jpg|https://media.getedealer.com/w_1280,h_960,q_90,c_l,v1/inventory/HJ65XCYXJVFZXGQ7QBQWVD47NI.jpg|https://media.getedealer.com/w_1280,h_960,q_90,c_l,v1/inventory/B5K5LSMR7FCZRO3FRQPZGCSWSM.jpg",11/20/2025 7:10:23,FALSE
g5JXS7yzTf2T0qDda8dM5A,CHILLIWACK MITSUBISHI,,+1 672-784-5040,45510 Yale Rd,Chilliwack,BC,V2P 2M9,49.151131,-121.963743,zzf9YTD0R4GQTcv33bJR8A,JA4T5WA9XSZ606168,MI606168,NEW,2025,Mitsubishi,Outlander Plug-In Hybrid,GT,GT S-AWC,54898,28,SUV,Gray,,4,,Automatic,4Ã—4,2.4,4,Gasoline / Electric Hybrid,,Air Conditioning|Alloy Wheels|Backup Camera|Bluetooth Connection|Brake Assist|Cruise Control|Heads Up Display|Heated Seats|Keyless Entry|Lane Assist|Leather Seats|Navigation System|Parking Sensors|Power Seats|Power Windows|Satellite Radio|Smart Device Integration|Sunroof / Moonroof,"https://media.getedealer.com/w_1280,h_960,q_90,c_l,v1/inventory/DKLZZWCBKJGJ3EUQ5VH6S4Q3VI.jpg|https://media.getedealer.com/w_1280,h_960,q_90,c_l,v1/inventory/BICLS4URGVAFJD7CG34KUFMRV4.jpg|https://media.getedealer.com/w_1280,h_960,q_90,c_l,v1/inventory/HMRJAG5NKFBQRE6NV5AHSGOWCE.jpg|https://media.getedealer.com/w_1280,h_960,q_90,c_l,v1/inventory/KC4I6I4UKRAS5FY5AB53MPFQOU.jpg|https://media.getedealer.com/w_1280,h_960,q_90,c_l,v1/inventory/WCBH3MONGZFTRFHNH4LJOPPK2I.jpg|https://media.getedealer.com/w_1280,h_960,q_90,c_l,v1/inventory/DYMI6FWC65F2JJSLTYZMXZYUKM.jpg|https://media.getedealer.com/w_1280,h_960,q_90,c_l,v1/inventory/IN3WPSHVKNBNHB7FUHAS27XRR4.jpg|https://media.getedealer.com/w_1280,h_960,q_90,c_l,v1/inventory/5YUP5DIB7RG4PE64UC27BG4HDI.jpg|https://media.getedealer.com/w_1280,h_960,q_90,c_l,v1/inventory/BPVQMYL2PZEUXOEXYOF3AZ7YYI.jpg|https://media.getedealer.com/w_1280,h_960,q_90,c_l,v1/inventory/4HJHYRG24ZDBRDEZE2CB2UE5XY.jpg|https://media.getedealer.com/w_1280,h_960,q_90,c_l,v1/inventory/3NDRCMCISZE4DMJGCPS247CFZU.jpg|https://media.getedealer.com/w_1280,h_960,q_90,c_l,v1/inventory/QR6L5JRUXVGUXBHRCTYMV5HRIE.jpg|https://media.getedealer.com/w_1280,h_960,q_90,c_l,v1/inventory/OE5ULWJS4FHY3JQU47YGCY62HU.jpg|https://media.getedealer.com/w_1280,h_960,q_90,c_l,v1/inventory/446RPHHXF5F6NEMPESUUSFAOHE.jpg|https://media.getedealer.com/w_1280,h_960,q_90,c_l,v1/inventory/CUTSBMC4AJC3ZBBO3E3N4H5UMI.jpg|https://media.getedealer.com/w_1280,h_960,q_90,c_l,v1/inventory/M365XZ4BU5BV3B2XSBEZ2QMTGU.jpg|https://media.getedealer.com/w_1280,h_960,q_90,c_l,v1/inventory/KSYYKURLAZC2PLZFXTWP7N35TM.jpg|https://media.getedealer.com/w_1280,h_960,q_90,c_l,v1/inventory/B6CLVDAYFZDRDP4LHMZX7LK4LI.jpg|https://media.getedealer.com/w_1280,h_960,q_90,c_l,v1/inventory/D76LSXEPFFB5ROU77LWNAG5J5Q.jpg|https://media.getedealer.com/w_1280,h_960,q_90,c_l,v1/inventory/VM4LW4EDTZGKVBPCIQBTV5CSSI.jpg|https://media.getedealer.com/w_1280,h_960,q_90,c_l,v1/inventory/M6PKVGKQHBGEBDG5QP2KXZ7K34.jpg|https://media.getedealer.com/w_1280,h_960,q_90,c_l,v1/inventory/LEKOCXQGQJFZTCIZZEPUMXOIVI.jpg|https://media.getedealer.com/w_1280,h_960,q_90,c_l,v1/inventory/KTPLXXH7OFFKNMK4ZZVOZIK2BA.jpg|https://media.getedealer.com/w_1280,h_960,q_90,c_l,v1/inventory/QCVOLGY3RJCYFIWP4QP4TQNXJY.jpg|https://media.getedealer.com/w_1280,h_960,q_90,c_l,v1/inventory/UXVWQ5LZA5E7RNNMQSEICMEO4A.jpg",10-02-2025 08:15,FALSE
